"1gram","Frequency","Total Tweets"
"的","120736","49498"
"国","52201","26171"
"中","50374","28284"
"在","44877","30775"
"日","37178","22463"
"一","37034","25910"
"人","30172","19474"
"年","29630","18779"
"美","28422","17163"
"大","27710","19971"
"是","22861","16990"
"和","20735","16380"
"上","20679","15914"
"了","20597","16008"
"新","20288","15017"
"月","20051","15308"
"國","19811","8118"
"出","19278","15097"
"有","19159","15099"
"不","18115","14022"
"本","18029","11207"
"为","16807","13561"
"能","15888","12116"
"行","15471","11929"
"成","15280","12342"
"以","15244","12899"
"家","14876","11793"
"公","14678","10909"
"来","14392","12044"
"发","13794","11053"
"这","13756","11616"
"对","13731","10954"
"高","13682","10718"
"将","13392","10726"
"地","13208","10099"
"下","13131","10694"
"到","12962","10980"
"市","12917","9470"
"全","12776","10265"
"生","12622","9582"
"加","12205","9557"
"期","11915","10044"
"最","11802","10052"
"业","11672","8010"
"会","11501","8696"
"前","11177","9849"
"多","11130","9487"
"个","10805","8857"
"元","10801","6741"
"可","10796","9024"
"用","10711","8112"
"动","10299","8086"
"工","10000","6961"
"部","9725","7765"
"时","9684","8112"
"司","9526","7143"
"海","9483","6056"
"商","9206","7585"
"要","9170","7776"
"表","9170","7937"
"政","9142","6989"
"于","9108","8086"
"增","9083","6287"
"度","9076","7227"
"天","9059","7134"
"方","9007","7353"
"机","8885","6205"
"外","8779","6877"
"现","8680","7493"
"台","8628","5119"
"长","8550","6767"
"民","8509","6299"
"开","8476","7158"
"特","8416","6262"
"斯","8413","5490"
"产","8390","6009"
"经","8337","6529"
"自","8302","6986"
"示","8291","7548"
"力","8289","7039"
"与","8280","7188"
"面","8155","6831"
"作","8126","6752"
"电","8025","4775"
"近","8009","7136"
"者","7989","6735"
"等","7980","6907"
"场","7932","6510"
"正","7900","7077"
"也","7893","7217"
"分","7869","6820"
"金","7857","5116"
"球","7842","5937"
"南","7835","6255"
"后","7793","7004"
"过","7771","6861"
"之","7710","6909"
"资","7703","5404"
"通","7633","6202"
"数","7615","5994"
"入","7593","6457"
"至","7580","6589"
"重","7481","6412"
"股","7467","4352"
"合","7438","6084"
"利","7410","5850"
"制","7387","5940"
"同","7381","6213"
"关","7357","6080"
"次","7335","6140"
"主","7335","6330"
"已","7322","6724"
"进","7314","6350"
"其","7299","6561"
"化","7211","5556"
"比","7145","5567"
"首","7007","5937"
"他","6957","5537"
"量","6835","5077"
"但","6767","6453"
"报","6756","6099"
"价","6755","4782"
"交","6719","5374"
"情","6694","5782"
"品","6571","4745"
"平","6559","5381"
"企","6525","4520"
"体","6505","5105"
"法","6492","4934"
"布","6467","5779"
"周","6458","5592"
"车","6384","3307"
"口","6321","4333"
"三","6290","5275"
"提","6267","5520"
"西","6191","4644"
"投","6177","4647"
"星","6163","4781"
"持","6107","5359"
"计","6084","5174"
"第","6074","5042"
"受","6014","5515"
"事","5989","5089"
"起","5951","5308"
"文","5915","4169"
"定","5893","5185"
"小","5839","4551"
"名","5824","4850"
"而","5782","5340"
"被","5720","5055"
"员","5698","4535"
"果","5696","4482"
"相","5685","5086"
"得","5575","5019"
"今","5566","5129"
"达","5546","4688"
"技","5534","4409"
"马","5516","3954"
"水","5405","3894"
"如","5379","4819"
"向","5365","4778"
"总","5360","4503"
"心","5352","4687"
"展","5348","4448"
"指","5345","4150"
"万","5330","3930"
"理","5316","4382"
"说","5314","4807"
"收","5283","4172"
"世","5276","4177"
"就","5249","4702"
"道","5197","4539"
"界","5184","4321"
"更","5181","4491"
"及","5153","4728"
"应","5131","4413"
"疫","5118","3419"
"导","5105","4038"
"内","5102","4550"
"并","5083","4809"
"手","5054","4076"
"造","5046","4386"
"因","5017","4596"
"接","5016","4292"
"们","5004","4055"
"亚","4987","3895"
"子","4982","3881"
"目","4974","4458"
"代","4972","4067"
"為","4950","3773"
"安","4935","3924"
"物","4930","3577"
"此","4908","4637"
"统","4889","4092"
"普","4887","3850"
"科","4851","3884"
"超","4845","4109"
"都","4788","4259"
"学","4786","3141"
"实","4784","4240"
"發","4760","3175"
"性","4753","4030"
"格","4742","3773"
"亿","4720","3290"
"间","4694","4195"
"北","4636","3611"
"推","4627","4165"
"明","4625","4070"
"府","4619","4015"
"克","4588","3487"
"位","4582","4047"
"消","4568","3855"
"济","4537","3366"
"该","4520","3992"
"半","4517","3182"
"从","4516","4157"
"求","4515","3982"
"务","4495","3709"
"里","4469","3730"
"影","4409","3692"
"使","4399","3906"
"空","4368","3106"
"据","4341","3813"
"预","4326","3612"
"着","4313","3914"
"当","4309","3928"
"會","4308","2561"
"续","4300","3921"
"两","4297","3792"
"建","4296","3400"
"约","4259","3643"
"所","4221","3814"
"拉","4216","3185"
"看","4213","3664"
"供","4211","3586"
"易","4187","3352"
"京","4159","3093"
"意","4157","3757"
"型","4143","3240"
"來","4130","3345"
"式","4111","3595"
"客","4102","2975"
"称","4079","3813"
"强","4075","3660"
"管","4071","3453"
"我","4054","3040"
"山","4048","2648"
"些","4043","3535"
"然","4039","3609"
"需","4039","3529"
"种","3988","3127"
"去","3964","3609"
"升","3942","3493"
"尔","3937","3150"
"降","3927","3119"
"好","3924","3437"
"二","3914","3386"
"英","3909","2825"
"少","3906","3397"
"巴","3900","2490"
"原","3892","3325"
"联","3889","3236"
"基","3879","3178"
"华","3876","3093"
"运","3858","2773"
"回","3836","3373"
"航","3821","2093"
"率","3819","2925"
"东","3814","2993"
"放","3796","3273"
"保","3783","3210"
"病","3763","2258"
"系","3738","3173"
"引","3738","3519"
"由","3732","3539"
"区","3729","3129"
"售","3724","2935"
"涨","3720","2419"
"低","3719","3217"
"还","3710","3471"
"局","3682","3252"
"创","3673","3229"
"士","3668","3002"
"议","3642","2967"
"调","3636","3117"
"汽","3635","2234"
"片","3586","2688"
"战","3583","2947"
"洋","3558","3300"
"朗","3550","2546"
"越","3549","2174"
"源","3546","2944"
"未","3541","3304"
"流","3503","2951"
"点","3495","3010"
"冠","3458","2853"
"洲","3432","2507"
"立","3429","2918"
"將","3413","2467"
"州","3409","2541"
"俄","3408","1961"
"信","3406","2788"
"设","3405","2744"
"施","3399","2964"
"网","3384","2773"
"件","3336","2752"
"業","3330","2006"
"活","3323","2859"
"對","3318","2351"
"共","3310","2814"
"長","3304","2228"
"湾","3303","2107"
"集","3295","2785"
"息","3281","2793"
"任","3273","2677"
"模","3267","2672"
"四","3255","2906"
"取","3245","2987"
"选","3240","2340"
"反","3228","2848"
"感","3223","2737"
"解","3220","2918"
"程","3150","2722"
"值","3139","2483"
"支","3137","2691"
"头","3128","2857"
"再","3123","2915"
"路","3119","2397"
"研","3117","2467"
"罗","3117","2179"
"费","3111","2498"
"变","3095","2631"
"际","3092","2804"
"风","3089","2560"
"時","3071","2437"
"德","3053","2371"
"无","3051","2676"
"動","3051","2286"
"显","3042","2846"
"境","3039","2398"
"打","3037","2726"
"问","3027","2677"
"始","3019","2844"
"開","3014","2320"
"游","3001","1905"
"港","2944","1650"
"智","2938","2327"
"速","2932","2532"
"社","2923","2522"
"火","2916","2106"
"欧","2886","1906"
"视","2877","2368"
"领","2860","2509"
"官","2853","2586"
"器","2835","1933"
"步","2834","2592"
"跌","2833","1851"
"十","2828","2377"
"气","2827","2117"
"告","2809","2499"
"各","2792","2532"
"币","2783","1778"
"争","2775","2480"
"认","2773","2589"
"油","2771","1564"
"色","2769","2147"
"致","2759","2617"
"或","2751","2530"
"米","2746","1822"
"列","2737","2198"
"货","2733","2104"
"非","2731","2333"
"备","2727","2360"
"宣","2721","2576"
"何","2718","2382"
"题","2716","2432"
"季","2713","2201"
"機","2705","1553"
"划","2696","2433"
"五","2696","2394"
"花","2695","1711"
"举","2680","2405"
"幅","2656","2282"
"席","2651","2238"
"印","2651","1670"
"光","2645","1962"
"只","2637","2395"
"與","2630","2119"
"直","2623","2416"
"景","2614","2261"
"势","2613","2384"
"院","2607","2025"
"减","2604","2083"
"令","2599","2309"
"让","2586","2429"
"团","2577","2146"
"常","2565","2299"
"军","2558","1833"
"包","2556","2327"
"進","2544","2040"
"项","2541","2251"
"走","2538","2299"
"場","2535","1939"
"田","2531","1512"
"域","2526","2230"
"响","2522","2372"
"城","2519","1853"
"查","2518","2075"
"份","2509","2175"
"标","2505","2205"
"销","2494","1951"
"治","2488","2144"
"很","2483","2252"
"史","2481","2231"
"於","2472","2131"
"策","2472","2134"
"關","2471","1739"
"友","2471","2151"
"菲","2466","1500"
"没","2463","2258"
"存","2450","2036"
"香","2448","1608"
"這","2434","2065"
"你","2429","1889"
"知","2429","2209"
"门","2413","2052"
"每","2409","2165"
"快","2408","2187"
"击","2365","2133"
"體","2363","1629"
"阿","2358","1746"
"尼","2358","1703"
"個","2356","1867"
"结","2350","2168"
"停","2346","1969"
"食","2345","1688"
"現","2344","1963"
"究","2339","1946"
"望","2333","2190"
"警","2329","1902"
"款","2325","1888"
"料","2319","1804"
"身","2318","2101"
"電","2313","1135"
"术","2311","1906"
"旅","2305","1586"
"票","2299","1633"
"言","2296","2040"
"破","2295","2015"
"太","2283","1878"
"春","2279","1462"
"功","2276","1867"
"节","2271","1766"
"防","2263","1894"
"車","2255","1079"
"复","2251","1970"
"深","2247","1908"
"带","2247","2095"
"律","2245","1610"
"传","2240","1952"
"决","2237","2006"
"限","2235","1966"
"兰","2220","1689"
"购","2209","1803"
"服","2207","1777"
"级","2205","1949"
"苹","2204","1536"
"巨","2202","2069"
"萬","2195","1380"
"连","2191","1987"
"控","2181","1938"
"坡","2177","1678"
"规","2169","1967"
"象","2149","1915"
"准","2147","1960"
"财","2131","1695"
"福","2130","1618"
"江","2097","1416"
"女","2088","1530"
"单","2084","1776"
"处","2075","1832"
"改","2075","1855"
"經","2075","1545"
"完","2071","1869"
"组","2071","1757"
"河","2058","1400"
"历","2054","1882"
"助","2051","1859"
"做","2044","1851"
"案","2041","1685"
"仍","2036","1936"
"苗","2026","1206"
"韩","2025","1290"
"额","2023","1679"
"排","2009","1557"
"转","2004","1801"
"省","2004","1723"
"突","2003","1833"
"清","2002","1651"
"想","2002","1794"
"黄","1996","1442"
"整","1993","1846"
"老","1985","1524"
"专","1984","1801"
"众","1976","1774"
"么","1974","1691"
"热","1968","1731"
"止","1965","1771"
"厂","1962","1429"
"伊","1956","1213"
"获","1949","1818"
"许","1944","1825"
"間","1939","1705"
"古","1936","1350"
"几","1935","1833"
"白","1931","1518"
"例","1931","1492"
"构","1918","1744"
"税","1918","1258"
"观","1916","1701"
"字","1908","1381"
"過","1894","1629"
"论","1892","1692"
"具","1891","1714"
"即","1883","1824"
"注","1872","1770"
"飞","1872","1295"
"演","1871","1526"
"東","1867","1279"
"根","1866","1733"
"核","1858","1319"
"達","1855","1416"
"房","1853","1170"
"運","1852","1125"
"卡","1850","1440"
"先","1848","1681"
"往","1847","1530"
"测","1847","1525"
"失","1839","1651"
"店","1830","1198"
"媒","1821","1656"
"营","1816","1551"
"随","1815","1777"
"站","1815","1380"
"确","1812","1692"
"博","1807","1358"
"雪","1802","963"
"學","1796","1009"
"采","1796","1639"
"把","1794","1671"
"波","1791","1522"
"险","1785","1590"
"担","1782","1678"
"密","1780","1471"
"神","1778","1459"
"融","1772","1460"
"資","1770","1061"
"早","1767","1591"
"银","1765","1278"
"给","1764","1666"
"储","1762","1301"
"土","1760","1329"
"區","1757","1281"
"總","1756","1294"
"後","1754","1520"
"难","1753","1611"
"石","1749","1251"
"户","1744","1458"
"底","1739","1584"
"措","1739","1587"
"吉","1730","1340"
"迎","1720","1594"
"权","1720","1468"
"百","1717","1489"
"芯","1717","1207"
"线","1716","1446"
"样","1712","1598"
"协","1705","1473"
"均","1704","1480"
"陆","1703","1344"
"它","1702","1534"
"內","1686","1381"
"泰","1684","1038"
"队","1682","1363"
"落","1680","1549"
"形","1677","1487"
"初","1672","1547"
"访","1671","1425"
"富","1665","1317"
"考","1664","1363"
"算","1661","1321"
"委","1653","1287"
"批","1652","1477"
"临","1648","1560"
"林","1647","1266"
"积","1645","1300"
"证","1632","1424"
"零","1630","1339"
"船","1629","970"
"價","1625","962"
"效","1623","1469"
"党","1619","993"
"故","1614","1405"
"數","1614","1189"
"那","1609","1479"
"短","1605","1377"
"除","1603","1519"
"盟","1603","1171"
"赛","1602","1019"
"牌","1598","1246"
"频","1598","1348"
"裁","1594","1227"
"産","1592","916"
"师","1586","1405"
"希","1574","1458"
"又","1570","1455"
"六","1569","1427"
"實","1566","1306"
"教","1561","1183"
"记","1561","1409"
"析","1560","1469"
"央","1559","1212"
"威","1554","1337"
"贸","1552","1224"
"继","1550","1503"
"离","1546","1375"
"试","1545","1296"
"竞","1541","1380"
"什","1539","1362"
"容","1535","1357"
"華","1535","1076"
"宾","1531","1043"
"广","1530","1313"
"倍","1529","1297"
"断","1528","1408"
"软","1528","1229"
"池","1527","868"
"足","1526","1394"
"参","1526","1344"
"括","1522","1493"
"紧","1519","1437"
"况","1512","1449"
"益","1510","1379"
"沙","1506","1041"
"态","1501","1365"
"免","1498","1270"
"當","1488","1311"
"味","1486","1240"
"张","1486","1340"
"居","1486","1283"
"哈","1484","1074"
"微","1477","1203"
"严","1474","1397"
"见","1469","1384"
"登","1458","1223"
"号","1455","1168"
"精","1447","1327"
"音","1445","1054"
"否","1445","1349"
"装","1443","1147"
"計","1436","1159"
"族","1435","971"
"谷","1433","1092"
"则","1431","1366"
"億","1430","906"
"买","1429","1203"
"图","1429","1228"
"班","1428","1042"
"晚","1425","1252"
"務","1425","1021"
"岛","1422","1061"
"别","1419","1322"
"真","1418","1285"
"青","1418","1024"
"千","1415","1207"
"從","1411","1230"
"伟","1407","1065"
"候","1403","1202"
"露","1402","1317"
"仅","1402","1286"
"抗","1394","1129"
"类","1393","1217"
"岸","1392","1057"
"满","1391","1200"
"奥","1385","951"
"死","1384","1158"
"极","1383","1202"
"端","1377","1149"
"依","1372","1264"
"冲","1368","1246"
"略","1354","1238"
"射","1352","825"
"據","1349","1180"
"乌","1346","991"
"統","1340","1021"
"己","1337","1204"
"办","1327","1170"
"段","1324","1199"
"压","1322","1218"
"必","1317","1211"
"执","1317","1228"
"員","1316","1006"
"群","1315","1142"
"习","1315","1069"
"索","1311","1011"
"住","1310","1121"
"產","1308","872"
"扩","1306","1230"
"岁","1306","1051"
"纳","1305","1141"
"才","1303","1174"
"激","1302","1226"
"藏","1297","852"
"震","1295","847"
"導","1294","890"
"街","1292","1138"
"午","1288","1111"
"約","1285","989"
"付","1285","1074"
"纪","1284","1149"
"录","1283","1142"
"亞","1280","802"
"透","1279","1226"
"护","1278","1080"
"王","1272","1005"
"歌","1270","922"
"维","1267","1126"
"際","1263","998"
"承","1262","1166"
"曾","1259","1208"
"像","1254","1098"
"禁","1252","1029"
"卫","1250","1002"
"毒","1248","884"
"川","1245","865"
"胀","1243","987"
"话","1241","1106"
"暴","1238","1078"
"武","1237","943"
"命","1233","1091"
"遊","1232","718"
"遇","1229","1131"
"退","1227","1054"
"黑","1225","1011"
"危","1221","1096"
"吃","1220","942"
"边","1220","1032"
"迪","1220","844"
"盛","1217","1073"
"設","1213","912"
"缺","1213","1084"
"红","1209","967"
"龙","1206","875"
"聯","1203","844"
"乐","1201","1006"
"环","1198","1074"
"监","1196","1046"
"独","1194","1089"
"舉","1193","1011"
"冰","1191","616"
"双","1188","1001"
"温","1181","1010"
"點","1176","945"
"农","1175","886"
"质","1173","1048"
"節","1173","774"
"终","1171","1109"
"架","1167","974"
"夏","1166","857"
"配","1163","1019"
"声","1162","1036"
"遭","1162","1112"
"移","1161","956"
"吸","1161","1083"
"她","1161","831"
"验","1159","1002"
"留","1157","998"
"背","1156","1084"
"缓","1148","1046"
"續","1144","999"
"丰","1143","821"
"爆","1140","1022"
"野","1136","907"
"亡","1136","997"
"湖","1132","683"
"判","1130","959"
"澳","1129","673"
"著","1129","1024"
"康","1129","944"
"互","1125","947"
"瑞","1122","832"
"眼","1121","977"
"兩","1120","869"
"云","1118","825"
"拿","1118","919"
"創","1115","902"
"待","1112","1052"
"苏","1111","971"
"送","1109","919"
"延","1108","1010"
"旗","1100","974"
"谈","1098","956"
"潮","1096","931"
"餐","1092","755"
"似","1090","1046"
"酒","1086","642"
"且","1085","1064"
"较","1085","1029"
"晶","1083","760"
"条","1082","980"
"網","1081","860"
"們","1081","845"
"預","1077","826"
"奇","1075","988"
"急","1072","985"
"幕","1072","945"
"戰","1068","714"
"医","1068","781"
"染","1067","817"
"启","1065","1010"
"闻","1064","1003"
"尽","1064","1039"
"育","1062","821"
"远","1058","938"
"评","1057","968"
"應","1053","895"
"乎","1051","1019"
"优","1049","919"
"馬","1046","611"
"针","1039","967"
"置","1034","907"
"轻","1034","891"
"占","1034","920"
"座","1031","869"
"記","1031","816"
"材","1030","809"
"园","1030","788"
"检","1028","814"
"涉","1027","937"
"假","1023","845"
"照","1017","901"
"健","1014","858"
"弹","1010","825"
"問","1009","806"
"松","1007","764"
"爱","1004","852"
"铁","1003","646"
"強","1002","850"
"润","1001","769"
"男","999","811"
"救","998","750"
"链","996","892"
"版","995","835"
"盘","992","836"
"塔","991","767"
"请","989","869"
"忧","989","956"
"便","988","895"
"画","982","735"
"截","982","945"
"板","981","779"
"滑","979","817"
"却","976","952"
"征","971","827"
"追","969","891"
"素","967","876"
"书","967","773"
"村","965","665"
"副","964","883"
"估","960","871"
"朝","959","651"
"挑","958","905"
"封","958","806"
"署","955","856"
"轮","955","831"
"职","953","811"
"债","953","638"
"促","952","906"
"峰","950","797"
"烈","949","903"
"念","949","758"
"状","946","878"
"術","942","693"
"濟","938","696"
"县","932","760"
"夜","931","765"
"風","928","748"
"药","927","567"
"剧","924","856"
"爾","922","620"
"鐵","919","405"
"属","917","824"
"织","915","833"
"呼","909","853"
"秋","908","601"
"义","906","783"
"库","904","696"
"漲","903","538"
"稳","902","838"
"切","896","844"
"恢","896","804"
"賽","896","455"
"跨","890","731"
"觀","888","737"
"播","888","763"
"探","887","756"
"充","886","759"
"哪","885","706"
"负","884","817"
"報","883","712"
"载","879","719"
"角","879","778"
"稅","878","430"
"組","875","636"
"束","875","835"
"刻","873","789"
"鲜","873","639"
"干","873","751"
"差","872","723"
"雨","870","672"
"孩","870","708"
"訪","866","662"
"李","865","656"
"坦","864","659"
"銷","863","538"
"號","860","528"
"邦","855","751"
"廣","854","579"
"兴","853","754"
"夫","849","659"
"另","849","838"
"享","849","806"
"調","848","653"
"援","846","704"
"團","843","664"
"拍","843","689"
"避","841","800"
"肉","840","537"
"纷","839","472"
"申","836","719"
"領","833","678"
"诉","833","727"
"疑","833","770"
"拜","833","681"
"围","832","804"
"貨","829","554"
"習","829","491"
"亮","825","718"
"傳","824","654"
"菜","819","483"
"儿","818","664"
"舞","817","593"
"勒","817","656"
"冬","816","605"
"责","816","749"
"暂","814","767"
"寻","812","786"
"木","811","608"
"缩","810","733"
"歷","808","698"
"须","804","746"
"鱼","802","449"
"室","802","713"
"飛","801","443"
"疆","798","544"
"层","796","695"
"抵","796","720"
"九","794","638"
"语","793","571"
"門","792","564"
"八","792","669"
"察","790","675"
"軍","788","536"
"汇","784","574"
"输","780","670"
"議","780","549"
"愿","780","704"
"卖","779","656"
"製","779","583"
"乘","776","630"
"累","776","694"
"络","775","669"
"损","774","699"
"隔","773","680"
"映","772","700"
"吗","770","734"
"母","767","636"
"氣","766","544"
"熊","766","387"
"哥","766","602"
"喜","764","692"
"害","764","710"
"燃","763","592"
"签","761","633"
"線","760","531"
"稱","756","689"
"七","754","641"
"連","753","635"
"困","753","710"
"识","749","684"
"键","749","723"
"写","748","688"
"標","741","632"
"迷","739","682"
"虑","739","722"
"久","738","662"
"庭","737","607"
"無","736","602"
"跳","736","609"
"绝","734","699"
"校","734","548"
"逐","733","709"
"浪","731","641"
"善","731","689"
"還","729","688"
"灾","729","525"
"牛","728","486"
"彩","728","575"
"漫","727","601"
"右","725","679"
"伤","724","645"
"返","723","642"
"祝","722","606"
"額","721","521"
"补","719","595"
"宝","715","512"
"志","713","654"
"級","711","567"
"馆","708","529"
"聚","706","629"
"隊","703","480"
"疗","703","519"
"劳","701","586"
"並","699","655"
"黎","699","535"
"甚","698","689"
"找","697","654"
"仁","697","552"
"阳","696","549"
"欢","694","647"
"翻","692","604"
"左","690","650"
"種","688","534"
"黃","687","433"
"钱","686","565"
"讨","685","647"
"視","684","575"
"伯","683","600"
"歐","683","410"
"蒙","679","537"
"雷","678","554"
"虽","677","671"
"辆","677","517"
"跟","676","629"
"費","676","454"
"摩","676","551"
"佳","676","583"
"按","675","619"
"症","675","480"
"戏","670","457"
"思","669","580"
"題","669","568"
"陷","669","645"
"细","668","551"
"若","668","614"
"努","666","640"
"序","665","616"
"減","664","487"
"订","663","518"
"義","660","404"
"滿","660","535"
"該","659","608"
"袭","656","580"
"頭","656","569"
"備","652","521"
"龍","650","389"
"攻","648","592"
"灣","648","406"
"跑","647","520"
"穿","646","562"
"亲","641","545"
"草","641","458"
"述","640","605"
"修","638","562"
"诺","638","580"
"規","637","511"
"胜","637","583"
"拥","637","617"
"認","636","581"
"典","636","522"
"顯","635","587"
"變","634","521"
"選","634","463"
"够","633","608"
"卷","633","568"
"勢","633","548"
"單","632","471"
"阻","632","608"
"净","632","514"
"採","632","540"
"绩","631","557"
"散","631","562"
"辦","630","493"
"裝","629","444"
"幣","628","378"
"赖","628","563"
"伴","628","590"
"見","626","514"
"障","625","576"
"庆","624","509"
"宫","623","490"
"脑","622","508"
"刚","622","435"
"倒","620","571"
"弱","619","592"
"券","615","479"
"招","614","525"
"届","613","550"
"佛","612","481"
"尚","612","565"
"論","611","480"
"載","610","438"
"決","609","479"
"麦","609","434"
"雄","605","551"
"距","604","556"
"雙","603","469"
"玩","603","493"
"丹","602","480"
"營","601","445"
"派","600","525"
"貿","599","373"
"衛","597","301"
"堂","597","475"
"帶","595","516"
"轉","594","503"
"振","594","550"
"择","593","558"
"舟","592","366"
"爭","591","469"
"樣","591","510"
"革","591","505"
"纯","590","450"
"縣","586","449"
"码","585","479"
"驗","584","425"
"結","583","511"
"范","582","558"
"坚","581","542"
"迅","581","549"
"混","579","504"
"森","579","471"
"豐","579","369"
"態","578","455"
"侵","578","508"
"饮","576","448"
"恐","575","488"
"碳","575","377"
"處","575","487"
"邊","573","452"
"塞","573","438"
"眾","572","493"
"帮","571","535"
"迫","570","553"
"專","569","470"
"童","569","471"
"换","567","521"
"审","566","504"
"羅","566","362"
"劲","563","543"
"惊","560","532"
"捕","560","469"
"附","557","529"
"瓦","557","442"
"含","557","523"
"熱","556","484"
"聞","556","507"
"參","556","452"
"墨","554","405"
"私","553","489"
"良","552","487"
"杯","552","392"
"患","552","455"
"荷","551","391"
"稀","550","350"
"秘","549","485"
"兵","548","442"
"闭","548","497"
"讯","547","461"
"介","547","526"
"异","546","487"
"驻","546","492"
"購","544","378"
"護","543","413"
"項","542","420"
"逾","542","508"
"園","542","382"
"圆","542","418"
"赴","541","483"
"脱","540","495"
"屆","539","423"
"胁","538","512"
"暖","538","472"
"遗","535","413"
"牙","535","401"
"贴","534","417"
"構","533","446"
"觉","531","489"
"廠","530","385"
"怎","528","497"
"余","527","474"
"适","527","495"
"畫","527","396"
"繁","526","477"
"搭","525","480"
"韓","525","276"
"咖","525","290"
"犯","525","445"
"測","524","377"
"宜","524","456"
"借","524","504"
"讓","523","478"
"永","522","439"
"罪","522","412"
"蛋","520","313"
"套","518","435"
"养","518","406"
"茶","518","259"
"末","517","479"
"鸡","517","297"
"奖","517","362"
"读","516","466"
"靠","515","484"
"館","515","334"
"汉","515","382"
"烏","514","254"
"莫","514","460"
"晨","513","478"
"答","513","457"
"础","513","494"
"驶","511","380"
"宽","510","475"
"薪","510","365"
"趋","510","499"
"血","508","413"
"顾","508","477"
"简","507","467"
"董","506","423"
"逊","506","404"
"守","505","464"
"笔","505","437"
"紀","503","375"
"敦","503","439"
"伦","503","451"
"談","502","378"
"植","501","391"
"曼","501","410"
"陸","500","357"
"阶","500","464"
"逆","499","409"
"箭","498","328"
"摄","495","394"
"迹","495","474"
"顶","494","453"
"粉","494","393"
"說","494","440"
"慶","492","319"
"雅","491","402"
"獲","490","416"
"诊","490","403"
"雲","488","322"
"樂","487","345"
"硬","484","431"
"萨","483","385"
"啡","482","261"
"奧","481","273"
"贵","480","423"
"听","480","405"
"趣","480","464"
"顿","477","445"
"協","475","384"
"啟","475","416"
"贷","475","364"
"固","474","410"
"撤","474","416"
"艘","473","370"
"飙","471","461"
"夺","471","432"
"释","470","425"
"宗","470","380"
"話","470","388"
"潜","470","425"
"桥","470","294"
"紅","469","337"
"吁","469","460"
"劃","467","400"
"休","466","392"
"農","466","288"
"響","466","425"
"顺","466","428"
"召","466","434"
"授","465","428"
"艺","465","369"
"籍","465","382"
"泛","465","454"
"猫","463","245"
"愛","463","357"
"昨","463","438"
"秀","463","396"
"書","462","345"
"洛","462","357"
"托","461","390"
"楼","460","348"
"违","460","413"
"锁","459","429"
"極","458","367"
"環","457","363"
"積","457","367"
"冷","457","394"
"尤","456","447"
"尖","455","406"
"試","455","307"
"裡","455","388"
"盈","455","381"
"別","454","412"
"驾","454","339"
"伙","453","423"
"纽","453","405"
"树","452","324"
"归","452","419"
"剂","451","346"
"搜","449","374"
"箱","446","318"
"銀","446","281"
"操","446","391"
"焦","445","420"
"胞","443","306"
"凌","442","397"
"權","442","297"
"質","442","352"
"呈","442","425"
"丽","441","365"
"沉","441","399"
"炸","441","366"
"黨","441","257"
"允","438","416"
"豆","437","283"
"触","436","405"
"僅","435","402"
"巡","435","332"
"陈","435","387"
"復","433","328"
"虎","432","238"
"宇","431","348"
"隨","430","416"
"戴","430","354"
"洪","428","342"
"姆","428","349"
"擊","426","334"
"掌","425","405"
"朋","424","380"
"误","424","381"
"恩","423","337"
"坐","422","386"
"維","422","328"
"折","422","373"
"恶","422","403"
"慧","420","365"
"幸","419","372"
"贝","419","341"
"歲","418","351"
"買","417","311"
"圈","417","351"
"勋","416","331"
"杂","416","390"
"類","415","324"
"準","415","361"
"魅","415","399"
"错","413","376"
"秒","412","374"
"織","412","317"
"泡","411","278"
"證","411","338"
"沒","410","383"
"梅","410","306"
"衣","408","297"
"绿","408","344"
"島","408","268"
"萌","408","355"
"替","407","378"
"讲","407","362"
"慢","404","347"
"乱","404","388"
"蘭","403","280"
"矿","402","258"
"嫌","400","352"
"盖","399","355"
"宁","399","332"
"津","399","270"
"隐","397","369"
"拟","397","352"
"练","396","346"
"甲","396","303"
"條","396","318"
"衡","396","367"
"饭","395","271"
"埃","395","318"
"財","395","286"
"遺","394","251"
"迟","394","342"
"擴","392","342"
"渐","392","355"
"耳","391","287"
"败","390","370"
"優","388","335"
"钟","387","342"
"獨","386","336"
"酸","386","290"
"鲁","386","313"
"衰","386","343"
"珠","385","272"
"液","385","298"
"礼","384","306"
"兼","384","372"
"曲","383","313"
"赢","382","369"
"張","381","302"
"丝","380","304"
"鼓","380","339"
"遍","380","368"
"娃","380","315"
"途","379","360"
"刷","378","338"
"厚","378","354"
"榜","378","307"
"默","378","295"
"隆","377","323"
"竟","376","373"
"膨","376","348"
"毛","376","309"
"皮","376","299"
"輪","376","261"
"悉","376","368"
"給","375","342"
"祖","373","306"
"胡","372","303"
"章","372","324"
"刺","372","345"
"駐","371","279"
"麼","371","320"
"聲","371","320"
"乡","370","300"
"圳","370","278"
"屋","370","282"
"骨","368","283"
"較","368","343"
"坏","368","356"
"錄","367","301"
"撞","367","310"
"训","366","318"
"缘","366","346"
"糖","365","234"
"蓝","365","299"
"難","365","319"
"弃","365","337"
"鄉","364","264"
"厅","364","318"
"覆","362","340"
"罕","361","339"
"匯","361","247"
"兑","361","257"
"魚","360","181"
"唱","360","279"
"梦","359","305"
"腾","359","291"
"课","359","313"
"藝","359","251"
"押","358","337"
"佩","358","292"
"削","358","341"
"般","357","353"
"圖","357","300"
"父","356","298"
"惠","355","315"
"毅","355","268"
"競","355","301"
"圣","354","286"
"挥","353","328"
"株","353","278"
"伏","351","241"
"斷","350","323"
"橋","350","171"
"吨","348","266"
"玉","348","277"
"佈","347","316"
"摘","347","333"
"豪","346","304"
"佔","346","302"
"沿","345","325"
"醒","345","324"
"吧","345","331"
"興","345","258"
"旦","345","310"
"舰","345","260"
"偉","345","209"
"浙","344","271"
"奶","344","195"
"苦","344","307"
"繼","343","322"
"镜","343","279"
"邀","343","328"
"確","341","320"
"枪","341","235"
"塑","340","261"
"概","340","310"
"肯","340","303"
"扎","339","293"
"寶","338","220"
"遠","337","292"
"块","337","294"
"順","337","280"
"镇","337","288"
"斗","337","303"
"溫","336","274"
"绕","336","324"
"辉","336","303"
"杀","336","303"
"栏","336","329"
"奔","336","304"
"沃","336","271"
"钢","336","226"
"麗","334","261"
"婚","334","199"
"陽","333","251"
"俗","333","284"
"係","333","263"
"離","330","272"
"摆","330","317"
"予","329","321"
"暗","329","314"
"寧","329","241"
"癌","329","161"
"烧","328","271"
"培","327","290"
"圓","327","260"
"烟","326","241"
"杜","326","255"
"輛","325","219"
"旧","325","303"
"粮","325","225"
"語","324","245"
"披","324","300"
"旨","324","320"
"穩","323","278"
"租","323","216"
"筑","323","277"
"泳","323","161"
"輸","322","225"
"疾","320","283"
"麻","318","237"
"宅","318","244"
"熟","317","294"
"荡","317","300"
"编","315","271"
"符","314","298"
"罚","314","261"
"揭","313","295"
"險","312","260"
"唯","311","302"
"灵","311","283"
"握","310","299"
"洞","310","221"
"寒","309","251"
"剩","307","279"
"灯","307","212"
"頻","307","277"
"歡","306","266"
"狂","306","288"
"拖","306","292"
"屏","305","256"
"呢","305","292"
"醫","304","156"
"贬","303","224"
"疲","302","293"
"甸","302","193"
"框","301","261"
"寨","301","204"
"抢","301","284"
"則","301","269"
"忙","301","277"
"耗","301","267"
"拒","299","288"
"蘇","299","200"
"骗","299","200"
"師","298","242"
"圍","298","276"
"某","298","282"
"抓","297","272"
"勝","297","245"
"臨","296","270"
"峡","295","251"
"裂","295","266"
"锡","295","238"
"综","294","280"
"郑","294","227"
"叫","293","272"
"堅","293","254"
"硅","293","239"
"荣","293","265"
"浮","292","249"
"纸","292","229"
"榴","292","153"
"绪","291","280"
"執","291","229"
"迈","290","278"
"羊","289","189"
"涌","289","275"
"評","289","260"
"踪","289","261"
"赏","288","248"
"齐","287","250"
"乏","286","280"
"鸟","285","178"
"旬","285","262"
"緊","284","246"
"驱","284","271"
"愈","283","223"
"档","283","231"
"偏","283","259"
"請","283","251"
"哲","282","215"
"拓","280","257"
"猛","280","272"
"況","280","269"
"岩","280","207"
"氧","280","206"
"兒","279","225"
"層","278","212"
"汤","278","189"
"尾","278","242"
"词","278","232"
"添","278","259"
"莱","277","251"
"攀","277","265"
"诈","276","206"
"宏","275","254"
"脚","275","249"
"終","275","255"
"淡","275","244"
"泉","275","202"
"跃","275","262"
"嘉","274","223"
"霍","274","229"
"掉","274","257"
"儲","274","180"
"壁","274","237"
"堆","274","199"
"轨","274","237"
"吒","274","141"
"甘","272","222"
"洗","272","217"
"筹","272","254"
"昌","272","226"
"龄","272","228"
"床","272","211"
"聘","271","224"
"郭","271","215"
"阅","271","231"
"仿","270","248"
"肥","270","193"
"账","270","223"
"罩","270","201"
"督","269","253"
"既","268","264"
"扰","268","259"
"挫","267","260"
"碍","266","257"
"戶","266","206"
"谁","266","245"
"潤","266","163"
"夕","266","253"
"踏","265","235"
"怀","265","254"
"劇","265","206"
"柬","265","157"
"戎","265","222"
"陵","264","170"
"杭","264","197"
"負","264","228"
"痛","264","230"
"励","264","239"
"珍","264","230"
"忘","264","240"
"徽","263","184"
"耐","262","224"
"笑","260","230"
"垄","259","223"
"拆","258","202"
"願","258","222"
"览","257","216"
"浓","257","227"
"锂","257","155"
"瓜","256","168"
"井","256","195"
"葡","256","170"
"噸","255","178"
"丁","255","229"
"旺","255","210"
"鸿","255","203"
"枚","254","206"
"鏈","254","186"
"怕","254","238"
"綠","254","189"
"徵","254","194"
"静","253","228"
"梁","253","193"
"赶","253","245"
"拼","252","219"
"輕","252","214"
"慎","252","245"
"废","251","200"
"擔","251","221"
"诞","251","208"
"蓄","251","195"
"幻","251","211"
"抱","251","233"
"壇","250","181"
"抛","250","242"
"蒂","250","224"
"妈","250","108"
"缅","250","153"
"蘋","249","129"
"薩","249","165"
"滨","249","162"
"铜","248","163"
"尝","248","227"
"鋼","247","152"
"魔","247","209"
"彭","247","223"
"绍","247","240"
"壓","246","215"
"甜","246","195"
"番","246","213"
"毫","246","222"
"亏","246","204"
"凸","245","243"
"柔","244","205"
"簽","244","169"
"坛","244","209"
"蛇","244","156"
"仪","243","210"
"挺","243","234"
"渔","243","168"
"阵","242","209"
"诗","242","194"
"唐","242","189"
"鎮","242","185"
"庫","242","174"
"鲍","242","195"
"雇","242","217"
"篇","241","219"
"刑","241","199"
"赞","240","227"
"紐","238","186"
"賓","238","171"
"玛","238","191"
"萄","238","160"
"卢","238","186"
"屬","237","209"
"裔","237","162"
"盤","236","182"
"暑","235","157"
"宿","235","181"
"餘","235","202"
"句","235","215"
"巧","235","202"
"邮","235","171"
"杨","234","181"
"逃","234","220"
"祥","234","190"
"埔","234","162"
"氏","233","193"
"恒","233","163"
"狗","233","132"
"逼","232","225"
"樹","232","163"
"梿","232","115"
"斤","231","174"
"仙","231","175"
"讼","231","197"
"燈","230","125"
"撼","230","220"
"兆","230","177"
"親","229","195"
"納","229","169"
"姿","228","203"
"扣","228","189"
"糕","228","186"
"宛","227","190"
"漢","227","150"
"械","227","188"
"許","227","194"
"漠","226","154"
"聊","226","188"
"径","226","212"
"毁","226","214"
"芝","225","149"
"菱","225","157"
"殖","225","145"
"猴","225","120"
"扬","225","207"
"廷","225","170"
"針","224","203"
"軟","224","153"
"渡","223","188"
"虚","223","194"
"勇","223","201"
"嚴","223","188"
"喝","222","187"
"崛","222","212"
"貓","222","110"
"辞","222","194"
"宙","221","173"
"霸","221","198"
"宴","220","183"
"歧","220","206"
"晤","220","194"
"藥","220","105"
"茨","220","172"
"壮","219","202"
"桑","218","176"
"軌","217","135"
"紛","217","120"
"峽","217","141"
"悦","217","179"
"講","217","183"
"氛","216","209"
"滞","216","207"
"槟","216","141"
"稻","215","131"
"莲","215","147"
"址","215","160"
"撑","215","209"
"幼","214","169"
"偶","214","202"
"刊","214","201"
"敏","214","205"
"柯","214","158"
"驚","213","203"
"拔","213","185"
"責","213","189"
"叶","213","184"
"補","213","148"
"瞬","213","203"
"谢","212","175"
"養","211","135"
"換","211","178"
"脸","211","188"
"磁","211","124"
"污","211","177"
"阪","211","139"
"毕","209","160"
"奈","209","161"
"煤","209","136"
"抑","209","193"
"泽","209","183"
"掀","208","206"
"饼","208","125"
"挖","208","162"
"貴","208","149"
"挂","208","193"
"炒","207","163"
"腐","206","158"
"桶","206","163"
"询","206","193"
"堡","206","175"
"竹","205","157"
"鳥","205","111"
"喷","205","152"
"循","205","187"
"耶","205","177"
"勃","205","150"
"妙","205","190"
"帝","204","149"
"啦","204","181"
"崩","204","192"
"凯","204","187"
"尹","204","150"
"饰","203","163"
"韦","203","180"
"媽","203","82"
"兹","202","175"
"铺","202","190"
"旋","202","181"
"酷","201","180"
"蒸","201","163"
"敢","201","179"
"夢","200","150"
"銅","200","103"
"芬","199","154"
"厦","199","148"
"孙","198","147"
"伐","198","186"
"撒","198","182"
"隻","197","153"
"寿","197","131"
"裕","197","179"
"刀","196","148"
"欣","196","178"
"懂","195","184"
"頂","195","156"
"檢","195","140"
"舱","195","140"
"凭","195","184"
"迄","195","192"
"沫","194","153"
"緩","194","161"
"睡","194","142"
"袖","194","178"
"秦","193","121"
"桌","193","181"
"桃","193","142"
"冒","193","176"
"募","193","167"
"擎","192","163"
"賣","192","162"
"戲","192","130"
"汗","192","138"
"灭","191","166"
"猪","191","123"
"雕","191","122"
"奪","190","157"
"赚","190","162"
"摇","190","173"
"阴","190","182"
"覽","189","160"
"雾","189","146"
"憶","189","141"
"遏","189","185"
"凈","189","132"
"獎","189","111"
"辣","188","137"
"鞋","188","110"
"礎","187","171"
"倾","187","179"
"杰","187","174"
"寺","186","119"
"献","186","173"
"爸","186","93"
"罢","186","132"
"陶","185","133"
"碗","185","153"
"帕","185","152"
"羽","185","144"
"递","185","152"
"迁","185","165"
"忠","185","153"
"谋","185","163"
"谨","185","182"
"炎","184","149"
"誌","184","178"
"楚","184","168"
"識","184","162"
"儀","184","150"
"偿","184","166"
"昆","183","141"
"祭","183","142"
"仓","183","157"
"捐","183","140"
"艇","182","137"
"縮","182","164"
"誉","182","175"
"捷","182","150"
"贩","182","147"
"滴","182","86"
"階","181","152"
"駛","181","130"
"喀","181","138"
"锦","181","150"
"魯","181","118"
"狀","180","157"
"艾","180","146"
"幾","180","171"
"峻","180","178"
"皆","178","170"
"浸","178","164"
"刘","178","158"
"宮","178","129"
"賞","177","148"
"皇","177","140"
"嫩","177","138"
"寸","177","146"
"衝","177","156"
"叠","177","150"
"携","177","172"
"鉴","176","174"
"贺","176","150"
"尊","176","166"
"鄭","176","116"
"页","175","143"
"脆","175","168"
"絕","175","164"
"範","175","156"
"岗","175","159"
"戒","175","156"
"泄","175","149"
"奏","174","160"
"鹿","174","110"
"杉","174","127"
"氢","174","88"
"週","173","141"
"昂","173","164"
"聽","172","144"
"描","172","161"
"锅","171","130"
"碧","171","149"
"敌","171","164"
"琉","171","66"
"濱","171","107"
"暨","171","161"
"洁","171","149"
"奢","171","138"
"鍵","170","157"
"邻","170","159"
"鮮","169","131"
"漏","169","143"
"烤","168","119"
"横","168","151"
"豹","168","91"
"颗","168","145"
"塌","168","143"
"契","168","155"
"沟","168","154"
"坠","168","149"
"冻","167","150"
"涵","167","163"
"蔓","167","162"
"勤","167","150"
"诚","167","152"
"徐","167","121"
"枝","167","135"
"碰","166","156"
"貶","166","119"
"逮","166","152"
"泥","165","130"
"瓶","165","144"
"敬","165","158"
"扫","165","142"
"嗎","164","153"
"虹","164","132"
"闹","164","155"
"詩","164","109"
"耀","164","146"
"紹","164","149"
"菌","164","105"
"孟","164","114"
"御","163","148"
"胎","163","105"
"貝","163","118"
"彼","163","154"
"茂","163","135"
"悠","162","132"
"佐","162","132"
"艦","162","88"
"齊","162","134"
"孔","162","115"
"遵","162","157"
"穆","162","140"
"薄","161","134"
"乒","161","105"
"惕","160","156"
"礁","160","109"
"彈","160","128"
"溢","160","150"
"廉","160","148"
"梯","159","107"
"霞","159","112"
"靈","159","139"
"殊","159","157"
"絲","159","127"
"朱","159","129"
"徒","159","140"
"債","159","86"
"您","159","136"
"説","159","147"
"瓷","158","102"
"訂","158","107"
"喊","158","147"
"尋","158","142"
"練","158","129"
"腦","157","124"
"宵","157","100"
"搞","157","147"
"酬","157","123"
"溪","157","130"
"残","156","132"
"宋","156","126"
"泊","156","126"
"純","156","137"
"艰","156","155"
"惯","156","150"
"斥","156","152"
"肖","155","117"
"監","155","127"
"详","155","153"
"磋","155","123"
"谓","155","154"
"卻","154","144"
"鏡","154","113"
"寄","154","136"
"舆","154","145"
"寫","154","138"
"艳","154","142"
"庄","154","139"
"倫","153","118"
"遥","153","119"
"窗","153","125"
"译","153","114"
"尺","153","140"
"賴","153","119"
"貼","152","98"
"虾","152","100"
"串","152","134"
"樓","152","108"
"辛","152","133"
"損","152","114"
"桂","151","116"
"插","151","126"
"襲","151","126"
"棒","151","124"
"碎","151","133"
"禮","151","122"
"績","151","136"
"壯","150","126"
"贡","150","134"
"潘","150","128"
"碑","150","132"
"討","150","135"
"荒","149","134"
"妇","149","125"
"堪","149","146"
"紫","149","130"
"裹","148","135"
"莎","148","117"
"闪","148","118"
"牧","148","104"
"翼","148","118"
"棉","148","100"
"娘","148","105"
"弗","148","131"
"災","147","89"
"騰","147","112"
"歸","147","119"
"職","147","126"
"蔡","147","130"
"浅","146","130"
"擁","146","140"
"炮","146","124"
"弟","146","113"
"療","146","89"
"錦","146","103"
"郎","146","122"
"伍","145","134"
"赫","145","127"
"册","145","129"
"锋","145","126"
"傷","145","113"
"漂","144","130"
"錯","144","118"
"盾","144","110"
"辑","143","124"
"狮","143","105"
"攝","143","118"
"碼","143","121"
"臺","143","110"
"柱","143","127"
"赔","143","115"
"吴","142","122"
"猜","142","119"
"勞","142","114"
"悄","142","101"
"姓","142","122"
"瞄","142","140"
"忆","141","131"
"盐","141","98"
"藍","141","115"
"滩","141","131"
"敲","141","139"
"盎","141","124"
"扇","141","88"
"奋","141","134"
"郵","141","59"
"鐘","140","120"
"芒","140","94"
"疏","140","131"
"亦","140","130"
"擦","140","132"
"袋","140","114"
"墙","140","119"
"蔬","139","95"
"寬","139","123"
"細","139","114"
"扭","139","134"
"悬","139","123"
"鼠","139","83"
"萎","139","133"
"葉","139","105"
"麥","139","90"
"堵","139","130"
"炭","139","97"
"畅","138","133"
"铭","138","110"
"阁","138","125"
"琴","137","94"
"杆","137","111"
"陳","137","106"
"吐","137","122"
"侈","137","107"
"鑫","136","92"
"骑","136","106"
"肃","136","120"
"姐","136","99"
"琼","136","132"
"崎","135","98"
"駕","135","94"
"糟","135","127"
"绘","135","112"
"宪","135","110"
"妻","134","110"
"割","134","113"
"酱","134","91"
"蓋","134","120"
"壤","134","99"
"曝","134","126"
"吹","134","123"
"憂","134","118"
"誓","134","127"
"棕","133","86"
"驳","133","131"
"茲","133","92"
"廳","133","111"
"逢","132","130"
"塘","132","104"
"晋","132","119"
"稿","132","121"
"鬆","132","115"
"娜","132","114"
"絡","131","106"
"胶","131","92"
"滚","131","90"
"棋","131","75"
"瑰","131","88"
"藤","131","113"
"斑","130","106"
"怪","130","117"
"瀑","130","64"
"拘","130","122"
"抽","129","109"
"舒","129","123"
"麟","129","88"
"雖","129","128"
"乓","129","92"
"赤","129","118"
"訊","128","115"
"訴","128","89"
"履","128","125"
"悟","128","100"
"垃","128","95"
"玻","128","96"
"诸","127","123"
"彻","127","122"
"孫","127","82"
"慮","127","117"
"旱","127","105"
"浦","127","103"
"圾","127","94"
"娱","127","117"
"牵","126","123"
"殺","126","84"
"趨","126","118"
"厨","126","98"
"賀","126","95"
"仔","126","104"
"錢","126","94"
"樱","126","62"
"礦","125","70"
"厘","125","101"
"脉","125","116"
"戈","125","105"
"舍","125","105"
"盒","124","100"
"繞","124","119"
"炉","124","117"
"凤","124","100"
"郁","124","102"
"拳","124","98"
"柴","124","93"
"譽","124","114"
"凡","124","113"
"悲","124","112"
"辩","123","111"
"尿","123","82"
"秩","123","116"
"侯","123","95"
"辅","122","112"
"築","122","98"
"躍","122","112"
"卸","122","108"
"煙","122","92"
"啊","122","117"
"蜜","122","89"
"怒","122","119"
"貌","122","111"
"庞","122","122"
"柏","122","113"
"抖","121","107"
"脏","121","108"
"丨","121","120"
"宠","121","96"
"慕","121","106"
"扮","121","118"
"陪","120","112"
"淘","120","107"
"娥","120","76"
"挤","120","116"
"逻","120","109"
"倡","120","108"
"偷","120","91"
"搬","120","101"
"腳","120","104"
"旭","120","95"
"犹","120","107"
"寓","120","109"
"剑","119","88"
"妥","119","110"
"厉","119","117"
"颜","119","110"
"盡","119","112"
"趟","119","105"
"欺","119","103"
"璃","119","93"
"燕","118","87"
"勁","118","115"
"抹","118","107"
"浩","118","96"
"翁","118","111"
"晓","118","108"
"虫","118","74"
"歉","118","107"
"舶","117","98"
"漸","117","105"
"巷","117","103"
"炼","117","101"
"爬","117","96"
"剛","117","85"
"绳","117","80"
"腊","117","85"
"蚁","117","76"
"諾","116","91"
"肆","116","114"
"爽","115","99"
"蟹","115","53"
"獻","115","109"
"徑","115","102"
"伸","115","108"
"綜","115","104"
"贫","115","99"
"赵","115","102"
"違","114","91"
"篮","114","76"
"旁","114","113"
"粽","114","53"
"弥","114","107"
"侧","113","104"
"凉","113","89"
"榮","113","96"
"劣","113","111"
"腿","112","89"
"灰","112","97"
"漁","112","66"
"妆","112","78"
"乃","112","109"
"暫","112","94"
"痘","112","65"
"耕","111","88"
"勾","111","107"
"驰","111","96"
"糧","111","52"
"輝","111","94"
"盆","111","85"
"濃","111","90"
"柳","111","84"
"恰","110","90"
"屠","110","78"
"酿","110","93"
"匹","110","97"
"揮","110","99"
"膜","110","75"
"滋","109","96"
"丧","109","109"
"嫦","109","66"
"窃","109","88"
"颠","109","104"
"鎖","109","94"
"叙","109","85"
"谱","109","96"
"脈","109","76"
"適","108","99"
"僑","108","51"
"畔","108","91"
"鹅","108","70"
"韧","108","107"
"忌","108","67"
"挪","108","84"
"窄","107","102"
"魏","107","95"
"赠","107","90"
"陕","107","95"
"讀","107","88"
"啸","107","86"
"烂","106","97"
"煮","106","88"
"飾","106","79"
"赌","106","84"
"怖","106","94"
"疯","106","103"
"填","106","98"
"豁","106","90"
"幫","106","96"
"烦","106","101"
"謝","106","81"
"梨","106","70"
"谴","106","98"
"粒","105","86"
"凝","105","97"
"併","105","90"
"雜","105","86"
"隧","105","66"
"祈","105","89"
"雀","105","75"
"渠","105","96"
"辰","105","97"
"轰","105","93"
"顧","105","95"
"蚂","105","70"
"逝","105","97"
"搶","104","84"
"脫","104","88"
"侠","104","81"
"煌","104","80"
"催","104","95"
"铝","104","67"
"韻","103","96"
"忽","103","95"
"裏","103","93"
"擇","103","95"
"蓬","103","99"
"覺","103","93"
"役","103","94"
"郊","103","93"
"滥","103","98"
"撐","102","97"
"钩","102","91"
"晰","102","97"
"謂","102","92"
"兌","102","72"
"笼","102","92"
"乙","102","79"
"砖","102","69"
"巩","101","100"
"訓","101","81"
"遞","101","68"
"摸","100","94"
"傅","100","90"
"葱","99","66"
"汁","99","91"
"廈","99","59"
"掘","99","83"
"摊","99","80"
"鹏","99","81"
"讚","99","96"
"緣","99","89"
"咨","99","93"
"崇","98","84"
"椒","98","68"
"脂","98","77"
"湿","98","68"
"夠","98","93"
"蔚","98","77"
"帖","98","83"
"蝶","98","52"
"壳","98","80"
"捧","98","95"
"緬","98","53"
"婴","98","71"
"沈","98","75"
"捉","97","92"
"爷","97","51"
"庙","97","64"
"慌","97","92"
"卓","97","82"
"飲","97","72"
"忍","96","94"
"擺","96","82"
"觸","96","89"
"剪","96","72"
"異","96","84"
"孤","96","82"
"叹","96","95"
"泼","95","66"
"吊","95","75"
"惜","95","90"
"釋","95","80"
"鸣","95","89"
"纤","95","60"
"啤","95","56"
"繪","94","80"
"編","94","74"
"舊","94","72"
"颈","94","84"
"瞰","94","76"
"壽","94","53"
"腹","94","84"
"薯","94","58"
"瑟","94","67"
"嘴","94","76"
"幹","94","80"
"審","94","79"
"矶","94","76"
"翠","93","83"
"朵","93","76"
"吞","93","80"
"蹈","93","84"
"紙","93","66"
"钦","93","64"
"乔","93","78"
"臣","92","78"
"乳","92","72"
"卿","92","84"
"尘","92","71"
"玫","92","51"
"峇","92","71"
"虐","92","92"
"岭","91","79"
"姑","91","71"
"坊","91","78"
"丘","91","71"
"飯","91","66"
"課","91","80"
"鬧","91","81"
"欲","91","87"
"靜","90","76"
"颇","90","88"
"橫","90","79"
"腰","90","79"
"纠","90","83"
"仰","90","83"
"曆","90","83"
"肺","90","71"
"帆","89","76"
"骤","89","89"
"侗","89","45"
"懷","89","80"
"亨","89","76"
"挡","89","85"
"荐","88","84"
"疊","88","71"
"铃","88","60"
"詞","88","75"
"丢","88","81"
"踩","88","81"
"弈","88","80"
"贯","88","79"
"夷","88","69"
"廊","88","75"
"蓮","88","47"
"鲸","88","41"
"惨","88","85"
"遣","88","84"
"冈","88","75"
"逛","87","72"
"貢","87","76"
"劍","87","72"
"肠","87","68"
"浏","87","73"
"邓","87","60"
"绽","87","83"
"夥","87","77"
"聖","87","61"
"谍","87","79"
"崽","86","55"
"簡","86","74"
"鬼","86","69"
"兄","86","76"
"妹","86","62"
"魂","86","81"
"君","86","70"
"誤","86","77"
"櫻","86","29"
"纹","85","62"
"磨","85","78"
"脅","85","71"
"拋","85","69"
"磅","85","79"
"穷","85","79"
"垂","85","75"
"肩","85","75"
"彰","85","83"
"闲","85","79"
"殿","85","64"
"禽","85","59"
"钻","85","68"
"掛","85","83"
"抬","85","82"
"劉","85","69"
"矛","85","82"
"擬","84","74"
"肅","84","56"
"兽","84","71"
"濕","84","55"
"艙","84","50"
"搁","84","79"
"眠","84","55"
"陝","83","58"
"墓","83","65"
"畝","83","71"
"扶","83","81"
"杠","83","62"
"狱","83","70"
"須","83","74"
"啥","83","78"
"璀","83","73"
"璨","83","73"
"酋","83","71"
"嶺","83","62"
"爺","83","43"
"螺","82","57"
"饱","82","78"
"牢","82","73"
"眉","82","71"
"芳","82","71"
"栩","82","39"
"肌","82","67"
"莉","82","64"
"俊","82","78"
"溃","82","80"
"鋁","82","32"
"澄","81","75"
"辈","81","76"
"贪","81","70"
"隱","81","74"
"盗","81","68"
"崖","81","66"
"睛","81","75"
"砂","81","63"
"涂","81","64"
"拨","81","71"
"盼","81","75"
"孕","81","65"
"頓","81","61"
"栋","81","72"
"锐","81","79"
"麵","80","40"
"閉","80","64"
"跡","80","64"
"槽","80","76"
"诱","80","79"
"飘","80","74"
"氨","80","35"
"勿","80","77"
"鹽","79","37"
"筆","79","65"
"誼","79","62"
"阔","79","78"
"淳","79","69"
"仲","79","52"
"橡","79","47"
"纵","78","76"
"檔","78","52"
"惡","78","73"
"函","78","70"
"绑","78","74"
"埋","78","72"
"剥","78","73"
"粗","78","70"
"赋","78","75"
"溯","78","74"
"胖","78","62"
"齡","78","65"
"捞","78","60"
"茅","77","51"
"梭","77","71"
"践","77","70"
"茄","77","52"
"夹","77","71"
"稍","77","73"
"罐","77","63"
"嚮","77","70"
"垒","77","74"
"鹰","77","66"
"攜","77","74"
"瞩","77","77"
"楊","77","53"
"窟","77","34"
"葬","76","55"
"鸭","76","56"
"灌","76","59"
"瑪","76","62"
"珊","76","48"
"掩","76","71"
"歇","76","69"
"呆","76","64"
"丸","75","65"
"敗","75","67"
"塊","75","57"
"洽","75","70"
"岳","75","49"
"盲","75","59"
"揚","75","68"
"巢","75","56"
"趕","75","71"
"莊","75","57"
"亂","75","68"
"捍","75","72"
"鍋","75","43"
"邁","74","71"
"饺","74","36"
"錫","74","45"
"顆","74","56"
"奠","74","73"
"溝","74","63"
"俯","74","71"
"沖","74","61"
"戳","74","73"
"怨","74","69"
"粤","74","62"
"涛","74","70"
"儘","74","71"
"鹤","74","54"
"俱","74","69"
"踢","74","66"
"劾","74","56"
"卜","73","58"
"辟","73","72"
"藉","73","72"
"遼","73","57"
"暢","73","68"
"鬥","73","60"
"骚","73","66"
"兔","73","52"
"饲","73","63"
"萧","73","63"
"匈","73","48"
"豚","72","41"
"鋪","72","66"
"臂","72","66"
"搖","72","66"
"聪","72","67"
"遙","72","47"
"奉","72","63"
"慰","72","68"
"拾","72","68"
"闯","72","66"
"錶","72","60"
"汕","71","56"
"扑","71","66"
"勳","71","57"
"萊","71","53"
"閃","71","54"
"翰","71","64"
"蜂","71","54"
"貫","71","61"
"霧","71","50"
"删","71","63"
"擅","71","69"
"轴","71","54"
"缴","71","62"
"町","71","60"
"淋","70","58"
"昭","70","60"
"鳴","70","60"
"澤","70","52"
"颖","70","62"
"胃","70","56"
"槍","70","42"
"哭","70","58"
"麒","70","41"
"脊","70","51"
"艷","70","67"
"坎","70","58"
"鴻","70","38"
"侦","70","66"
"吓","70","65"
"睐","70","69"
"趁","69","68"
"複","69","62"
"鼻","69","59"
"胆","69","59"
"侨","69","52"
"欠","69","57"
"匠","69","62"
"灼","69","63"
"汰","69","65"
"欽","69","42"
"陣","68","57"
"翔","68","56"
"涯","68","64"
"僵","68","64"
"坪","68","54"
"伪","68","61"
"盧","68","49"
"酵","68","65"
"镍","68","52"
"夸","68","64"
"悼","68","58"
"慈","68","56"
"傍","67","66"
"俑","67","34"
"穫","67","62"
"咸","67","58"
"翅","67","47"
"潛","67","51"
"浴","67","58"
"荔","67","33"
"羚","67","37"
"嫁","67","61"
"枢","67","64"
"甦","67","61"
"芽","66","58"
"吾","66","58"
"炫","66","61"
"遲","66","55"
"莓","66","36"
"闖","66","59"
"贾","66","60"
"筛","66","58"
"壞","66","64"
"惟","66","49"
"亩","66","59"
"誰","66","64"
"寵","66","31"
"佣","66","56"
"蕾","66","57"
"悅","66","48"
"奮","66","58"
"痕","66","60"
"屿","66","60"
"逸","65","60"
"妮","65","49"
"籲","65","60"
"帅","65","57"
"躲","65","58"
"牲","65","57"
"獅","65","44"
"丙","65","61"
"哀","65","59"
"淹","65","63"
"斌","65","63"
"槛","64","63"
"坑","64","50"
"糊","64","60"
"辽","64","54"
"弄","64","57"
"醉","64","62"
"谐","64","62"
"棵","64","53"
"惩","64","61"
"舌","63","58"
"贏","63","60"
"豫","63","54"
"帽","63","49"
"帷","63","63"
"罹","63","60"
"拦","63","58"
"晴","63","58"
"憾","63","61"
"椰","63","38"
"祸","63","59"
"喉","62","44"
"繫","62","53"
"脹","62","54"
"搏","62","54"
"挽","62","60"
"踐","62","51"
"凱","62","46"
"騎","62","54"
"鋰","62","42"
"婆","62","42"
"渝","61","38"
"驅","61","54"
"傑","61","51"
"崗","61","44"
"煎","61","47"
"遷","61","49"
"泪","61","56"
"颁","61","56"
"坍","61","54"
"圭","61","39"
"霜","61","49"
"乾","60","55"
"绵","60","58"
"靖","60","46"
"酥","60","53"
"雞","60","45"
"丈","60","52"
"綻","60","49"
"閱","60","46"
"謀","60","48"
"茫","60","50"
"渴","60","59"
"叔","60","39"
"怡","60","53"
"囊","60","51"
"咏","60","55"
"灘","59","46"
"柜","59","53"
"蕴","59","57"
"劫","59","53"
"桐","59","33"
"栖","59","54"
"屈","59","52"
"畢","59","44"
"蝴","59","30"
"躺","59","46"
"汐","59","39"
"屡","59","51"
"曹","58","51"
"祁","58","33"
"迭","58","55"
"杏","58","36"
"籌","58","52"
"嘗","58","52"
"拯","58","55"
"鼎","57","48"
"绚","57","54"
"縱","57","47"
"糯","57","48"
"斜","57","50"
"凶","57","48"
"缝","57","54"
"粹","57","55"
"硕","57","52"
"傲","57","56"
"剔","57","56"
"樞","57","44"
"衍","57","52"
"晒","57","50"
"譯","57","32"
"仇","57","52"
"栓","57","49"
"叉","56","47"
"懸","56","46"
"狼","56","45"
"託","56","53"
"憑","56","56"
"滯","56","52"
"晉","56","44"
"愤","56","56"
"婦","56","42"
"焰","56","43"
"磚","56","29"
"汪","56","43"
"涼","55","35"
"棄","55","50"
"蘊","55","50"
"徙","55","42"
"倉","55","42"
"矽","55","43"
"昔","55","53"
"註","55","48"
"亭","55","37"
"妨","55","53"
"摧","55","53"
"犬","55","36"
"烹","55","45"
"凍","55","30"
"裤","54","46"
"弯","54","48"
"牽","54","49"
"徘","54","53"
"抨","54","53"
"閣","54","36"
"馨","54","54"
"芋","54","31"
"辭","54","47"
"睹","54","54"
"覓","53","51"
"迴","53","45"
"哇","53","51"
"徊","53","52"
"栽","53","44"
"誠","53","52"
"椅","53","48"
"梵","53","34"
"丑","53","50"
"孜","53","40"
"吳","53","39"
"骸","53","44"
"萝","52","40"
"帐","52","46"
"醇","52","39"
"玄","52","38"
"囤","52","44"
"梳","52","49"
"膠","52","30"
"衷","52","51"
"猎","52","39"
"衅","52","46"
"臉","52","44"
"韵","52","52"
"誕","52","45"
"谊","52","43"
"辨","51","49"
"猶","51","49"
"滾","51","38"
"熔","51","44"
"轿","51","48"
"谣","51","45"
"肤","51","42"
"潔","51","42"
"跻","51","51"
"刹","51","47"
"镑","51","40"
"燒","50","47"
"蹄","50","41"
"朴","50","44"
"闽","50","39"
"洱","50","36"
"沪","50","43"
"壶","50","33"
"蜿","50","48"
"蜒","50","48"
"黔","50","38"
"飄","50","48"
"咬","50","46"
"拐","50","48"
"廢","50","39"
"闆","50","32"
"靡","50","48"
"琳","50","46"
"冕","50","44"
"讽","50","47"
"拌","49","35"
"弘","49","47"
"镓","49","34"
"惧","49","47"
"徹","49","45"
"傾","49","46"
"邂","49","48"
"逅","49","48"
"厢","49","42"
"濒","49","48"
"恼","49","46"
"斋","49","38"
"钓","49","39"
"簿","49","43"
"鳗","49","13"
"鳳","48","36"
"摔","48","45"
"淮","48","25"
"巾","48","35"
"賦","48","44"
"愁","48","47"
"氮","48","32"
"轩","48","38"
"敞","48","47"
"仑","48","42"
"姚","48","34"
"葵","48","28"
"幽","48","42"
"鄰","48","44"
"蒜","47","31"
"捲","47","44"
"飆","47","44"
"廟","47","30"
"氫","47","23"
"抄","47","40"
"捏","47","44"
"疼","47","41"
"肢","47","36"
"犀","47","32"
"詢","47","46"
"壩","47","28"
"潭","47","35"
"赐","47","43"
"桩","47","36"
"钴","47","33"
"閩","47","32"
"岡","47","35"
"澜","47","41"
"堤","47","39"
"揽","47","45"
"惹","47","45"
"绎","46","45"
"洒","46","44"
"砸","46","45"
"瘫","46","41"
"苍","46","42"
"弊","46","46"
"牆","46","41"
"肝","46","38"
"湧","46","43"
"盃","46","30"
"衔","46","43"
"鋒","46","35"
"汛","46","35"
"瘦","46","37"
"柿","46","18"
"厄","46","42"
"瑚","46","29"
"缆","46","34"
"橙","45","34"
"熬","45","43"
"腻","45","42"
"嵌","45","44"
"淨","45","39"
"浆","45","37"
"鑽","45","25"
"繩","45","40"
"棚","45","38"
"樟","45","38"
"腔","45","32"
"讶","45","42"
"詐","45","27"
"媛","45","31"
"嘎","44","27"
"棲","44","39"
"辖","44","43"
"絢","44","34"
"恋","44","31"
"胸","44","39"
"砍","44","40"
"撰","44","44"
"掃","44","28"
"諧","44","42"
"煜","44","31"
"仗","44","39"
"巅","44","42"
"鰻","44","13"
"憲","44","36"
"鵝","44","25"
"臭","44","29"
"墩","44","24"
"汶","44","28"
"挣","44","42"
"巍","44","38"
"湯","43","28"
"臘","43","27"
"姜","43","33"
"沸","43","40"
"粵","43","31"
"虧","43","30"
"觅","43","42"
"甩","43","41"
"恨","43","40"
"軸","43","33"
"窥","43","37"
"叛","43","41"
"籃","43","33"
"竭","43","42"
"缉","43","35"
"惑","43","43"
"瑜","42","33"
"翩","42","31"
"盯","42","41"
"碌","42","40"
"伞","42","31"
"萍","42","29"
"辐","42","35"
"烫","42","35"
"遮","42","39"
"嬉","42","39"
"礙","42","40"
"弦","42","35"
"贤","42","37"
"崔","42","34"
"骏","42","31"
"殘","42","31"
"勘","42","39"
"仕","42","39"
"饿","42","38"
"拢","42","39"
"橘","42","30"
"淇","42","30"
"坞","42","41"
"儒","41","27"
"雁","41","28"
"盪","41","39"
"菇","41","34"
"爐","41","33"
"裸","41","35"
"瓣","41","35"
"坂","41","27"
"贈","41","36"
"雌","41","37"
"滅","41","36"
"曉","41","33"
"釣","41","27"
"彌","41","34"
"秉","41","39"
"姻","41","33"
"肴","41","37"
"腺","41","30"
"浜","41","23"
"绣","40","23"
"瑙","40","30"
"滇","40","27"
"澈","40","39"
"邏","40","36"
"狠","40","32"
"鑒","40","35"
"馈","40","37"
"溶","40","32"
"虛","40","35"
"緒","40","40"
"淀","40","31"
"僚","40","37"
"癒","40","37"
"榄","40","26"
"撾","40","27"
"鮑","40","29"
"辱","40","37"
"牡","40","22"
"蔽","40","40"
"飓","40","25"
"蚀","39","37"
"湛","39","34"
"爛","39","35"
"刃","39","33"
"斩","39","36"
"哨","39","38"
"馳","39","32"
"掏","39","38"
"噪","39","31"
"垮","39","36"
"莹","39","36"
"厲","39","36"
"麓","39","36"
"嬷","39","30"
"橄","39","28"
"滤","39","31"
"竣","39","31"
"凰","39","33"
"唤","39","37"
"吕","39","38"
"蛙","39","26"
"肿","39","34"
"榈","39","27"
"葛","38","32"
"垫","38","38"
"爪","38","32"
"淚","38","34"
"孝","38","28"
"煽","38","38"
"燥","38","37"
"沁","38","27"
"菊","38","26"
"冊","38","29"
"秧","38","23"
"肚","38","33"
"蒲","38","32"
"痪","38","36"
"擘","38","38"
"汹","38","26"
"闊","38","38"
"蝉","38","35"
"俏","38","37"
"枯","38","37"
"丛","38","34"
"汀","38","31"
"玲","38","29"
"凇","38","23"
"颱","37","27"
"嘆","37","37"
"煉","37","31"
"诀","37","35"
"蒋","37","27"
"斕","37","28"
"昏","37","32"
"俠","37","26"
"瘾","37","35"
"鶴","37","20"
"抚","37","35"
"沦","37","37"
"側","37","34"
"铀","37","27"
"庸","37","33"
"侣","37","32"
"燦","37","24"
"諸","37","35"
"烷","37","25"
"泻","37","35"
"咎","37","37"
"涡","37","33"
"墟","36","29"
"鄂","36","22"
"谜","36","33"
"筋","36","35"
"礴","36","32"
"緯","36","27"
"銘","36","36"
"硫","36","23"
"櫃","36","24"
"紮","36","36"
"拱","36","31"
"坝","36","30"
"鞭","36","31"
"窝","36","27"
"紋","36","31"
"厌","36","31"
"婵","36","27"
"聰","36","34"
"澎","36","34"
"铠","36","23"
"舖","36","29"
"渤","35","22"
"劝","35","33"
"伺","35","33"
"碩","35","31"
"齿","35","32"
"卤","35","22"
"厕","35","27"
"畜","35","26"
"擾","35","33"
"筒","35","28"
"纬","35","33"
"裙","35","27"
"豬","35","23"
"瀚","35","33"
"冶","35","30"
"貸","35","23"
"恭","35","34"
"兜","35","31"
"喻","35","33"
"庇","35","28"
"缔","35","35"
"彦","35","33"
"朔","34","25"
"殷","34","24"
"愉","34","32"
"樊","34","27"
"韌","34","32"
"撕","34","32"
"卧","34","33"
"纖","34","22"
"酝","34","34"
"噴","34","26"
"熙","34","25"
"綿","34","32"
"壘","34","28"
"遜","34","27"
"脖","34","32"
"粘","34","31"
"缠","34","27"
"纱","34","33"
"釁","34","28"
"姨","34","25"
"譴","34","31"
"钠","34","21"
"喘","34","33"
"蹟","34","33"
"祉","34","32"
"陰","34","31"
"堰","34","25"
"敘","34","24"
"苑","34","25"
"遂","34","33"
"逗","34","32"
"芭","34","26"
"蕉","34","25"
"漳","34","21"
"扔","34","33"
"铢","34","29"
"睫","34","30"
"囚","34","32"
"瀾","34","28"
"呀","33","31"
"峦","33","32"
"煥","33","31"
"蘑","33","27"
"佬","33","31"
"钉","33","21"
"赁","33","29"
"敵","33","29"
"悔","33","32"
"勵","33","33"
"墜","33","23"
"耍","33","32"
"峙","33","33"
"渗","33","33"
"鴨","33","21"
"磷","33","26"
"贿","33","26"
"歴","33","31"
"搓","32","29"
"勺","32","28"
"慨","32","32"
"糾","32","29"
"芦","32","25"
"蜀","32","21"
"馅","32","27"
"扛","32","30"
"阱","32","31"
"渊","32","31"
"痴","32","28"
"湘","32","20"
"涅","32","29"
"曳","32","32"
"黯","32","32"
"閘","32","19"
"冀","32","29"
"蚊","32","19"
"溜","32","24"
"岌","32","17"
"奕","32","31"
"叻","32","18"
"狭","32","32"
"瑩","32","26"
"滕","32","23"
"斡","32","28"
"晃","32","28"
"毀","32","28"
"尸","32","29"
"獸","32","24"
"魁","32","31"
"勉","32","31"
"犁","32","31"
"霾","32","29"
"薇","32","24"
"蘆","32","21"
"刮","32","27"
"幌","32","23"
"鳄","32","20"
"骆","32","20"
"巳","32","24"
"烯","31","17"
"枕","31","22"
"掠","31","27"
"輯","31","29"
"喂","31","30"
"瞻","31","28"
"顷","31","31"
"鈴","31","28"
"輔","31","28"
"鑑","31","30"
"鹭","31","25"
"旷","31","31"
"氟","31","20"
"釜","31","30"
"陌","31","30"
"尬","31","30"
"騙","31","19"
"碟","31","22"
"峨","31","26"
"揣","31","30"
"餅","31","22"
"饥","31","29"
"蛛","31","22"
"孚","31","29"
"牺","31","30"
"钞","31","21"
"鑄","31","22"
"驼","31","17"
"堕","31","17"
"譜","30","26"
"葫","30","21"
"帧","30","27"
"綢","30","28"
"曬","30","21"
"骂","30","28"
"焕","30","29"
"嘲","30","27"
"柠","30","15"
"髮","30","27"
"辯","30","27"
"岐","30","22"
"黛","30","27"
"聆","30","30"
"匿","30","29"
"饪","30","23"
"穎","30","23"
"詹","30","28"
"腕","30","25"
"猩","30","11"
"忡","30","15"
"鲨","30","16"
"铅","30","21"
"籽","29","21"
"賺","29","27"
"嘛","29","24"
"祀","29","26"
"穴","29","21"
"扯","29","29"
"婉","29","28"
"傻","29","25"
"俩","29","27"
"駁","29","27"
"寂","29","26"
"袍","29","23"
"卵","29","21"
"滬","29","23"
"詳","29","29"
"熠","29","14"
"憨","29","25"
"膝","29","22"
"贊","29","24"
"勛","29","20"
"谅","29","28"
"濤","29","21"
"喱","29","20"
"壺","29","17"
"龟","29","19"
"邸","29","27"
"炬","29","16"
"琪","29","27"
"炖","28","21"
"缭","28","27"
"灑","28","26"
"梗","28","26"
"槓","28","20"
"閒","28","25"
"隼","28","20"
"瘤","28","24"
"輩","28","26"
"缀","28","28"
"飼","28","23"
"潑","28","18"
"檬","28","14"
"毯","28","26"
"匙","28","21"
"鵬","28","20"
"菠","28","22"
"髓","28","22"
"呵","28","26"
"韋","28","23"
"壟","28","24"
"蹦","28","19"
"挠","28","27"
"罄","28","28"
"螃","28","24"
"晖","28","27"
"纲","28","25"
"粼","28","14"
"湃","28","27"
"渚","28","15"
"闡","28","27"
"卑","28","24"
"殼","28","21"
"漆","28","25"
"歼","28","20"
"瞒","28","25"
"罷","28","12"
"氚","28","22"
"榕","27","19"
"鷺","27","15"
"邱","27","26"
"煲","27","18"
"馏","27","16"
"哦","27","27"
"浑","27","27"
"賬","27","24"
"芮","27","26"
"肇","27","24"
"衬","27","25"
"澡","27","20"
"鸽","27","18"
"跪","27","22"
"擠","27","25"
"寡","27","25"
"匆","27","18"
"尴","27","27"
"潟","27","20"
"鯨","27","12"
"瓊","27","19"
"棍","27","22"
"鯉","27","21"
"淺","27","21"
"挝","27","19"
"滄","27","13"
"毙","27","27"
"耿","27","21"
"篷","27","21"
"冯","27","25"
"淩","27","23"
"娛","27","21"
"宕","27","26"
"霏","27","19"
"栗","27","25"
"札","27","18"
"麾","27","27"
"鄱","27","20"
"肾","27","19"
"胰","27","17"
"頸","26","19"
"傣","26","21"
"噬","26","25"
"涝","26","23"
"炳","26","23"
"藻","26","17"
"粥","26","19"
"蹤","26","21"
"斓","26","24"
"郡","26","21"
"訟","26","19"
"焚","26","25"
"谎","26","22"
"辜","26","22"
"舵","26","24"
"繹","26","25"
"嗅","26","19"
"曙","26","25"
"顽","26","26"
"妄","26","23"
"柑","26","14"
"斧","26","24"
"劑","26","24"
"扼","26","26"
"蜘","26","20"
"棘","26","26"
"蕭","26","19"
"锻","26","22"
"埼","26","24"
"醋","25","20"
"晾","25","17"
"穀","25","21"
"咽","25","23"
"撈","25","16"
"倖","25","12"
"莆","25","17"
"涩","25","21"
"绒","25","19"
"荼","25","24"
"掷","25","22"
"輿","25","23"
"骼","25","20"
"罰","25","19"
"駝","25","13"
"竊","25","18"
"骄","25","25"
"鉅","25","25"
"筷","25","22"
"浇","25","25"
"霉","25","14"
"拂","25","25"
"扁","25","20"
"钨","25","8"
"岑","25","20"
"邪","25","25"
"阜","25","22"
"薛","25","20"
"钛","25","16"
"慣","25","22"
"谭","25","24"
"硝","25","22"
"螂","25","14"
"铂","25","13"
"莪","25","24"
"霹","25","19"
"鉑","25","11"
"吻","25","19"
"璐","25","23"
"廚","24","21"
"鷗","24","10"
"餃","24","15"
"廖","24","21"
"桿","24","18"
"吵","24","23"
"晕","24","24"
"哗","24","24"
"锣","24","24"
"賈","24","20"
"羌","24","22"
"沧","24","19"
"蓉","24","20"
"钥","24","17"
"緻","24","23"
"綴","24","23"
"渣","24","21"
"彎","24","21"
"蝦","24","14"
"桦","24","21"
"羁","24","21"
"淌","24","24"
"畏","24","23"
"臥","24","18"
"繡","24","19"
"躋","24","22"
"咳","24","18"
"灿","24","19"
"哉","24","20"
"慑","24","24"
"帥","24","23"
"雳","24","18"
"淑","24","19"
"銜","23","18"
"矗","23","23"
"亥","23","22"
"攤","23","21"
"羞","23","22"
"馍","23","13"
"暮","23","21"
"診","23","13"
"峭","23","21"
"顛","23","21"
"愧","23","23"
"顏","23","22"
"沐","23","22"
"喧","23","23"
"戚","23","22"
"狐","23","15"
"苛","23","23"
"愚","23","20"
"醬","23","10"
"鮪","23","8"
"贞","23","21"
"磯","23","13"
"沼","23","19"
"巫","23","19"
"恤","23","18"
"腌","22","18"
"掖","22","16"
"棟","22","16"
"棺","22","14"
"袁","22","19"
"懒","22","21"
"飽","22","22"
"馋","22","20"
"蚝","22","13"
"搅","22","22"
"麋","22","8"
"箔","22","13"
"蔥","22","19"
"羹","22","21"
"巔","22","21"
"笛","22","18"
"懈","22","22"
"粿","22","14"
"阐","22","22"
"締","22","22"
"珀","22","19"
"匪","22","19"
"塗","22","13"
"坤","22","19"
"奎","22","19"
"纺","22","18"
"淄","22","12"
"氪","22","16"
"氯","22","15"
"瘟","22","21"
"彝","21","19"
"釉","21","11"
"贛","21","10"
"蟲","21","17"
"咱","21","20"
"鞍","21","16"
"襯","21","18"
"盜","21","15"
"償","21","19"
"籠","21","19"
"獵","21","15"
"蒼","21","21"
"蕩","21","17"
"轎","21","18"
"轟","21","20"
"鸥","21","14"
"穗","21","18"
"鹦","21","13"
"臟","21","15"
"颯","21","20"
"湄","21","14"
"獭","21","13"
"乍","21","21"
"鰲","21","9"
"炙","21","21"
"诠","21","21"
"斐","21","11"
"琶","21","16"
"酪","21","17"
"菅","21","16"
"沮","20","20"
"膳","20","15"
"藕","20","11"
"剝","20","16"
"骋","20","20"
"霄","20","19"
"纜","20","14"
"恆","20","17"
"蠢","20","15"
"咋","20","19"
"伽","20","14"
"彤","20","12"
"盏","20","14"
"抉","20","19"
"呂","20","13"
"頒","20","16"
"孵","20","19"
"渺","20","20"
"穹","20","17"
"矚","20","20"
"笋","20","18"
"羡","20","20"
"肘","20","20"
"楞","20","17"
"焊","20","14"
"諮","20","19"
"溉","20","15"
"煞","20","19"
"駿","20","19"
"谧","20","20"
"飒","20","17"
"俘","20","20"
"倣","20","15"
"撲","20","16"
"謹","20","20"
"竿","20","19"
"鸦","20","16"
"潰","20","17"
"憧","20","19"
"弛","20","19"
"眨","20","19"
"姬","20","16"
"筝","20","11"
"鷹","20","14"
"皑","20","10"
"蛟","20","15"
"矢","20","19"
"肪","20","17"
"琵","20","17"
"塚","20","15"
"闸","20","16"
"陨","20","11"
"罽","20","4"
"頗","19","17"
"磊","19","18"
"侃","19","19"
"耻","19","19"
"盔","19","17"
"颓","19","19"
"帘","19","16"
"卉","19","14"
"祠","19","13"
"隙","19","19"
"鳌","19","14"
"黏","19","16"
"繚","19","16"
"妖","19","17"
"昇","19","16"
"弓","19","18"
"繳","19","13"
"縫","19","16"
"窘","19","19"
"欄","19","17"
"泵","19","16"
"琅","19","16"
"钮","19","15"
"娴","19","19"
"樸","19","19"
"瀋","19","13"
"喬","19","15"
"锈","19","14"
"凑","19","17"
"鹉","19","12"
"芙","19","17"
"倦","19","19"
"哺","19","15"
"矩","19","16"
"軒","19","12"
"甫","19","15"
"婷","19","15"
"馮","19","13"
"笙","19","11"
"彗","19","8"
"賢","19","11"
"嬋","19","12"
"鎳","19","12"
"哆","19","8"
"娅","19","15"
"蛮","18","18"
"襟","18","17"
"畿","18","14"
"烘","18","14"
"鞏","18","17"
"歪","18","17"
"諒","18","14"
"皱","18","13"
"鱿","18","14"
"闷","18","17"
"窮","18","18"
"誘","18","17"
"慘","18","17"
"铸","18","17"
"寇","18","14"
"缕","18","16"
"趙","18","15"
"禦","18","16"
"悍","18","18"
"亟","18","18"
"奴","18","15"
"驯","18","14"
"赎","18","14"
"禾","18","12"
"榨","18","16"
"挨","18","16"
"撫","18","10"
"媲","18","18"
"唇","18","15"
"憬","18","18"
"榻","18","12"
"辙","18","18"
"犧","18","16"
"吟","18","16"
"琐","18","18"
"哄","18","15"
"攬","18","17"
"詠","18","13"
"琢","18","18"
"侏","18","16"
"擂","18","6"
"瞧","18","10"
"雍","18","13"
"旻","18","13"
"胺","18","18"
"銳","18","12"
"寅","18","15"
"麹","18","15"
"渲","17","17"
"滲","17","15"
"濫","17","15"
"蘿","17","14"
"汲","17","17"
"佑","17","15"
"檐","17","17"
"彪","17","12"
"爹","17","11"
"盞","17","10"
"寥","17","9"
"屯","17","16"
"懲","17","15"
"钙","17","10"
"賠","17","13"
"撥","17","14"
"褪","17","17"
"茵","17","16"
"绊","17","16"
"灶","17","15"
"紗","17","14"
"捡","17","16"
"鑼","17","15"
"誇","17","12"
"翡","17","15"
"鱗","17","14"
"婺","17","13"
"鲤","17","10"
"溺","17","16"
"薦","17","14"
"鹳","17","10"
"梧","17","15"
"倚","17","17"
"羯","17","15"
"貧","17","16"
"擋","17","17"
"蛰","17","10"
"叮","17","17"
"筍","17","12"
"譚","17","13"
"摯","17","16"
"眺","17","16"
"攘","17","11"
"曦","17","15"
"膏","17","12"
"绸","17","17"
"柒","17","12"
"崑","17","11"
"漓","16","15"
"窑","16","12"
"焖","16","12"
"漾","16","14"
"倪","16","15"
"弋","16","15"
"廓","16","14"
"惬","16","16"
"薰","16","12"
"烙","16","16"
"莞","16","14"
"倭","16","12"
"魄","16","16"
"驕","16","15"
"捣","16","16"
"鎧","16","10"
"潺","16","8"
"昊","16","13"
"闢","16","16"
"帳","16","14"
"恪","16","16"
"紡","16","14"
"莽","16","8"
"眷","16","14"
"蛤","16","8"
"迦","16","14"
"蹲","16","16"
"膀","16","16"
"瑶","16","9"
"樑","16","13"
"沓","16","16"
"嗽","16","12"
"侮","16","15"
"掬","16","16"
"婿","16","13"
"丫","16","8"
"鈷","16","9"
"屢","16","14"
"頤","16","11"
"悖","16","16"
"咪","16","13"
"螳","16","8"
"燉","16","5"
"蔗","16","13"
"偽","16","13"
"僧","16","14"
"憓","16","12"
"赦","16","12"
"崙","16","8"
"粪","16","11"
"婧","16","16"
"涸","16","15"
"眯","16","5"
"杞","15","14"
"泸","15","12"
"勸","15","15"
"攔","15","12"
"馒","15","10"
"蝕","15","15"
"騁","15","12"
"瘋","15","11"
"噩","15","13"
"衫","15","13"
"碾","15","15"
"腥","15","13"
"壹","15","12"
"迂","15","11"
"漪","15","14"
"蚕","15","15"
"藩","15","10"
"偵","15","13"
"瑤","15","9"
"惫","15","15"
"陡","15","15"
"龐","15","14"
"渭","15","10"
"镀","15","11"
"撿","15","14"
"灸","15","8"
"颐","15","13"
"椎","15","10"
"窯","15","10"
"楓","15","11"
"馴","15","7"
"睞","15","15"
"晟","15","13"
"澀","15","11"
"鬱","15","13"
"膽","15","15"
"屁","15","13"
"睦","15","14"
"镕","15","12"
"虞","15","12"
"枫","15","10"
"尉","15","12"
"稣","15","15"
"凛","15","11"
"攸","15","15"
"敖","15","14"
"缤","15","15"
"腸","15","10"
"倩","15","10"
"倆","15","14"
"咒","15","14"
"殡","15","9"
"柚","15","6"
"嶽","15","10"
"殲","15","9"
"剖","15","14"
"麽","15","15"
"鴿","14","10"
"遛","14","12"
"袤","14","14"
"蕪","14","8"
"蔔","14","11"
"嚼","14","13"
"篡","14","12"
"頁","14","11"
"睁","14","11"
"艱","14","13"
"輻","14","13"
"鑲","14","13"
"翟","14","11"
"巒","14","14"
"垣","14","12"
"喇","14","11"
"馕","14","10"
"羔","14","9"
"挚","14","14"
"絮","14","13"
"牟","14","14"
"峪","14","10"
"锚","14","14"
"挟","14","14"
"岂","14","14"
"茉","14","12"
"槳","14","12"
"嘟","14","8"
"淵","14","13"
"奄","14","9"
"蜓","14","10"
"猖","14","14"
"媚","14","14"
"袂","14","14"
"鵑","14","4"
"饶","14","13"
"阙","14","14"
"玮","14","12"
"坟","14","12"
"毽","14","8"
"戀","14","10"
"錠","14","11"
"娟","14","13"
"禄","14","13"
"溅","14","13"
"祿","14","7"
"翊","14","12"
"暇","14","14"
"拭","14","13"
"赣","14","11"
"鍊","14","13"
"鎵","14","10"
"锌","14","13"
"楠","14","13"
"舷","14","11"
"纾","14","14"
"宰","14","14"
"贼","14","13"
"蝠","14","9"
"雯","14","7"
"堺","14","8"
"沱","14","4"
"鳍","14","11"
"隶","14","12"
"荞","14","5"
"嬌","13","12"
"柄","13","12"
"嬤","13","8"
"埠","13","12"
"鈣","13","9"
"樁","13","12"
"唾","13","13"
"帜","13","13"
"韭","13","13"
"竖","13","13"
"嘿","13","7"
"凿","13","10"
"锤","13","12"
"窖","13","9"
"舜","13","7"
"瀕","13","11"
"駱","13","8"
"剎","13","13"
"謊","13","10"
"絨","13","11"
"沾","13","10"
"鄧","13","12"
"拙","13","12"
"嗨","13","9"
"稠","13","10"
"颂","13","13"
"嚇","13","13"
"妝","13","10"
"篝","13","9"
"嶼","13","9"
"阀","13","12"
"罔","13","11"
"钵","13","12"
"肋","13","12"
"谤","13","13"
"沛","13","13"
"驟","13","13"
"夯","13","13"
"绞","13","13"
"饅","13","5"
"謙","13","9"
"矮","13","12"
"冽","13","13"
"慷","13","13"
"彥","13","12"
"愜","13","12"
"謬","13","13"
"獗","13","13"
"驿","13","12"
"磐","13","12"
"鮭","13","5"
"冉","13","7"
"厝","13","9"
"禧","13","12"
"嘱","13","11"
"踵","13","12"
"芥","13","10"
"泌","13","11"
"衢","13","9"
"栅","13","13"
"跚","13","13"
"靶","13","11"
"嚐","13","11"
"鰤","13","10"
"陋","13","13"
"颤","13","7"
"洙","13","11"
"酯","13","10"
"鲑","13","8"
"匀","12","10"
"澆","12","11"
"荊","12","8"
"鞠","12","10"
"轄","12","11"
"餵","12","12"
"淪","12","11"
"逍","12","10"
"鎢","12","7"
"翱","12","12"
"簇","12","11"
"禪","12","9"
"豉","12","7"
"洼","12","11"
"缚","12","12"
"攏","12","10"
"镶","12","12"
"傘","12","7"
"滔","12","9"
"鹊","12","11"
"諜","12","7"
"骥","12","12"
"戮","12","11"
"躁","12","12"
"谬","12","12"
"庐","12","8"
"漩","12","12"
"眶","12","12"
"轧","12","8"
"镁","12","8"
"诽","12","12"
"铲","12","11"
"餓","12","10"
"镖","12","8"
"蔣","12","8"
"乖","12","10"
"窒","12","12"
"攒","12","12"
"暈","12","9"
"姥","12","7"
"歙","12","6"
"蜻","12","10"
"邑","12","9"
"皚","12","6"
"齒","12","11"
"牠","12","10"
"狸","12","7"
"锺","12","11"
"忒","12","10"
"懿","12","8"
"籤","12","12"
"捩","12","11"
"塢","12","7"
"睽","12","10"
"咀","12","12"
"偕","12","11"
"懼","12","10"
"霆","12","11"
"裴","12","8"
"凹","12","11"
"娇","12","12"
"棱","12","11"
"刨","12","7"
"墅","12","11"
"冥","12","10"
"詮","12","12"
"鹮","12","5"
"哔","12","6"
"哩","12","7"
"瑕","12","12"
"馥","12","11"
"恍","12","10"
"睿","12","10"
"蹒","12","12"
"鍍","12","7"
"幢","12","8"
"饽","12","4"
"蜡","12","11"
"擱","12","10"
"咔","12","7"
"卯","12","10"
"赂","12","11"
"掺","12","12"
"佼","12","6"
"锗","12","11"
"乞","12","7"
"酣","11","11"
"淆","11","11"
"啃","11","10"
"謠","11","9"
"敷","11","10"
"舔","11","11"
"晝","11","10"
"谦","11","11"
"笨","11","11"
"揉","11","10"
"栈","11","11"
"恳","11","11"
"劈","11","11"
"頃","11","9"
"撬","11","11"
"謐","11","11"
"凳","11","8"
"獄","11","11"
"螢","11","9"
"斬","11","8"
"榆","11","9"
"渦","11","9"
"淖","11","10"
"稽","11","9"
"蘸","11","10"
"夾","11","9"
"氦","11","5"
"邢","11","8"
"漿","11","10"
"洩","11","11"
"恥","11","10"
"熄","11","10"
"侖","11","8"
"湟","11","6"
"洄","11","9"
"瀟","11","11"
"帛","11","6"
"跤","11","9"
"嘯","11","7"
"苞","11","10"
"奸","11","9"
"靚","11","10"
"謎","11","11"
"釔","11","5"
"壑","11","11"
"丟","11","11"
"捆","11","11"
"拽","11","11"
"饒","11","10"
"谒","11","11"
"韶","11","9"
"棠","11","9"
"崭","11","10"
"癱","11","10"
"饕","11","10"
"缸","11","11"
"簸","11","11"
"爵","11","9"
"霓","11","11"
"靴","11","9"
"妗","11","11"
"綸","11","7"
"闔","11","11"
"賭","11","9"
"朦","11","10"
"怠","11","11"
"臻","11","8"
"焙","11","8"
"猝","11","11"
"锯","11","10"
"掣","11","11"
"嚣","11","11"
"涮","11","8"
"绷","11","11"
"捂","11","9"
"榫","11","8"
"蔑","11","11"
"阮","11","9"
"蜊","11","5"
"扒","10","10"
"筏","10","9"
"枸","10","9"
"豎","10","9"
"蟬","10","9"
"箍","10","10"
"蠶","10","4"
"纏","10","10"
"绢","10","8"
"敛","10","10"
"蛻","10","10"
"攪","10","10"
"沂","10","6"
"汾","10","9"
"昙","10","10"
"淬","10","9"
"潇","10","9"
"寮","10","9"
"祛","10","9"
"孢","10","8"
"旖","10","9"
"旎","10","9"
"氤","10","9"
"塵","10","10"
"耙","10","5"
"禀","10","10"
"钾","10","7"
"扳","10","10"
"鑰","10","7"
"桁","10","9"
"唁","10","8"
"暄","10","10"
"邃","10","10"
"鹼","10","8"
"販","10","8"
"舫","10","7"
"繽","10","9"
"鰭","10","7"
"妃","10","9"
"昼","10","9"
"桨","10","9"
"縷","10","8"
"槿","10","7"
"喪","10","10"
"幟","10","10"
"忱","10","10"
"廂","10","9"
"韬","10","8"
"绰","10","10"
"疹","10","5"
"兀","10","10"
"鸳","10","7"
"鸯","10","7"
"粑","10","4"
"佤","10","6"
"羲","10","6"
"歹","10","10"
"躬","10","9"
"朽","10","10"
"鳜","10","3"
"匮","10","10"
"狩","10","7"
"邵","10","10"
"骇","10","10"
"媳","10","9"
"蟑","10","7"
"戍","10","8"
"襄","10","8"
"胧","10","9"
"銖","10","7"
"泣","10","10"
"殴","10","10"
"趸","10","10"
"婪","10","10"
"弧","10","9"
"跋","10","9"
"颶","10","6"
"頌","10","7"
"鴕","10","2"
"傢","10","6"
"陛","10","7"
"覃","10","10"
"龜","10","6"
"猿","10","6"
"钳","10","8"
"坷","10","10"
"侍","10","9"
"仟","10","10"
"杪","10","10"
"狄","10","9"
"梓","10","5"
"咩","10","5"
"祷","10","9"
"痊","10","10"
"疮","10","8"
"殉","9","8"
"焯","9","8"
"憩","9","9"
"鬃","9","8"
"耘","9","9"
"荆","9","8"
"沽","9","8"
"冢","9","6"
"邯","9","6"
"獺","9","6"
"呦","9","5"
"吋","9","8"
"岔","9","8"
"煩","9","9"
"冤","9","9"
"辄","9","9"
"淤","9","8"
"鎏","9","6"
"烛","9","9"
"恬","9","9"
"瀉","9","8"
"鹃","9","4"
"芜","9","9"
"嘘","9","9"
"腱","9","6"
"澱","9","9"
"蛎","9","4"
"枣","9","8"
"稚","9","9"
"钼","9","5"
"浚","9","7"
"嫉","9","9"
"浊","9","8"
"譬","9","8"
"鏑","9","8"
"侄","9","8"
"捅","9","6"
"牒","9","9"
"訝","9","8"
"擰","9","7"
"泗","9","7"
"蔭","9","9"
"錤","9","8"
"萤","9","7"
"隋","9","6"
"筐","9","8"
"綱","9","9"
"霽","9","6"
"尕","9","5"
"晗","9","9"
"剿","9","9"
"鈦","9","6"
"綁","9","8"
"缥","9","8"
"缈","9","8"
"彷","9","9"
"暉","9","8"
"昱","9","7"
"熏","9","7"
"蓓","9","7"
"瀰","9","9"
"伎","9","7"
"兇","9","9"
"蹬","9","9"
"堀","9","9"
"烽","9","9"
"燙","9","7"
"涟","9","9"
"呐","9","8"
"彬","9","8"
"屹","9","9"
"蜥","9","7"
"梢","9","8"
"臃","9","8"
"渥","9","8"
"蕊","9","7"
"翘","9","8"
"訣","9","9"
"谕","9","7"
"疵","9","9"
"讳","9","9"
"钍","9","4"
"墊","9","9"
"殃","9","9"
"撮","9","8"
"邹","9","7"
"狲","9","4"
"釀","9","9"
"粧","9","7"
"釐","9","9"
"圩","9","7"
"雹","9","6"
"窜","9","9"
"悸","9","9"
"撇","9","9"
"椭","9","9"
"苯","9","8"
"诫","9","9"
"蝙","9","8"
"呛","9","9"
"踊","9","9"
"耸","9","9"
"奘","9","6"
"缪","9","8"
"毋","9","8"
"蚶","9","5"
"酰","9","8"
"憤","8","8"
"膩","8","8"
"懵","8","8"
"雉","8","7"
"疇","8","6"
"趾","8","7"
"瞪","8","6"
"驢","8","8"
"剁","8","5"
"咯","8","8"
"脾","8","6"
"錨","8","7"
"珺","8","6"
"餾","8","6"
"砥","8","8"
"膚","8","8"
"棧","8","6"
"胳","8","6"
"戛","8","8"
"閑","8","8"
"蚌","8","6"
"鸚","8","7"
"鵡","8","7"
"叽","8","4"
"畴","8","8"
"胚","8","6"
"镳","8","8"
"摺","8","5"
"頑","8","7"
"鈉","8","4"
"皖","8","7"
"溥","8","5"
"霁","8","7"
"叼","8","7"
"癫","8","8"
"柩","8","7"
"亘","8","7"
"嶂","8","8"
"雛","8","5"
"嶄","8","8"
"碱","8","7"
"芊","8","6"
"駒","8","6"
"吶","8","7"
"飢","8","6"
"雏","8","7"
"裳","8","8"
"鐫","8","8"
"诵","8","8"
"渾","8","8"
"綏","8","8"
"蠟","8","6"
"趴","8","6"
"迸","8","8"
"茧","8","5"
"嫣","8","6"
"咕","8","7"
"靓","8","8"
"鍛","8","7"
"躯","8","8"
"鴟","8","4"
"鋱","8","8"
"簪","8","6"
"鳞","8","7"
"蛳","8","5"
"檻","8","8"
"隍","8","3"
"莺","8","8"
"陲","8","8"
"觑","8","8"
"呱","8","4"
"阖","8","8"
"羨","8","6"
"辫","8","6"
"喚","8","7"
"吆","8","8"
"鬣","8","5"
"賃","8","8"
"騷","8","8"
"炽","8","8"
"俭","8","8"
"剃","8","7"
"昕","8","6"
"鈔","8","3"
"钯","8","7"
"璧","8","8"
"垠","8","8"
"恙","8","8"
"嵩","8","8"
"吼","8","7"
"矫","8","8"
"稔","8","8"
"驭","8","8"
"禹","8","7"
"睏","8","7"
"抒","8","7"
"秃","8","8"
"倘","8","8"
"蟋","8","6"
"寐","8","8"
"哮","8","7"
"蝸","8","1"
"庚","8","5"
"烁","8","8"
"憋","8","8"
"鴉","8","5"
"怜","8","8"
"眈","8","4"
"爍","8","4"
"腎","8","5"
"凋","8","8"
"粱","8","7"
"湍","8","8"
"钜","8","7"
"燮","8","8"
"梶","8","8"
"灕","7","4"
"腩","7","6"
"芹","7","5"
"糙","7","7"
"烩","7","7"
"盅","7","5"
"匕","7","5"
"瓢","7","7"
"揀","7","7"
"岖","7","7"
"蹴","7","6"
"嫂","7","7"
"枉","7","7"
"鬚","7","4"
"萦","7","7"
"垦","7","7"
"箬","7","5"
"嵐","7","5"
"繕","7","6"
"禍","7","7"
"褐","7","7"
"鳝","7","5"
"茸","7","4"
"磕","7","5"
"泾","7","6"
"澇","7","6"
"欖","7","7"
"叩","7","5"
"廬","7","5"
"嘹","7","7"
"埂","7","5"
"涪","7","5"
"褶","7","7"
"窩","7","6"
"誦","7","5"
"滘","7","6"
"鏗","7","7"
"鏘","7","7"
"竺","7","4"
"豔","7","7"
"摒","7","7"
"閥","7","4"
"禅","7","6"
"唠","7","4"
"徜","7","7"
"徉","7","7"
"拇","7","6"
"呕","7","7"
"掰","7","5"
"菏","7","5"
"迥","7","7"
"徕","7","7"
"潍","7","4"
"楹","7","4"
"晦","7","7"
"萃","7","7"
"矯","7","5"
"篩","7","6"
"鴞","7","4"
"煦","7","7"
"袄","7","7"
"爲","7","7"
"糸","7","4"
"囑","7","7"
"餡","7","6"
"叢","7","7"
"齋","7","5"
"钧","7","6"
"昧","7","7"
"逞","7","7"
"鏢","7","3"
"屑","7","6"
"泓","7","6"
"軀","7","7"
"紊","7","7"
"轍","7","7"
"濾","7","7"
"岚","7","6"
"橇","7","4"
"刪","7","6"
"橱","7","6"
"檯","7","6"
"阂","7","7"
"樺","7","5"
"鲟","7","4"
"踞","7","7"
"咚","7","4"
"甄","7","5"
"妒","7","7"
"杖","7","7"
"茹","7","6"
"酮","7","5"
"镝","7","6"
"鉛","7","4"
"捨","7","7"
"麝","7","2"
"蟀","7","5"
"悳","7","7"
"蝇","7","7"
"蜕","7","7"
"掐","7","5"
"袒","7","7"
"叭","7","6"
"蚬","7","7"
"耽","7","7"
"鉤","7","6"
"匣","7","7"
"颊","7","7"
"酩","7","5"
"篆","7","3"
"咙","7","7"
"兢","7","4"
"黴","7","4"
"汝","7","7"
"祎","7","6"
"濑","7","7"
"嗑","6","6"
"繭","6","2"
"囧","6","6"
"喽","6","6"
"絆","6","6"
"箏","6","6"
"铎","6","6"
"惱","6","6"
"屎","6","5"
"涿","6","4"
"皺","6","4"
"尧","6","6"
"甬","6","4"
"厭","6","5"
"揪","6","6"
"罵","6","6"
"槃","6","6"
"墾","6","5"
"膊","6","5"
"聂","6","4"
"愣","6","5"
"颅","6","5"
"骐","6","6"
"氳","6","5"
"黟","6","6"
"嬰","6","5"
"怼","6","6"
"鱖","6","3"
"嗯","6","6"
"敕","6","2"
"螯","6","5"
"潼","6","4"
"緝","6","4"
"歎","6","6"
"犛","6","3"
"蘢","6","6"
"鈞","6","6"
"踴","6","6"
"鸛","6","2"
"瑛","6","6"
"鶇","6","2"
"拷","6","6"
"瓮","6","5"
"傭","6","4"
"饋","6","6"
"牦","6","5"
"蛾","6","5"
"餚","6","6"
"蜗","6","4"
"湊","6","6"
"跹","6","6"
"谚","6","6"
"遒","6","6"
"仆","6","6"
"狹","6","6"
"鋅","6","3"
"擀","6","5"
"瑾","6","6"
"轅","6","2"
"哽","6","6"
"曰","6","5"
"咫","6","6"
"荟","6","6"
"陀","6","5"
"咧","6","5"
"辕","6","4"
"涎","6","6"
"驴","6","5"
"叒","6","6"
"菁","6","6"
"恫","6","6"
"釹","6","6"
"悯","6","5"
"铿","6","6"
"廿","6","6"
"璞","6","4"
"鄙","6","5"
"骁","6","6"
"綦","6","3"
"獾","6","4"
"凜","6","5"
"砌","6","5"
"笠","6","6"
"俨","6","6"
"遴","6","6"
"侥","6","6"
"鯤","6","5"
"猞","6","4"
"猁","6","4"
"顫","6","4"
"聶","6","4"
"幔","6","4"
"琥","6","6"
"炊","6","6"
"裊","6","3"
"窺","6","6"
"缨","6","4"
"娩","6","6"
"闺","6","6"
"蟻","6","5"
"袜","6","6"
"臍","6","2"
"妤","6","4"
"饃","6","3"
"蛐","6","2"
"烊","6","6"
"玟","6","3"
"俞","6","4"
"隴","6","5"
"舅","6","3"
"釘","6","5"
"鉬","6","3"
"楷","6","6"
"墻","6","3"
"肮","6","6"
"軾","6","6"
"豌","6","5"
"栃","6","6"
"耦","6","5"
"髦","6","6"
"嗜","6","6"
"诡","6","6"
"蹿","6","5"
"咤","6","6"
"娣","6","6"
"咄","6","3"
"悚","6","6"
"巖","6","6"
"嚓","6","4"
"叱","6","6"
"汩","6","3"
"邰","6","6"
"肛","6","5"
"覲","6","2"
"痫","6","6"
"呷","6","4"
"畬","6","1"
"蟒","6","5"
"睒","6","3"
"壬","6","6"
"钕","6","4"
"啧","6","3"
"篪","6","6"
"氖","6","4"
"茴","5","2"
"躚","5","5"
"镌","5","5"
"皋","5","3"
"辗","5","5"
"矣","5","5"
"氂","5","3"
"诋","5","5"
"祇","5","3"
"爰","5","1"
"鹬","5","4"
"芡","5","3"
"瘪","5","5"
"狙","5","5"
"碉","5","2"
"吭","5","3"
"鎣","5","2"
"澗","5","4"
"抠","5","5"
"諷","5","5"
"漣","5","5"
"焗","5","3"
"牯","5","3"
"褒","5","5"
"蹊","5","5"
"怯","5","5"
"遨","5","4"
"淞","5","5"
"拎","5","5"
"驛","5","4"
"岱","5","4"
"掳","5","5"
"銻","5","3"
"衊","5","5"
"隸","5","5"
"贱","5","5"
"濰","5","4"
"仞","5","4"
"瀘","5","4"
"陜","5","4"
"棗","5","5"
"僱","5","5"
"惦","5","5"
"聳","5","5"
"餌","5","5"
"鎊","5","5"
"燭","5","4"
"嗓","5","5"
"枇","5","2"
"杷","5","2"
"暹","5","4"
"窍","5","5"
"讹","5","4"
"荧","5","4"
"斟","5","5"
"馭","5","5"
"懾","5","5"
"袅","5","3"
"厮","5","5"
"榔","5","5"
"荫","5","5"
"銮","5","5"
"珞","5","5"
"馄","5","3"
"饨","5","3"
"彿","5","5"
"毗","5","5"
"嵊","5","3"
"瘓","5","5"
"亢","5","5"
"搗","5","4"
"砲","5","5"
"禱","5","5"
"脷","5","2"
"蹺","5","4"
"钰","5","5"
"狍","5","4"
"枞","5","3"
"踱","5","5"
"秆","5","3"
"瘡","5","3"
"痍","5","5"
"柵","5","4"
"郸","5","3"
"枭","5","4"
"锥","5","5"
"缣","5","5"
"鋸","5","4"
"妍","5","4"
"冗","5","5"
"婭","5","5"
"刈","5","5"
"甯","5","3"
"慵","5","5"
"啄","5","4"
"噶","5","5"
"幀","5","5"
"脯","5","4"
"缮","5","5"
"瞭","5","5"
"囂","5","5"
"谛","5","5"
"渎","5","5"
"塾","5","4"
"鐮","5","4"
"鄒","5","4"
"膻","5","3"
"袱","5","5"
"忏","5","5"
"笃","5","4"
"酌","5","5"
"崐","5","4"
"萁","5","4"
"酶","5","5"
"萱","5","3"
"嗩","5","4"
"稞","5","3"
"苟","5","4"
"唬","5","5"
"隅","5","4"
"腆","5","5"
"炜","5","5"
"喵","5","3"
"砾","5","5"
"愷","5","2"
"舂","5","2"
"莘","5","2"
"貘","5","2"
"祺","5","4"
"挾","5","5"
"淫","5","5"
"拧","5","5"
"彙","5","4"
"菖","5","3"
"鉍","5","2"
"蔻","5","4"
"鑵","5","5"
"隘","5","5"
"殆","5","5"
"腮","5","4"
"弩","5","4"
"虱","5","4"
"皓","5","5"
"咆","5","5"
"傈","5","4"
"僳","5","4"
"铟","5","4"
"兮","5","4"
"椪","5","3"
"吏","5","3"
"搪","5","2"
"弭","5","5"
"叁","5","4"
"毓","5","4"
"喆","5","5"
"铉","5","4"
"珂","5","5"
"皎","5","2"
"晏","5","4"
"昶","5","4"
"涤","5","5"
"镰","5","3"
"牂","5","1"
"牁","5","1"
"钊","5","5"
"夭","5","3"
"疟","5","3"
"轭","5","5"
"鲭","5","2"
"惋","5","5"
"锭","5","4"
"妓","5","2"
"硼","4","4"
"鱔","4","2"
"嘅","4","4"
"郏","4","2"
"涧","4","4"
"驹","4","4"
"斂","4","4"
"绦","4","3"
"鑿","4","4"
"鄲","4","3"
"碁","4","4"
"濛","4","4"
"嫖","4","4"
"陂","4","4"
"郢","4","1"
"稟","4","4"
"縈","4","4"
"哧","4","2"
"赓","4","4"
"蹭","4","4"
"瞳","4","4"
"菩","4","4"
"汞","4","3"
"鲮","4","2"
"慾","4","4"
"吱","4","4"
"漱","4","4"
"圜","4","4"
"瑋","4","3"
"忻","4","1"
"滦","4","4"
"惰","4","4"
"癮","4","3"
"啼","4","4"
"捶","4","4"
"滁","4","3"
"嫻","4","4"
"餛","4","2"
"飩","4","2"
"氲","4","4"
"櫛","4","4"
"鲲","4","4"
"奐","4","4"
"鹌","4","3"
"鹑","4","3"
"郴","4","3"
"秭","4","2"
"楫","4","3"
"窿","4","4"
"藺","4","2"
"樅","4","3"
"垛","4","4"
"虏","4","4"
"拮","4","4"
"曠","4","4"
"颦","4","4"
"诧","4","4"
"侶","4","4"
"粟","4","4"
"嗦","4","3"
"谆","4","2"
"霭","4","4"
"芍","4","2"
"獼","4","2"
"霖","4","4"
"龔","4","3"
"蹂","4","4"
"躏","4","4"
"謁","4","3"
"寝","4","4"
"堑","4","4"
"姊","4","2"
"琦","4","4"
"昴","4","1"
"錘","4","4"
"涇","4","3"
"詆","4","4"
"篓","4","4"
"饢","4","3"
"嚏","4","4"
"镬","4","4"
"攫","4","4"
"眸","4","4"
"簾","4","3"
"勐","4","4"
"锵","4","4"
"瀏","4","4"
"攢","4","4"
"唢","4","3"
"迢","4","2"
"炕","4","4"
"绥","4","4"
"襖","4","4"
"鍾","4","4"
"踹","4","4"
"珅","4","4"
"饞","4","3"
"幡","4","1"
"氆","4","4"
"氌","4","4"
"榭","4","2"
"疚","4","4"
"懶","4","4"
"焉","4","4"
"薅","4","3"
"噤","4","4"
"猕","4","4"
"赝","4","3"
"遑","4","4"
"玥","4","4"
"诟","4","4"
"螨","4","2"
"秸","4","2"
"嬛","4","2"
"瑯","4","3"
"褲","4","3"
"濺","4","4"
"饑","4","2"
"頡","4","3"
"贻","4","4"
"讣","4","4"
"趵","4","3"
"隰","4","4"
"庵","4","4"
"呗","4","3"
"僻","4","4"
"渍","4","4"
"熾","4","4"
"砝","4","4"
"瓯","4","4"
"酚","4","3"
"鸵","4","2"
"垩","4","4"
"胴","4","3"
"賡","4","3"
"赈","4","4"
"砷","4","4"
"冼","4","2"
"娓","4","2"
"闰","4","3"
"慜","4","4"
"纮","4","4"
"銹","4","3"
"簧","4","4"
"噠","4","1"
"卦","4","2"
"掄","4","2"
"戟","4","4"
"桔","4","4"
"飪","4","4"
"钝","4","4"
"寰","4","4"
"缽","4","3"
"熹","4","3"
"螞","4","4"
"匡","4","4"
"腼","4","4"
"鹹","4","3"
"鹜","4","4"
"簌","4","2"
"蚱","4","4"
"赃","4","4"
"埕","4","4"
"祐","4","4"
"喋","4","2"
"蜚","4","4"
"茜","4","4"
"诬","4","4"
"铬","4","2"
"噱","4","4"
"祕","4","4"
"昵","4","3"
"銥","4","1"
"俾","4","3"
"蓼","4","2"
"筱","4","4"
"鏖","4","3"
"楂","4","3"
"堊","4","2"
"鞦","4","2"
"韆","4","2"
"屉","4","4"
"鏽","4","4"
"嗣","4","4"
"俐","4","2"
"煠","4","1"
"惶","4","3"
"惺","4","2"
"柞","4","4"
"嘤","4","2"
"粕","4","4"
"捎","4","4"
"漉","4","2"
"篑","4","4"
"祯","4","2"
"滝","4","4"
"唏","4","4"
"荚","4","4"
"癸","4","4"
"隈","4","3"
"盂","4","2"
"朥","4","1"
"庶","4","2"
"姗","4","2"
"娄","3","3"
"鲈","3","3"
"锰","3","3"
"嘈","3","3"
"醃","3","3"
"疙","3","2"
"瘩","3","2"
"鱷","3","3"
"瞎","3","3"
"茬","3","3"
"葦","3","3"
"绯","3","3"
"寞","3","3"
"砺","3","3"
"燧","3","3"
"蔼","3","2"
"咂","3","3"
"芷","3","2"
"臊","3","3"
"苔","3","2"
"簷","3","3"
"譁","3","3"
"漯","3","2"
"铵","3","3"
"哎","3","3"
"鉀","3","2"
"讬","3","3"
"婁","3","3"
"糰","3","3"
"厥","3","3"
"繃","3","3"
"擲","3","3"
"弔","3","3"
"笺","3","3"
"欒","3","2"
"葩","3","3"
"舸","3","3"
"郝","3","3"
"磴","3","2"
"跷","3","2"
"匱","3","3"
"牍","3","3"
"岷","3","3"
"囪","3","3"
"闕","3","3"
"漕","3","3"
"诏","3","3"
"桎","3","3"
"梏","3","3"
"縹","3","3"
"緲","3","3"
"邙","3","2"
"兗","3","1"
"赭","3","3"
"涑","3","1"
"饵","3","2"
"醺","3","3"
"葚","3","1"
"觴","3","3"
"緞","3","3"
"忐","3","3"
"忑","3","3"
"椿","3","2"
"陇","3","2"
"舀","3","3"
"奂","3","3"
"郯","3","1"
"酉","3","2"
"峒","3","3"
"昜","3","1"
"畸","3","3"
"輥","3","1"
"溼","3","2"
"嘮","3","2"
"馐","3","3"
"錚","3","2"
"稜","3","3"
"瀨","3","3"
"鄯","3","2"
"淼","3","3"
"沅","3","3"
"蟾","3","3"
"吝","3","3"
"竄","3","2"
"閔","3","2"
"儉","3","3"
"徠","3","1"
"撓","3","3"
"痒","3","2"
"踮","3","2"
"蟄","3","2"
"毆","3","3"
"岘","3","2"
"嘞","3","2"
"潦","3","3"
"皿","3","3"
"娶","3","3"
"躇","3","3"
"茁","3","3"
"谙","3","3"
"岫","3","2"
"锹","3","3"
"詡","3","3"
"尷","3","3"
"捺","3","3"
"惮","3","3"
"臀","3","3"
"棂","3","3"
"嶙","3","3"
"峋","3","3"
"蠻","3","3"
"褥","3","1"
"砚","3","3"
"姝","3","3"
"裨","3","3"
"佇","3","3"
"鏟","3","3"
"臆","3","3"
"籟","3","2"
"铰","3","3"
"攙","3","3"
"燁","3","3"
"懊","3","3"
"啮","3","3"
"惚","3","2"
"諦","3","3"
"軋","3","2"
"靛","3","3"
"哏","3","3"
"孀","3","3"
"潯","3","3"
"籬","3","2"
"洶","3","3"
"啓","3","3"
"詼","3","3"
"秣","3","3"
"眩","3","3"
"貞","3","3"
"輟","3","2"
"哒","3","3"
"匾","3","3"
"艮","3","2"
"铐","3","3"
"愫","3","3"
"瘍","3","1"
"噌","3","2"
"禕","3","1"
"籁","3","3"
"喔","3","3"
"糍","3","3"
"纓","3","3"
"憎","3","3"
"訛","3","3"
"懟","3","3"
"皂","3","3"
"蟠","3","2"
"鵰","3","2"
"埭","3","2"
"遐","3","3"
"笈","3","3"
"颉","3","2"
"骡","3","3"
"叕","3","3"
"唳","3","3"
"铆","3","3"
"螄","3","2"
"鯽","3","2"
"虻","3","2"
"嗔","3","1"
"盹","3","3"
"蜢","3","3"
"骰","3","3"
"牘","3","2"
"窪","3","3"
"豺","3","1"
"蔷","3","3"
"瘀","3","3"
"秽","3","3"
"拈","3","3"
"閬","3","2"
"铌","3","2"
"魷","3","3"
"疤","3","2"
"岜","3","2"
"灤","3","2"
"磺","3","3"
"姍","3","2"
"伫","3","2"
"薑","3","3"
"峯","3","3"
"榛","3","3"
"酗","3","3"
"鲇","3","3"
"瞠","3","3"
"狈","3","3"
"蜃","3","3"
"毡","3","3"
"楳","3","1"
"谩","3","3"
"犸","3","3"
"瘠","3","3"
"琺","3","2"
"嘻","3","2"
"吠","3","2"
"纍","3","3"
"颳","3","3"
"醛","3","3"
"鵲","3","2"
"埸","3","2"
"辍","3","3"
"貪","3","3"
"氰","3","3"
"蛸","3","1"
"簍","3","1"
"耄","3","3"
"耋","3","3"
"槐","3","2"
"麴","3","3"
"錳","3","2"
"劼","3","2"
"醜","3","2"
"喙","3","2"
"鵟","3","1"
"鯢","3","1"
"脐","3","3"
"蜱","3","1"
"踉","3","2"
"跄","3","2"
"邝","3","3"
"铤","3","3"
"俪","3","3"
"虔","3","3"
"孰","3","2"
"鳔","3","3"
"敝","3","3"
"遽","3","3"
"鲷","3","2"
"铯","3","3"
"铽","3","1"
"煇","3","3"
"皈","3","1"
"姪","3","1"
"揺","3","3"
"毂","3","2"
"呜","3","2"
"悭","3","3"
"蓊","3","3"
"滢","3","2"
"绫","3","3"
"飚","3","3"
"犊","3","2"
"痔","3","1"
"凖","3","3"
"蝗","3","3"
"脞","3","1"
"锕","3","1"
"婞","3","2"
"桧","3","1"
"笹","3","1"
"鲱","3","1"
"裘","3","3"
"褂","2","2"
"僕","2","1"
"骅","2","2"
"俺","2","2"
"扌","2","2"
"氵","2","2"
"鹈","2","1"
"鹕","2","1"
"碚","2","2"
"罡","2","2"
"鳽","2","2"
"葷","2","2"
"獠","2","2"
"攥","2","2"
"弼","2","1"
"缂","2","1"
"诛","2","2"
"涕","2","2"
"犟","2","2"
"睢","2","1"
"鼯","2","1"
"煸","2","2"
"紓","2","2"
"秤","2","2"
"畈","2","2"
"匝","2","1"
"燿","2","1"
"泞","2","2"
"濁","2","2"
"鎂","2","1"
"琊","2","2"
"傀","2","2"
"儡","2","2"
"掙","2","2"
"櫟","2","2"
"捻","2","2"
"楔","2","2"
"鱈","2","1"
"礪","2","2"
"摹","2","2"
"潋","2","2"
"滟","2","2"
"阡","2","2"
"夼","2","1"
"濡","2","2"
"荇","2","1"
"屍","2","2"
"堯","2","2"
"儺","2","2"
"瀝","2","2"
"阉","2","2"
"濞","2","1"
"膘","2","2"
"嫲","2","2"
"臼","2","2"
"桅","2","2"
"沥","2","2"
"滎","2","1"
"揍","2","2"
"谄","2","2"
"韜","2","1"
"箩","2","2"
"偃","2","2"
"慚","2","2"
"薏","2","2"
"翎","2","2"
"巋","2","2"
"麂","2","1"
"偎","2","2"
"鹵","2","2"
"楸","2","2"
"聹","2","1"
"瞅","2","1"
"鼬","2","2"
"璜","2","2"
"鸬","2","2"
"鹚","2","2"
"寢","2","2"
"檳","2","1"
"鸢","2","2"
"翾","2","1"
"褫","2","2"
"誹","2","1"
"謗","2","1"
"睜","2","2"
"嫡","2","2"
"靥","2","2"
"篾","2","2"
"臚","2","1"
"忄","2","2"
"亻","2","2"
"憊","2","2"
"雋","2","1"
"瀞","2","1"
"煨","2","2"
"増","2","2"
"鐠","2","2"
"癢","2","2"
"啫","2","1"
"輒","2","2"
"茎","2","2"
"覬","2","2"
"覦","2","2"
"魑","2","1"
"魍","2","1"
"魉","2","1"
"妊","2","2"
"娠","2","2"
"诩","2","2"
"娲","2","2"
"馁","2","2"
"騏","2","2"
"噹","2","1"
"韁","2","2"
"菘","2","1"
"篤","2","2"
"啰","2","2"
"仄","2","2"
"馱","2","2"
"纂","2","2"
"瞞","2","2"
"骊","2","2"
"紳","2","1"
"帼","2","2"
"躊","2","2"
"虬","2","2"
"焐","2","2"
"薈","2","2"
"剷","2","2"
"妪","2","1"
"坯","2","2"
"羈","2","2"
"屐","2","2"
"觊","2","2"
"觎","2","2"
"叵","2","2"
"噎","2","2"
"塹","2","2"
"龚","2","2"
"枷","2","2"
"鸮","2","2"
"誡","2","2"
"迩","2","2"
"殤","2","2"
"賊","2","2"
"碴","2","2"
"硒","2","2"
"蝎","2","2"
"嬈","2","1"
"諺","2","2"
"鋤","2","2"
"惘","2","2"
"頹","2","2"
"鈺","2","2"
"苷","2","1"
"瞥","2","2"
"佰","2","2"
"佝","2","2"
"篁","2","2"
"癡","2","2"
"糞","2","2"
"孿","2","2"
"淠","2","1"
"赊","2","2"
"亙","2","2"
"茱","2","2"
"萸","2","2"
"妳","2","2"
"瀛","2","2"
"獷","2","2"
"磡","2","2"
"珏","2","2"
"醯","2","2"
"蓁","2","2"
"蕎","2","2"
"醞","2","2"
"诅","2","2"
"湔","2","2"
"沆","2","2"
"銦","2","2"
"硯","2","2"
"豈","2","2"
"怂","2","2"
"恿","2","2"
"膛","2","2"
"纶","2","2"
"鳕","2","1"
"愾","2","2"
"抡","2","2"
"膺","2","2"
"隕","2","2"
"翹","2","2"
"箜","2","2"
"篌","2","2"
"莅","2","2"
"醪","2","2"
"卒","2","2"
"钲","2","2"
"糗","2","2"
"鮨","2","2"
"閡","2","2"
"爻","2","1"
"噜","2","1"
"钺","2","1"
"漄","2","1"
"鱉","2","2"
"繆","2","2"
"鰍","2","1"
"邇","2","2"
"廁","2","2"
"丐","2","2"
"薙","2","1"
"蓑","2","2"
"嗡","2","2"
"瀧","2","2"
"邛","2","2"
"仡","2","2"
"磧","2","1"
"泯","2","2"
"嘰","2","1"
"蒿","2","2"
"嚎","2","2"
"孺","2","2"
"蜴","2","2"
"彧","2","2"
"浣","2","2"
"鈀","2","2"
"坭","2","1"
"墳","2","2"
"潢","2","2"
"铼","2","2"
"疣","2","2"
"拣","2","2"
"陞","2","2"
"濯","2","2"
"惴","2","1"
"娆","2","2"
"轼","2","2"
"砒","2","1"
"筠","2","2"
"螭","2","2"
"玖","2","2"
"闫","2","2"
"刁","2","1"
"碲","2","2"
"溧","2","2"
"衆","2","2"
"鍶","2","1"
"貂","2","2"
"卣","2","2"
"頰","2","2"
"埗","2","2"
"缄","2","2"
"扉","2","2"
"脳","2","1"
"偌","2","2"
"跫","2","2"
"囹","2","2"
"圄","2","2"
"汙","2","2"
"叄","2","1"
"瘁","2","2"
"餮","2","1"
"窈","2","2"
"窕","2","2"
"撣","2","2"
"猷","2","1"
"恵","2","2"
"鶩","2","2"
"鴛","2","2"
"鴦","2","2"
"勻","2","2"
"窦","2","2"
"唆","2","1"
"釗","2","1"
"聋","2","2"
"佴","2","1"
"啾","2","1"
"殮","2","1"
"缎","2","2"
"畹","2","1"
"喹","2","1"
"叨","2","2"
"痹","2","2"
"鹫","2","2"
"骷","2","2"
"髅","2","2"
"瘧","2","1"
"忾","2","2"
"铡","2","2"
"菡","2","2"
"缰","2","2"
"礫","2","1"
"髯","2","2"
"蓟","2","1"
"鑣","2","2"
"餸","2","2"
"镛","2","1"
"珮","2","2"
"绮","2","2"
"鳅","2","1"
"黝","2","2"
"撂","2","2"
"绶","2","2"
"垸","2","2"
"龈","2","2"
"歆","2","2"
"脩","2","1"
"鵙","2","1"
"鹛","2","1"
"犒","2","2"
"綽","2","1"
"榊","2","2"
"溟","2","1"
"泱","2","1"
"蒯","2","1"
"锏","2","2"
"蕨","2","1"
"嗝","2","2"
"摻","2","2"
"餞","2","1"
"炯","2","1"
"莠","2","2"
"汊","2","1"
"谘","2","2"
"崧","2","1"
"礑","2","2"
"篱","2","2"
"俵","2","2"
"珈","2","2"
"蛀","2","1"
"憷","2","2"
"碇","2","2"
"伉","2","2"
"蹶","2","2"
"渌","2","1"
"驪","2","1"
"恕","2","2"
"蜈","2","1"
"蚣","2","1"
"樋","2","2"
"轶","2","2"
"刍","2","2"
"蜇","2","1"
"樽","2","1"
"鲣","2","2"
"镭","2","2"
"棨","2","1"
"鸠","2","2"
"遁","2","2"
"铱","2","2"
"黙","2","2"
"狰","2","2"
"狞","2","2"
"绌","2","2"
"恣","2","2"
"碛","2","1"
"莒","2","1"
"钣","2","1"
"忿","2","1"
"飕","2","1"
"讴","2","1"
"揾","2","1"
"鳀","2","2"
"怦","2","2"
"掴","2","2"
"荳","2","1"
"琰","2","2"
"纭","2","2"
"腋","2","1"
"邡","2","1"
"亵","2","2"
"萩","2","2"
"堃","2","2"
"镯","2","1"
"拄","2","2"
"锉","2","2"
"鳟","2","2"
"滂","2","2"
"睬","2","2"
"恹","2","1"
"钚","2","2"
"劵","2","1"
"暌","2","2"
"蓥","2","2"
"熨","2","2"
"鲔","2","1"
"阎","2","2"
"聿","2","2"
"疱","2","1"
"睾","2","1"
"晸","2","1"
"铮","2","1"
"榷","2","2"
"苒","2","1"
"喳","2","1"
"錾","1","1"
"揫","1","1"
"椁","1","1"
"敔","1","1"
"撩","1","1"
"鉿","1","1"
"繅","1","1"
"絞","1","1"
"垻","1","1"
"凵","1","1"
"卩","1","1"
"彳","1","1"
"稗","1","1"
"鬨","1","1"
"钎","1","1"
"盱","1","1"
"眙","1","1"
"阈","1","1"
"鶚","1","1"
"腫","1","1"
"譟","1","1"
"鳃","1","1"
"韮","1","1"
"亓","1","1"
"瞿","1","1"
"宦","1","1"
"谶","1","1"
"貳","1","1"
"髒","1","1"
"溽","1","1"
"円","1","1"
"唔","1","1"
"戸","1","1"
"猗","1","1"
"袢","1","1"
"剽","1","1"
"钽","1","1"
"艏","1","1"
"挹","1","1"
"蒐","1","1"
"撸","1","1"
"涓","1","1"
"榀","1","1"
"潸","1","1"
"贲","1","1"
"恸","1","1"
"孳","1","1"
"櫓","1","1"
"瀲","1","1"
"灧","1","1"
"舢","1","1"
"璋","1","1"
"鄖","1","1"
"幞","1","1"
"戗","1","1"
"驃","1","1"
"蟆","1","1"
"齑","1","1"
"溆","1","1"
"擷","1","1"
"驮","1","1"
"綉","1","1"
"汜","1","1"
"緋","1","1"
"钗","1","1"
"赟","1","1"
"瀹","1","1"
"哼","1","1"
"墘","1","1"
"鲎","1","1"
"蕃","1","1"
"罂","1","1"
"鸾","1","1"
"甥","1","1"
"懇","1","1"
"岿","1","1"
"濠","1","1"
"鱒","1","1"
"鄩","1","1"
"誨","1","1"
"夙","1","1"
"襦","1","1"
"憐","1","1"
"疰","1","1"
"蝼","1","1"
"蝈","1","1"
"蚯","1","1"
"蚓","1","1"
"颍","1","1"
"吮","1","1"
"桓","1","1"
"騨","1","1"
"熵","1","1"
"淦","1","1"
"裆","1","1"
"撵","1","1"
"挎","1","1"
"馓","1","1"
"簋","1","1"
"溱","1","1"
"汴","1","1"
"誊","1","1"
"阑","1","1"
"鸊","1","1"
"鷉","1","1"
"唧","1","1"
"禎","1","1"
"姹","1","1"
"浒","1","1"
"箕","1","1"
"芸","1","1"
"黿","1","1"
"鈮","1","1"
"讠","1","1"
"攵","1","1"
"诲","1","1"
"坳","1","1"
"鼋","1","1"
"岙","1","1"
"黷","1","1"
"鳐","1","1"
"擄","1","1"
"頜","1","1"
"顱","1","1"
"坼","1","1"
"翃","1","1"
"仝","1","1"
"唰","1","1"
"钅","1","1"
"犭","1","1"
"痠","1","1"
"綾","1","1"
"肽","1","1"
"璣","1","1"
"櫚","1","1"
"甌","1","1"
"銃","1","1"
"厩","1","1"
"蹣","1","1"
"驥","1","1"
"氹","1","1"
"鈎","1","1"
"傌","1","1"
"勠","1","1"
"妞","1","1"
"驷","1","1"
"逕","1","1"
"遆","1","1"
"囗","1","1"
"鯛","1","1"
"擢","1","1"
"櫥","1","1"
"昀","1","1"
"澂","1","1"
"犢","1","1"
"獒","1","1"
"淶","1","1"
"鍬","1","1"
"癖","1","1"
"罈","1","1"
"暘","1","1"
"衿","1","1"
"癲","1","1"
"癇","1","1"
"桢","1","1"
"鋌","1","1"
"矇","1","1"
"禿","1","1"
"鷲","1","1"
"鵠","1","1"
"閻","1","1"
"鱸","1","1"
"綬","1","1"
"朐","1","1"
"礱","1","1"
"訕","1","1"
"鯕","1","1"
"艻","1","1"
"籮","1","1"
"薹","1","1"
"嘣","1","1"
"跖","1","1"
"珐","1","1"
"膿","1","1"
"櫺","1","1"
"閆","1","1"
"玕","1","1"
"橈","1","1"
"鎬","1","1"
"稈","1","1"
"蓖","1","1"
"綺","1","1"
"谌","1","1"
"鑃","1","1"
"茏","1","1"
"榧","1","1"
"钿","1","1"
"僂","1","1"
"孪","1","1"
"擻","1","1"
"飈","1","1"
"嵨","1","1"
"跗","1","1"
"灩","1","1"
"氈","1","1"
"稼","1","1"
"沋","1","1"
"塬","1","1"
"锟","1","1"
"铻","1","1"
"髋","1","1"
"髁","1","1"
"襪","1","1"
"荻","1","1"
"崢","1","1"
"嶸","1","1"
"絹","1","1"
"蒳","1","1"
"朧","1","1"
"宥","1","1"
"錡","1","1"
"硐","1","1"
"揲","1","1"
"賜","1","1"
"瑷","1","1"
"珲","1","1"
"橢","1","1"
"脓","1","1"
"櫆","1","1"
"鼐","1","1"
"滉","1","1"
"胤","1","1"
"乸","1","1"
"褻","1","1"
"瀆","1","1"
"鰂","1","1"
"釵","1","1"
"蠅","1","1"
"迤","1","1"
"逦","1","1"
"錸","1","1"
"荤","1","1"
"瀣","1","1"
"扞","1","1"
"賒","1","1"
"靦","1","1"
"獴","1","1"
"矍","1","1"
"鑠","1","1"
"輾","1","1"
"磬","1","1"
"嗆","1","1"
"嚕","1","1"
"鍩","1","1"
"螽","1","1"
"槌","1","1"
"竅","1","1"
"鋡","1","1"
"畲","1","1"
"囿","1","1"
"齶","1","1"
"祚","1","1"
"榎","1","1"
"焱","1","1"
"燚","1","1"
"燊","1","1"
"竜","1","1"
"婡","1","1"
"靂","1","1"
"銨","1","1"
"衽","1","1"
"忤","1","1"
"骛","1","1"
"蛏","1","1"
"汨","1","1"
"銫","1","1"
"玑","1","1"
"箇","1","1"
"哞","1","1"
"蠱","1","1"
"嘶","1","1"
"祜","1","1"
"镣","1","1"
"茯","1","1"
"斉","1","1"
"儼","1","1"
"慫","1","1"
"曇","1","1"
"汆","1","1"
"熒","1","1"
"蔵","1","1"
"懋","1","1"
"悽","1","1"
"囯","1","1"
"锨","1","1"
"缦","1","1"
"嘢","1","1"
"殚","1","1"
"潿","1","1"
"葆","1","1"
"渑","1","1"
"斎","1","1"
"嗷","1","1"
"醍","1","1"
"醐","1","1"
"杴","1","1"
"莴","1","1"
"擒","1","1"
"瑣","1","1"
"鬲","1","1"
"鈁","1","1"
"諉","1","1"
"鶯","1","1"
"觚","1","1"
"犍","1","1"
"洮","1","1"
"缱","1","1"
"绻","1","1"
"滷","1","1"
"佶","1","1"
"玷","1","1"
"绛","1","1"
"溷","1","1"
"妲","1","1"
"痰","1","1"
"鉚","1","1"
"硃","1","1"
"铋","1","1"
"劄","1","1"
"諡","1","1"
"媧","1","1"
"咾","1","1"
"薺","1","1"
"鼾","1","1"
"悶","1","1"
"芫","1","1"
"荽","1","1"
"鎌","1","1"
"訶","1","1"
"澧","1","1"
"儂","1","1"
"猬","1","1"
"碭","1","1"
"裱","1","1"
"邕","1","1"
"罍","1","1"
"顰","1","1"
"脍","1","1"
"溏","1","1"
"髻","1","1"
"粳","1","1"
"啞","1","1"
"踅","1","1"
"潞","1","1"
"镐","1","1"
"猢","1","1"
"弶","1","1"
"贖","1","1"
"鳡","1","1"
"佚","1","1"
"鯊","1","1"
"娑","1","1"
"騫","1","1"
"劬","1","1"
"愴","1","1"
"鵜","1","1"
"鶘","1","1"
"痼","1","1"
"鯰","1","1"
"珵","1","1"
"倔","1","1"
"穌","1","1"
"嗖","1","1"
"尜","1","1"
"鑾","1","1"
"宸","1","1"
"撆","1","1"
"哟","1","1"
"曜","1","1"
"蜉","1","1"
"蝣","1","1"
"婀","1","1"
"烝","1","1"
"鄞","1","1"
"嶗","1","1"
"蕙","1","1"
"憚","1","1"
"辮","1","1"
"膦","1","1"
"箋","1","1"
"檜","1","1"
"竇","1","1"
"緙","1","1"
"蓀","1","1"
"梽","1","1"
"戌","1","1"
"暱","1","1"
"醴","1","1"
"佘","1","1"
"炁","1","1"
"卞","1","1"
"昺","1","1"
"槤","1","1"
"锢","1","1"
"蟶","1","1"
"覧","1","1"
"鉞","1","1"
"黍","1","1"
"淅","1","1"
"莖","1","1"
"嗟","1","1"
"喃","1","1"
"鈾","1","1"
"岬","1","1"
"羿","1","1"
"蹁","1","1"
"泜","1","1"
"諭","1","1"
"嘍","1","1"
"歿","1","1"
"潁","1","1"
"懺","1","1"
"篠","1","1"
"紉","1","1"
"浹","1","1"
"琹","1","1"
"喲","1","1"
"瑄","1","1"
"洸","1","1"
"萏","1","1"
"呎","1","1"
"枱","1","1"
"熘","1","1"
"巿","1","1"
"钡","1","1"
"斃","1","1"
"蔦","1","1"
"娼","1","1"
"烴","1","1"
"涠","1","1"
"哑","1","1"
"呻","1","1"
"倏","1","1"
"蝾","1","1"
"螈","1","1"
"賤","1","1"
"瓏","1","1"
"郓","1","1"
"淥","1","1"
"鳖","1","1"
"謫","1","1"
"疋","1","1"
"藹","1","1"
"蜩","1","1"
"茗","1","1"
"閨","1","1"
"啲","1","1"
"嚄","1","1"
"饈","1","1"
"紜","1","1"
"蕲","1","1"
"葳","1","1"
"蕤","1","1"
"薊","1","1"
"垚","1","1"
"嚿","1","1"
"奼","1","1"
"氓","1","1"
"楣","1","1"
"鯔","1","1"
"撅","1","1"
"栾","1","1"
"鐧","1","1"
"鉉","1","1"
"馔","1","1"
"滻","1","1"
"灞","1","1"
"弜","1","1"
"鲃","1","1"
"粄","1","1"
"胗","1","1"
"鄠","1","1"
"燜","1","1"
"膾","1","1"
"鬢","1","1"
"硏","1","1"
"噢","1","1"
"簏","1","1"
"謇","1","1"
"猙","1","1"
"獰","1","1"
"喰","1","1"
"霑","1","1"
"燻","1","1"
"噻","1","1"
"嗪","1","1"
"暾","1","1"
"纡","1","1"
"痿","1","1"
"泮","1","1"
"唑","1","1"
"衙","1","1"
"啕","1","1"
"苇","1","1"
"崴","1","1"
"觋","1","1"
"邋","1","1"
"遢","1","1"
"浬","1","1"
"痤","1","1"
"蚺","1","1"
"詛","1","1"
"踔","1","1"
"洹","1","1"
"襬","1","1"
"揹","1","1"
"噼","1","1"
"啪","1","1"
"蛆","1","1"
"蠕","1","1"
"龖","1","1"
"龘","1","1"
"澍","1","1"
"嵙","1","1"
"谵","1","1"
"锱","1","1"
"烜","1","1"
"鱁","1","1"
"鮧","1","1"
"眞","1","1"
"銑","1","1"
"桀","1","1"
"骜","1","1"
"坜","1","1"
"嚨","1","1"
"谲","1","1"
"菸","1","1"
"鉈","1","1"
"畑","1","1"
"枹","1","1"
"掮","1","1"
"蚵","1","1"
"傚","1","1"
"愕","1","1"
"颧","1","1"
"廋","1","1"
"笞","1","1"
"掸","1","1"
"窨","1","1"
"讥","1","1"
"诮","1","1"
"赳","1","1"
"辻","1","1"
"隽","1","1"
"佃","1","1"
"诹","1","1"
"诙","1","1"
"巽","1","1"
"讦","1","1"
"蹩","1","1"
"诃","1","1"
"啖","1","1"
"锶","1","1"
"掼","1","1"
"殁","1","1"
"氩","1","1"
"沌","1","1"
"踌","1","1"
"鉾","1","1"
"氾","1","1"
"橿","1","1"
"烨","1","1"
"疡","1","1"
"跆","1","1"
"蚤","1","1"
"蜍","1","1"
"蛹","1","1"
"殓","1","1"
"谏","1","1"
"伥","1","1"
"嘧","1","1"
"啶","1","1"
"胛","1","1"
"渕","1","1"
"塙","1","1"
"藓","1","1"
"鲶","1","1"
"馀","1","1"
"懦","1","1"
"椐","1","1"
"怆","1","1"
"魇","1","1"
"拚","1","1"
"箝","1","1"
"跛","1","1"
"糜","1","1"
"搀","1","1"
"胪","1","1"
"俚","1","1"
"嶋","1","1"
"缛","1","1"
"桉","1","1"
"禺","1","1"
"楯","1","1"
"筵","1","1"
"阆","1","1"
"钌","1","1"
"卺","1","1"
"胱","1","1"
"袈","1","1"
"裟","1","1"
"蒨","1","1"
"恃","1","1"
"拴","1","1"
"綑","1","1"
"栉","1","1"
"脇","1","1"
"糅","1","1"
"楽","1","1"
"缬","1","1"
"闵","1","1"
"奚","1","1"
"殒","1","1"
"俳","1","1"
"仨","1","1"
"荠","1","1"
"渼","1","1"
"藐","1","1"
"栢","1","1"
"琨","1","1"
"狡","1","1"
"猾","1","1"
"腈","1","1"
"扪","1","1"
"稙","1","1"
"氙","1","1"
"铈","1","1"
"顼","1","1"
"捋","1","1"
"黜","1","1"
"甭","1","1"
"偻","1","1"
"厠","1","1"
"缇","1","1"
"蒗","1","1"
"儋","1","1"
"骞","1","1"
"戊","1","1"
"贮","1","1"
"鞄","1","1"
"摈","1","1"
"拗","1","1"
"跺","1","1"
"诣","1","1"
"囝","1","1"
"耆","1","1"
"铑","1","1"
"镊","1","1"
"侪","1","1"
"疴","1","1"
"珑","1","1"
"赘","1","1"
"滙","1","1"
"鹘","1","1"
"詝","1","1"
"檎","1","1"
"殇","1","1"
"苓","1","1"
"幂","1","1"
"烬","1","1"
"猥","1","1"
"啬","1","1"
"旳","1","1"
"挞","1","1"
"姣","1","1"
"渋","1","1"
"惇","1","1"
"憔","1","1"
"悴","1","1"
"踟","1","1"
"蹰","1","1"
"痉","1","1"
"挛","1","1"
"揖","1","1"
"椋","1","1"
"讷","1","1"
"皲","1","1"
"懑","1","1"
"钒","1","1"
"恺","1","1"
"砰","1","1"
"盥","1","1"
"瓴","1","1"
"裾","1","1"
"侬","1","1"
"粛","1","1"
