Codepoint,Hanzi,pinyin,Frequency,Tweets,Traditional Variant,Simplified Variant,Definition
U+4E00,一,yī,37673,26345,,,"one; a, an; alone"
U+4E01,丁,dīng,258,231,,,"male adult; robust, vigorous; 4th heavenly stem"
U+4E03,七,qī,824,677,,,seven
U+4E07,万,wàn mò,5384,3973,"万,萬",万,ten thousand; innumerable
U+4E08,丈,zhàng,63,55,,,"unit of length equal 3.3 meters; gentleman, man, husband"
U+4E09,三,sān,6435,5384,,,three
U+4E0A,上,shàng,21000,16160,,,"top; superior, highest; go up, send up"
U+4E0B,下,xià,13303,10838,,,"under, underneath, below; down; inferior; bring down"
U+4E0D,不,bù,18382,14224,,,"no, not; un-; negative prefix"
U+4E0E,与,yǔ,8389,7284,與,,"and; with; to; for; give, grant"
U+4E10,丐,gài,3,3,,,beggar; beg; give
U+4E11,丑,chǒu,53,50,"丑,醜",丑,"clown, comedian; second earthly branch"
U+4E13,专,zhuān,1993,1810,專,,"monopolize, take sole possession"
U+4E14,且,qiě,1096,1074,,,"moreover, also (post-subject); about to, will soon (pre-verb)"
U+4E16,世,shì,5335,4229,,,generation; world; era
U+4E18,丘,qiū,91,72,,,hill; elder; empty; a name
U+4E19,丙,bǐng,67,63,,,third; 3rd heavenly stem
U+4E1A,业,yè,11737,8058,業,,"profession, business; GB radical 111"
U+4E1B,丛,cóng,39,35,叢,,"bush, shrub; thicket; collection"
U+4E1C,东,dōng,3868,3042,東,,"east, eastern, eastward"
U+4E1D,丝,sī,415,328,絲,,silk; fine thread; wire; strings
U+4E1F,丟,diū,11,11,,丢,"discard, reject, lose"
U+4E22,丢,diū,87,80,"丟,丢",丢,discard
U+4E24,两,liǎng,4343,3831,"两,兩",两,"two, both, pair, couple; ounce"
U+4E25,严,yán,1480,1403,嚴,,"strict, rigorous, rigid; stern"
U+4E26,並,bìng,719,673,,并,"equal to; side by side; also, what is more; both"
U+4E27,丧,sàng,110,110,喪,,mourning; mourn; funeral
U+4E28,丨,gǔn,122,121,,,(same as 〡 HANGZHOU NUMERAL ONE) number one; line
U+4E2A,个,gè,10943,8963,"个,個",个,"numerary adjunct, piece; single"
U+4E2B,丫,yā,16,8,,,forked; bifurcation
U+4E2D,中,zhōng,50985,28677,,,"central; center, middle; in the midst of; hit (target); attain"
U+4E30,丰,fēng,1164,839,"丰,豐",丰,"abundant, lush, bountiful, plenty"
U+4E32,串,chuàn,160,140,,,string; relatives; conspire
U+4E34,临,lín,1663,1575,臨,,"draw near, approach; descend"
U+4E38,丸,wán,76,66,,,"small round object; pellet, pill"
U+4E39,丹,dān,616,494,,,cinnabar (native HgS); vermilion (artificial HgS used as pigment)
U+4E3A,为,wèi,16962,13680,"為,爲",,"do, handle, govern, act; be"
U+4E3B,主,zhǔ,7419,6402,,,"master, chief owner; host; lord"
U+4E3D,丽,lì,464,385,麗,,"beautiful, magnificent, elegant"
U+4E3E,举,jǔ,2695,2419,舉,,"raise, lift up; recommend"
U+4E43,乃,nǎi,114,111,,,"then; really, indeed; as it turned out, after all; namely"
U+4E45,久,jiǔ,750,674,,,"long time (ago); time passage, grow late"
U+4E48,么,me yāo,2000,1713,"么,幺,麼,麽",么,interrogative particle; small
U+4E49,义,yì,915,790,"义,義",义,"right conduct, righteousness"
U+4E4B,之,zhī,7833,7019,,,"marks preceding phrase as modifier of following phrase; it, him her, them; go to"
U+4E4C,乌,wū,1361,1003,烏,,"crow, rook, raven; black, dark"
U+4E4D,乍,zhà,21,21,,,"first time, for the first time"
U+4E4E,乎,hū,1058,1027,,,interrogative or exclamatory final particle
U+4E4F,乏,fá,288,282,,,lack; poor
U+4E50,乐,lè,1214,1017,"乐,樂",乐,"happy, glad; enjoyable; music"
U+4E52,乒,pīng,162,106,,,(used with 乓) “ping” of “ping pong”
U+4E53,乓,pāng,130,93,,,(used with 乒) “pong” of “ping pong”
U+4E54,乔,qiáo,100,83,"乔,喬",乔,"tall, lofty; proud, stately"
U+4E56,乖,guāi,12,10,,,"rebel; crafty, shrewd"
U+4E58,乘,chéng,781,634,,,"ride, ascend; avail oneself of; numerary adjunct for vehicles"
U+4E59,乙,yǐ,106,82,,,second; 2nd heavenly stem
U+4E5D,九,jiǔ,812,652,,,nine
U+4E5E,乞,qǐ,17,11,,,beg; request
U+4E5F,也,yě,7979,7294,,,also; classical final particle of strong affirmation or identity
U+4E60,习,xí,1326,1077,習,,practice; flapping wings
U+4E61,乡,xiāng,388,318,鄉,,country; rural; village
U+4E66,书,shū,985,788,書,,"book, letter, document; writings"
U+4E70,买,mǎi,1445,1218,買,,"buy, purchase; bribe, persuade"
U+4E71,乱,luàn,406,390,"乱,亂",乱,"confusion, state of chaos, revolt"
U+4E73,乳,rǔ,96,75,,,"breast, nipples; milk, suckle"
U+4E78,乸,nǎ,1,1,,,(Cant.) feminine suffix
U+4E7E,乾,qián gān,63,58,乾,"乾,干","dry; warming principle of the sun, penetrating and fertilizing, heavenly generative principle (male); trigram ☰; hexagram ䷀"
U+4E82,亂,luàn,75,68,,乱,"confusion, state of chaos; create chaos, revolt"
U+4E86,了,le,20876,16220,"了,瞭",了,to finish; particle of completed action
U+4E88,予,yǔ,330,322,,,"I, me; to give"
U+4E89,争,zhēng,2785,2489,"争,爭",争,"dispute, fight, contend, strive"
U+4E8B,事,shì,6027,5124,,,"affair, matter, business; to serve; accident, incident"
U+4E8C,二,èr,3992,3456,,,two; twice
U+4E8E,于,yú,9232,8191,"于,於",于,"in, on, at; go to; surname"
U+4E8F,亏,kuī,246,204,"亏,虧",亏,"lose, fail; damage; deficient"
U+4E91,云,yún,1178,872,"云,雲",云,"say, speak; clouds"
U+4E92,互,hù,1133,955,,,"mutually, reciprocally"
U+4E93,亓,qí,1,1,,,"(archaic form) his, her, its, their; that"
U+4E94,五,wǔ,2749,2434,,,five; surname
U+4E95,井,jǐng,257,196,,,"well, mine shaft, pit; surname; 22nd lunar mansion, determinative star μ Geminorum (Tejat); hexagram ䷯"
U+4E98,亘,gèn,9,8,,,"extend across, through; from"
U+4E99,亙,gèn,2,2,,,"extend across, through; from"
U+4E9A,亚,yà,5014,3914,亞,,Asia; second
U+4E9B,些,xiē,4069,3560,,,"little, few; rather, somewhat"
U+4E9E,亞,yà,1305,817,,亚,Asia; second; used as a prefix to names
U+4E9F,亟,jí,18,18,,,"urgently, immediately, extremely"
U+4EA1,亡,wáng,1148,1009,,,"death, destroyed; lose, perish"
U+4EA2,亢,kàng,5,5,,,"high, proud; violent, excessive; skilled; name; 2nd lunar mansion, determinative star κ Virginis (Kang)"
U+4EA4,交,jiāo,6792,5433,,,"mix; intersect; exchange, communicate; deliver"
U+4EA5,亥,hài,26,25,,,twelfth earthly branch
U+4EA6,亦,yì,146,136,,,"also, too; likewise"
U+4EA7,产,chǎn,8431,6038,"產,産",,"give birth, bring forth, produce"
U+4EA8,亨,hēng,89,76,,,"smoothly, progressing, no trouble"
U+4EA9,亩,mǔ,70,63,畝,,Chinese land measure; fields
U+4EAB,享,xiǎng,868,825,,,enjoy
U+4EAC,京,jīng,4209,3135,,,capital city
U+4EAD,亭,tíng,61,43,,,pavilion; erect
U+4EAE,亮,liàng,848,739,,,"bright, brilliant, radiant, light"
U+4EB2,亲,qīn,647,551,親,,"relatives, parents; intimate the hazel nut or filbert tree a thorny tree"
U+4EB5,亵,xiè,2,2,褻,,"slight, insult, treat with disrespect"
U+4EBA,人,rén,30568,19741,,,man; people; mankind; someone else
U+4EBB,亻,rén,2,2,,,radical number 9
U+4EBF,亿,yì,4780,3325,億,,hundred million; many
U+4EC0,什,shén,1550,1374,,,"file of ten soldiers; mixed, miscellaneous"
U+4EC1,仁,rén,712,566,,,"humaneness, benevolence, kindness"
U+4EC4,仄,zè,2,2,,,"slanting, oblique; oblique tones"
U+4EC5,仅,jǐn,1416,1300,"仅,僅",仅,"only, merely, solely, just"
U+4EC6,仆,pū,6,6,"仆,僕",仆,"fall forward; lie prostrate, prone; servant"
U+4EC7,仇,chóu,58,53,,,"enemy, hate, hatred, enmity"
U+4ECA,今,jīn,5654,5210,,,"now, today, modern era"
U+4ECB,介,jiè,565,543,,,"forerunner, herald, harbinger; to lie between; sea shell; to wear armor"
U+4ECD,仍,réng,2051,1951,,,"yet, still, as ever; again; keep -ing, continuing"
U+4ECE,从,cóng,4572,4206,"从,從",从,"from, by, since, whence, through"
U+4ED1,仑,lún,48,42,侖,,"logical reasons, logical order"
U+4ED3,仓,cāng,186,160,倉,,granary; berth; sea
U+4ED4,仔,zǐ,129,107,,,"small thing, child; young animal"
U+4ED5,仕,shì,42,39,,,official; serve government
U+4ED6,他,tā,6992,5567,,,"other, another; he, she, it"
U+4ED7,仗,zhàng,47,41,,,"rely upon; protector; fight; war, weaponry"
U+4ED8,付,fù,1293,1080,,,"give, deliver, pay, hand over; entrust"
U+4ED9,仙,xiān,254,196,,,"Taoist super-being, transcendent, immortal; cent"
U+4EDD,仝,tóng,1,1,,,"together, same; surname"
U+4EDE,仞,rèn,5,4,,,ancient unit of measure (8 feet); 'fathom'
U+4EDF,仟,qiān,10,10,,,one thousand; leader of one thousand men
U+4EE1,仡,gē,2,2,,,strong; valiant
U+4EE3,代,dài,5084,4149,,,"replace, replacement (of person or generation); era, generation"
U+4EE4,令,lìng,2611,2320,,,"command, order; 'commandant', magistrate; allow, cause"
U+4EE5,以,yǐ,15411,13037,,,"by means of; thereby, therefore; consider as; in order to"
U+4EE8,仨,sā,2,2,,,(coll.) three (cannot be followed by a measure word)
U+4EEA,仪,yí,245,212,"仪,儀",仪,"ceremony, rites gifts; admire"
U+4EEC,们,men,5045,4093,們,,adjunct pronoun indicate plural
U+4EF0,仰,yǎng,98,89,,,"raise the head to look; look up to, rely on, admire"
U+4EF2,仲,zhòng,81,54,,,"middle brother; go between, mediator; surname"
U+4EF6,件,jiàn,3383,2791,,,numerary adjunct for article; matter
U+4EF7,价,jià,6815,4827,"价,價",价,"price, value"
U+4EFB,任,rèn,3319,2714,,,"trust to, rely on, appoint; to bear, duty, office; allow"
U+4EFD,份,fèn,2526,2191,,,"portion, part; duty"
U+4EFF,仿,fǎng,272,250,,,"imitate, copy; as if"
U+4F01,企,qǐ,6568,4550,,,plan a project; stand on tiptoe
U+4F09,伉,kàng,2,2,,,"compare, match; pair; spouse"
U+4F0A,伊,yī,1967,1219,,,"third person pronoun; he, she, this, that"
U+4F0D,伍,wǔ,147,136,,,"five, company of five; troops"
U+4F0E,伎,jì,9,7,,,"talent, skill, ability"
U+4F0F,伏,fú,367,255,,,"crouch, crawl, lie hidden, conceal"
U+4F10,伐,fá,198,186,,,"cut down, subjugate, attack"
U+4F11,休,xiū,478,403,,,"rest, stop; retire; do not!"
U+4F17,众,zhòng,1997,1792,"众,眾,衆",众,"multitude, crowd; masses, public"
U+4F18,优,yōu,1059,929,"优,優",优,"superior, excellent; actor"
U+4F19,伙,huǒ,456,426,"伙,夥",伙,"companion, colleague; utensils"
U+4F1A,会,huì,11571,8756,"会,會",会,"assemble, meet together; meeting"
U+4F1D,伝,yún,1,1,,,"summon; propagate, transmit"
U+4F1E,伞,sǎn,42,31,傘,,"umbrella, parasol, parachute"
U+4F1F,伟,wěi,1425,1078,偉,,"great, robust; extraordinary"
U+4F20,传,chuán,2290,1992,傳,,"summon; propagate, transmit"
U+4F24,伤,shāng,727,648,"伤,傷",伤,"wound, injury; fall ill from"
U+4F25,伥,chāng,1,1,倀,,ghost of one devoured by tiger
U+4F26,伦,lún,507,454,倫,,normal human relationships
U+4F2A,伪,wěi,68,61,"偽,僞",,"false, counterfeit, bogus"
U+4F2B,伫,zhù,4,3,佇,,look towards; turn one's back on
U+4F2F,伯,bó,686,603,,,older brother; father's elder brother; senior male 'sire'; feudal rank 'count'
U+4F30,估,gū,984,891,,,"merchant; estimate, guess, presume"
U+4F34,伴,bàn,641,601,,,"companion, comrade, partner; accompany"
U+4F38,伸,shēn,118,111,,,"extend, stretch out, open up; trust"
U+4F3A,伺,cì,40,36,,,"serve, wait upon, attend; examine"
U+4F3C,似,sì,1105,1061,,,"resemble, similar to; as if, seem"
U+4F3D,伽,jiā,20,14,,,"transcription of Sanskrit 'gha' in Buddhist texts ('samgha', etc.); nursing; attending; entertainer (Japanese); temple; in Chinese this character is not used alone"
U+4F43,佃,diàn,1,1,,,tenant farmer; be a tenant farmer
U+4F46,但,dàn,6811,6496,,,"only; but, however, yet, still"
U+4F47,佇,zhù,4,4,,伫,wait; look towards; turn one's back on
U+4F48,佈,bù,351,320,,,"spread, publicize, announce"
U+4F4D,位,wèi,4654,4107,,,"throne; position, post; rank, status; seat"
U+4F4E,低,dī,3763,3257,,,"low; to lower, hang, bend, bow"
U+4F4F,住,zhù,1332,1141,,,"reside, live at, dwell, lodge; stop"
U+4F50,佐,zuǒ,162,132,,,"assist, aid, second; subordinate"
U+4F51,佑,yòu,17,15,,,"help, protect, bless"
U+4F53,体,tǐ,6561,5154,"体,體",体,"body; group, class, body, unit; inferior"
U+4F54,佔,zhàn,348,303,,,"occupy by force, usurp; possess"
U+4F55,何,hé,2727,2391,,,"what, why, where, which, how"
U+4F58,佘,shé,1,1,,,surname
U+4F59,余,yú,547,493,"余,餘",余,"I, my, me; surname; surplus"
U+4F5A,佚,yì,1,1,,,indulge in pleasures; flee
U+4F5B,佛,fú,624,488,,,Buddha; of Buddhism; merciful person; Buddhist image; the dead (Japanese)
U+4F5C,作,zuò,8251,6854,,,"make; work; compose, write; act, perform"
U+4F5D,佝,gōu,2,2,,,rickets
U+4F60,你,nǐ,2472,1928,,,"you, second person pronoun"
U+4F63,佣,yōng,66,56,"佣,傭",佣,commission fee
U+4F64,佤,wǎ,10,6,,,"the Va (Wa) nationality, living in Yunnan"
U+4F69,佩,pèi,361,295,,,"belt ornament, pendant; wear at waist, tie to the belt; respect"
U+4F6C,佬,lǎo,33,31,,,"(Cant.) man, person; mature"
U+4F70,佰,bǎi,2,2,,,hundred
U+4F73,佳,jiā,687,594,,,"good, auspicious; beautiful; delightful"
U+4F74,佴,nài,2,1,,,"a second, an assistant"
U+4F75,併,bìng,107,92,,并,"combine, annex"
U+4F76,佶,jí,1,1,,,"strong, robust; exact, correct"
U+4F7C,佼,jiǎo,12,6,,,"beautiful, handsome, good-looking"
U+4F7F,使,shǐ,4444,3943,,,"cause, send on a mission, order; envoy, messenger, ambassador"
U+4F83,侃,kǎn,20,20,,,upright and strong; amiable
U+4F84,侄,zhí,9,8,,,nephew
U+4F86,來,lái,4242,3432,,来,"come, coming; return, returning"
U+4F88,侈,chǐ,138,108,,,"luxurious, extravagant"
U+4F8B,例,lì,1936,1497,,,"precedent, example; regulation"
U+4F8D,侍,shì,10,9,,,"serve, attend upon; attendant, servant; samurai"
U+4F8F,侏,zhū,18,16,,,"small, little, tiny, dwarf"
U+4F96,侖,lún,11,8,,仑,"logical reasons, logical order"
U+4F97,侗,dòng,89,45,,,"big; ignorant; rude, rustic"
U+4F9B,供,gōng,4256,3625,,,"supply, provide for; offer in worship"
U+4F9D,依,yī,1400,1290,,,"rely on, be set in; consent, obey a wish"
U+4FA0,侠,xiá,108,85,"侠,俠",侠,chivalrous person; knight-errant
U+4FA3,侣,lǚ,39,34,侶,,companion; associate with
U+4FA5,侥,jiǎo,6,6,僥,,"be lucky; by chance, by luck"
U+4FA6,侦,zhēn,71,67,偵,,"spy, reconnoiter; detective"
U+4FA7,侧,cè,117,107,側,,"side; incline, slant, lean"
U+4FA8,侨,qiáo,72,53,僑,,"sojourn, lodge"
U+4FAA,侪,chái,1,1,儕,,"a company, companion; together"
U+4FAC,侬,nóng,2,2,儂,,I; you; family name
U+4FAE,侮,wǔ,16,15,,,"insult, ridicule, disgrace"
U+4FAF,侯,hóu,126,98,,,"marquis, lord; target in archery"
U+4FB5,侵,qīn,585,514,,,"invade, encroach upon, raid"
U+4FB6,侶,lǚ,5,5,,侣,companion; associate with
U+4FBF,便,biàn,1017,923,,,"convenience, ease; expedient"
U+4FC2,係,xì,336,265,,系,"bind, tie up; involve, relation"
U+4FC3,促,cù,960,914,,,"urge, press, hurry; close"
U+4FC4,俄,é,3420,1967,,,"sudden(ly), soon; Russian"
U+4FCA,俊,jùn,82,78,,,"talented, capable; handsome"
U+4FCF,俏,qiào,38,37,,,"like, similar; resemble; pretty"
U+4FD0,俐,lì,4,2,,,"smooth; active; clever, sharp"
U+4FD1,俑,yǒng,68,35,,,wooden figure buried with dead
U+4FD7,俗,sú,339,288,,,"social customs; vulgar, unrefined"
U+4FD8,俘,fú,20,20,,,prisoner of war; take as prisoner
U+4FDA,俚,lǐ,1,1,,,"rustic, vulgar, unpolished; mean"
U+4FDD,保,bǎo,3831,3244,,,"protect, safeguard, defend, care"
U+4FDE,俞,yú,6,4,,,"surname; consent, approve"
U+4FE0,俠,xiá,41,28,,侠,chivalrous person; knight-errant
U+4FE1,信,xìn,3434,2813,,,"trust, believe; letter"
U+4FE8,俨,yǎn,6,6,儼,,"grave, respectful, majestic"
U+4FE9,俩,liǎ,30,28,倆,,"two, pair"
U+4FEA,俪,lì,3,3,儷,,"spouse, couple, pair"
U+4FED,俭,jiǎn,8,8,儉,,"temperate, frugal, economical"
U+4FEE,修,xiū,648,572,,,study; repair; cultivate
U+4FEF,俯,fǔ,74,71,,,"bow down, face down, look down"
U+4FF1,俱,jù,75,70,,,"all, together; accompany"
U+4FF3,俳,pái,1,1,,,actor; vaudeville show; insincere
U+4FF5,俵,biào,2,2,,,"divide, distribute"
U+4FFA,俺,ǎn,2,2,,,"personal pronoun, I"
U+4FFE,俾,bǐ bì,4,3,,,"so that, in order that; to cause; (Cant.) to give (synonymous with Mandarin 給)"
U+5006,倆,liǎ,15,14,,俩,"clever, skilled; two, pair"
U+5009,倉,cāng,58,44,,仓,granary; berth; sea
U+500B,個,gè,2409,1902,,个,"numerary adjunct, piece; single"
U+500D,倍,bèi,1544,1312,,,"times, fold, multiple times"
U+500F,倏,shū,1,1,,,"hastily, suddenly, abruptly"
U+5011,們,mén,1092,856,,们,adjunct pronoun indicate plural
U+5012,倒,dào,636,587,,,fall over; lie down; take turns
U+5014,倔,jué,2,2,,,"stubborn, obstinate, intransigent; firm"
U+5016,倖,xìng,26,13,,,"lucky, fortunate; dote on, spoil"
U+5018,倘,tǎng,8,8,,,"if, supposing, in event of"
U+5019,候,hòu,1435,1231,,,wait; expect; visit; greet
U+501A,倚,yǐ,17,17,,,"rely on, depend on; lean heavily"
U+501F,借,jiè,531,511,"借,藉",借,borrow; lend; make pretext of
U+5021,倡,chàng,120,108,,,"guide, leader; lead, introduce"
U+5023,倣,fǎng,20,15,,,imitate
U+5026,倦,juàn,19,19,,,"be tired of, weary"
U+5029,倩,qiàn,15,10,,,"beautiful, lovely; son-in-law"
U+502A,倪,ní,16,15,,,"feeble, tiny, young and weak"
U+502B,倫,lún,158,120,,伦,normal human relationships
U+502D,倭,wō,16,12,,,"dwarf; dwarfish, short"
U+503A,债,zhài,968,647,債,,"debt, loan, liabilities"
U+503C,值,zhí,3185,2524,,,price
U+503E,倾,qīng,193,185,傾,,"upset, pour out, overflow"
U+5043,偃,yǎn,2,2,,,"cease, lay off, lay down"
U+5047,假,jiǎ,1032,852,,,"falsehood, deception; vacation"
U+5049,偉,wěi,348,211,,伟,"great, robust; extraordinary"
U+504C,偌,ruò,2,2,,,"thus, so, like, such"
U+504E,偎,wēi,4,4,,,"cling to, cuddle, embrace, fondle"
U+504F,偏,piān,286,262,,,inclined one side; slanting
U+5055,偕,xié,12,11,,,together; be in order
U+505A,做,zuò,2116,1911,,,"work, make; act"
U+505C,停,tíng,2362,1983,,,"stop, suspend, delay; suitable"
U+5065,健,jiàn,1023,866,,,"strong, robust, healthy; strength"
U+5074,側,cè,40,37,,侧,"side; incline, slant, lean"
U+5075,偵,zhēn,17,14,,侦,"spy, reconnoiter; detective"
U+5076,偶,ǒu,220,208,,,"accidentally, coincidently; an idol"
U+5077,偷,tōu,122,92,,,"to steal, burglar, thief"
U+507B,偻,lóu,1,1,"偻,僂",偻,humpback; surname
U+507D,偽,wěi,16,13,,伪,"false, counterfeit, bogus"
U+507F,偿,cháng,185,167,償,,"repay, recompense; restitution"
U+5080,傀,kuǐ,2,2,,,"great, gigantic; puppet"
U+5085,傅,fù,100,90,,,"tutor, teacher; assist; surname"
U+5088,傈,lì,6,5,,,tribe
U+508C,傌,mà,1,1,,㐷,"to curse, to revile, to abuse; to scold"
U+508D,傍,bàng,72,70,,,"by side of, beside, near, close"
U+5091,傑,jié,62,52,,杰,"hero; outstanding, remarkable"
U+5098,傘,sǎn,12,7,,伞,"umbrella, parasol, parachute"
U+5099,備,bèi,666,532,,备,"prepare, ready, perfect"
U+509A,傚,xiào,1,1,,,"imitate, mimic"
U+50A2,傢,jiā,10,6,,家,"stubborn, obstinate, intransigent"
U+50A3,傣,dǎi,26,21,,,the Dai minority living in South China
U+50A8,储,chǔ,1775,1312,儲,,"save money, store, reserve; heir"
U+50AC,催,cuī,105,96,,,"press, urge"
U+50AD,傭,yōng,6,4,,佣,"hire, employ, charter; servant"
U+50B2,傲,ào,59,58,,,"proud, haughty, overbearing"
U+50B3,傳,chuán,846,674,,传,"summon; propagate, transmit"
U+50B5,債,zhài,171,93,,债,"debt, loan, liabilities"
U+50B7,傷,shāng,149,117,,伤,"wound, injury; fall ill from"
U+50BB,傻,shǎ,29,25,,,"foolish, silly, stupid; an imbecile"
U+50BE,傾,qīng,49,46,,倾,"upset, pour out, overflow"
U+50C2,僂,lóu,1,1,,偻,humpback; surname
U+50C5,僅,jǐn,442,409,,仅,"only, merely, solely, just"
U+50CF,像,xiàng,1288,1124,,,"a picture, image, figure; to resemble"
U+50D1,僑,qiáo,111,52,,侨,"sojourn, lodge"
U+50D5,僕,pú,2,1,,仆,"slave, servant, I"
U+50DA,僚,liáo,40,37,,,"companion, colleague; officials; bureaucracy; a pretty face"
U+50E7,僧,sēng,17,15,,,"Buddhist priest, monk; san of Sanskrit sangha"
U+50F1,僱,gù,5,5,,,"employ, hire"
U+50F3,僳,sù,6,5,,,minority name
U+50F5,僵,jiāng,69,65,,,"stiff and motionless, stock still"
U+50F9,價,jià,1670,988,,价,"price, value"
U+50FB,僻,pì,4,4,,,"out-of-the-way, remote; unorthodox"
U+5100,儀,yí,185,151,,仪,"ceremony, rites gifts; admire"
U+5102,儂,nóng,1,1,,侬,I; you; family name
U+5104,億,yì,1485,939,,亿,hundred million; many
U+5109,儉,jiǎn,3,3,,俭,"temperate, frugal, economical"
U+510B,儋,dān,1,1,,,a small jar; to bear a burden; a load of two
U+5112,儒,rú,42,28,,,Confucian scholar
U+5118,儘,jǐn,74,71,,尽,utmost
U+511F,償,cháng,22,20,,偿,"repay, recompense; restitution"
U+5121,儡,lěi,2,2,,,"puppet, dummy"
U+512A,優,yōu,399,345,,优,"superior, excellent; actor"
U+5132,儲,chǔ,292,191,,储,"to save money, store, reserve; an heir"
U+513A,儺,nuó,2,2,,傩,rich
U+513C,儼,yǎn,1,1,,俨,"grave, respectful, majestic"
U+513F,儿,ér,826,672,"儿,兒",儿,"son, child; Kangxi radical 10"
U+5140,兀,wù,10,10,,,to cut off the feet
U+5141,允,yǔn,439,417,,,"to grant, to allow, to consent"
U+5143,元,yuán,10942,6833,,,first; dollar; origin; head
U+5144,兄,xiōng,87,77,,,elder brother
U+5145,充,chōng,902,774,,,"fill, be full, supply"
U+5146,兆,zhào,240,185,,,omen; million; mega; also trillion. China = million; Japan and Taiwan = trillion
U+5147,兇,xiōng,9,9,,,"atrocious, ferocious, brutal"
U+5148,先,xiān,1889,1718,,,"first, former, previous"
U+5149,光,guāng,2733,2037,,,"light, brilliant, shine; only"
U+514B,克,kè,4628,3518,"克,剋",克,gram; overcome; transliteration
U+514C,兌,duì,102,72,,兑,"cash; exchange, barter; weight; trigram ☱; hexagram ䷹"
U+514D,免,miǎn,1516,1280,,,spare; excuse from; evade
U+5151,兑,duì,361,257,"兌,兑",兑,cash; exchange
U+5152,兒,ér,280,226,,儿,"son, child, oneself; final part"
U+5154,兔,tù,77,55,,,"rabbit, hare"
U+5157,兗,yǎn,3,1,,兖,establish; one of nine empire divisions
U+515A,党,dǎng,1620,994,"党,黨",党,"political party, gang, faction"
U+515C,兜,dōu,36,32,,,pouch
U+5162,兢,jīng,7,4,,,"fearful, cautious, wary"
U+5165,入,rù,7728,6570,,,"enter, come in(to), join"
U+5167,內,nèi,1720,1410,,内,"inside, interior; domestic"
U+5168,全,quán,12944,10399,,,"maintain, keep whole or intact"
U+5169,兩,liǎng,1150,891,,两,"two, both, pair, couple; ounce"
U+516B,八,bā,824,691,,,"eight; all around, all sides"
U+516C,公,gōng,14822,11017,,,"fair, equitable; public; duke"
U+516D,六,liù,1598,1450,,,number six
U+516E,兮,xī,5,4,,,exclamatory particle
U+5170,兰,lán,2232,1699,蘭,,"orchid; elegant, graceful"
U+5171,共,gòng,3380,2871,,,"together with, all, total; to share"
U+5173,关,guān,7387,6105,關,,frontier pass; close; relation
U+5174,兴,xìng,866,765,興,,"thrive, prosper, flourish"
U+5175,兵,bīng,554,448,,,"soldier, troops"
U+5176,其,qí,7364,6623,,,"his, her, its, their; that"
U+5177,具,jù,1920,1739,,,"tool, implement; draw up, write"
U+5178,典,diǎn,650,535,,,"law, canon; documentation; classic, scripture"
U+5179,兹,zī,202,176,茲,,"now, here; this; time, year"
U+517B,养,yǎng,528,415,養,,"raise, rear, bring up; support"
U+517C,兼,jiān,388,376,,,"unite, combine; connect; and"
U+517D,兽,shòu,91,77,獸,,"beast, animal; bestial"
U+5180,冀,jì,35,30,,,hope for; wish; Hebei province
U+5185,内,nèi,5158,4602,"內,内",内,inside
U+5186,円,yuán,1,1,,,yen
U+5188,冈,gāng,90,77,岡,,ridge or crest of hill
U+5189,冉,rǎn,17,9,,,tender; weak; proceed gradually
U+518A,冊,cè,38,29,,册,"book, volume"
U+518C,册,cè,147,131,"冊,册",册,"book, volume, register, list"
U+518D,再,zài,3189,2976,,,"again, twice, re-"
U+5192,冒,mào,196,179,,,"risk, brave, dare"
U+5195,冕,miǎn,50,44,,,crown; ceremonial cap
U+5197,冗,rǒng,5,5,,,excessive; superfluous
U+5199,写,xiě,758,697,寫,,"write; draw, sketch; compose"
U+519B,军,jūn,2566,1839,軍,,"army, military; soldiers, troops"
U+519C,农,nóng,1185,896,農,,"agriculture, farming; farmer"
U+51A0,冠,guān,3462,2857,,,"cap, crown, headgear"
U+51A2,冢,zhǒng,9,6,,,"burial mound, mausoleum; grand"
U+51A4,冤,yuān,9,9,,,"grievance, injustice, wrong"
U+51A5,冥,míng,13,11,,,"dark, gloomy, night; deep"
U+51AC,冬,dōng,825,614,"冬,鼕",冬,"winter, 11th lunar month"
U+51AF,冯,féng,27,25,馮,,surname; gallop; by dint of
U+51B0,冰,bīng,1224,636,,,ice; ice-cold
U+51B2,冲,chōng,1379,1257,"冲,沖,衝",冲,soar; pour boiling water over
U+51B3,决,jué,2243,2012,決,,"decide, determine, judge"
U+51B5,况,kuàng,1519,1456,"况,況",况,"condition, situation; furthermore"
U+51B6,冶,yě,36,31,,,"smelt, fuse metals; cast, found"
U+51B7,冷,lěng,460,397,,,"cold, cool; lonely"
U+51BB,冻,dòng,169,152,凍,,"freeze; cold, congeal; jelly"
U+51BC,冼,xiǎn,4,2,,,a surname
U+51BD,冽,liè,13,13,,,"cold and raw; pure, clear"
U+51C0,净,jìng,639,521,凈,,"clean, pure; cleanse"
U+51C6,准,zhǔn,2157,1970,"准,準",准,"approve, allow, permit; in accord"
U+51C7,凇,sōng,39,24,,,dewdrop; icicle
U+51C8,凈,jìng,191,134,,净,"clean, pure; cleanse"
U+51C9,凉,liáng,142,109,"凉,涼",凉,"cool, cold; disheartened"
U+51CB,凋,diāo,8,8,,,"be withered, fallen; exhausted"
U+51CC,凌,líng,451,406,,,pure; virtuous; insult; maltreat
U+51CD,凍,dòng,55,30,,冻,"freeze; cold, congeal; jelly"
U+51CF,减,jiǎn,2613,2092,"减,減",减,"decrease, subtract, diminish"
U+51D1,凑,còu,20,18,"凑,湊",凑,"piece together, assemble"
U+51D6,凖,zhǔn,3,3,,,"rule, guideline, standard"
U+51DB,凛,lǐn,15,11,凜,,to shiver with cold or fear
U+51DC,凜,lǐn,6,5,,凛,"shiver with cold or fear, fearful"
U+51DD,凝,níng,111,102,,,coagulate; congeal; freeze
U+51E0,几,jǐ,1955,1850,"几,幾",几,small table
U+51E1,凡,fán,127,116,,,"all, any, every; ordinary, common"
U+51E4,凤,fèng,132,107,"凤,鳳",凤,male phoenix; symbol of joy
U+51ED,凭,píng,201,190,"凭,憑",凭,"lean on, depend on, rely on"
U+51EF,凯,kǎi,205,188,凱,,"triumphant; triumph, victory"
U+51F0,凰,huáng,39,33,,,female phoenix
U+51F1,凱,kǎi,64,47,,凯,"triumphant; triumph, victory"
U+51F3,凳,dèng,12,9,,,bench; stool
U+51F5,凵,qiǎn,1,1,,,receptacle; Kangxi radical 17
U+51F6,凶,xiōng,57,48,,,"culprit; murder; bad, sad"
U+51F8,凸,tū,246,244,,,"protrude, bulge out, convex"
U+51F9,凹,āo,12,11,,,"concave, hollow, depressed; a pass, valley"
U+51FA,出,chū,19505,15287,"出,齣",出,"go out, send out; stand; produce"
U+51FB,击,jī,2369,2137,擊,,"strike, hit, beat; attack, fight"
U+51FD,函,hán,79,71,,,correspondence; a case; a box
U+51FF,凿,záo,14,11,鑿,,"chisel; bore, pierce"
U+5200,刀,dāo,199,149,,,knife; old coin; measure
U+5201,刁,diāo,2,1,,,"tricky, sly, crafty, cunning"
U+5203,刃,rèn,40,34,,,"edged tool, cutlery, knife edge"
U+5206,分,fēn,7984,6919,,,divide; small unit of time etc.
U+5207,切,qiè,911,858,,,"cut, mince, slice, carve"
U+5208,刈,yì,5,5,,,"cut off, reap, mow; sickle"
U+520A,刊,kān,217,204,,,"publication, periodical; publish"
U+520D,刍,chú,2,2,芻,,"mow, cut grass; hay, fodder"
U+5211,刑,xíng,245,203,,,"punishment, penalty; law"
U+5212,划,huà,2715,2452,"划,劃",划,to row or paddle boat; to scratch
U+5217,列,liè,2788,2226,,,"a line; to arrange in order, classify"
U+5218,刘,liú,183,162,"刘,劉",刘,"surname; kill, destroy"
U+5219,则,zé,1438,1373,則,,"rule, law, regulation; grades"
U+521A,刚,gāng,637,446,剛,,"hard, tough, rigid, strong"
U+521B,创,chuàng,3708,3261,創,,"establish, create; knife cut"
U+521D,初,chū,1715,1586,,,"beginning, initial, primary"
U+5220,删,shān,72,64,"删,刪",删,to cut; delete
U+5224,判,pàn,1149,972,,,judge; discriminate; conclude
U+5225,別,bié,465,420,,别,"separate, other; do not"
U+5228,刨,páo,12,7,,,"carpenter's plane; plane, level"
U+5229,利,lì,7473,5903,,,"gains, advantage, profit, merit"
U+522A,刪,shān,7,6,,删,"to cut; delete, erase; to geld"
U+522B,别,bié,1443,1346,"別,别,彆",别,"separate, other; do not"
U+522E,刮,guā,32,27,"刮,颳",刮,"shave, pare off, scrape"
U+5230,到,dào,13110,11106,,,"go to, arrive, been to"
U+5236,制,zhì,7452,5996,"制,製",制,system; establish; overpower
U+5237,刷,shuā,387,346,,,"brush; clean with brush, scrub"
U+5238,券,quàn,625,489,,,"certificate, ticket; title deeds"
U+5239,刹,shā,52,48,"刹,剎",刹,"temple, shrine, monastery"
U+523A,刺,cì,378,350,,,"stab; prick, irritate; prod"
U+523B,刻,kè,909,817,,,"carve, engrave; quarter hour"
U+5241,剁,duò,9,6,,,"chop by pounding, mince, hash"
U+5242,剂,jì,452,347,劑,,medicinal preparation
U+5243,剃,tì,8,7,,,shave
U+5247,則,zé,310,277,,则,"rule, law, regulation; grades"
U+524A,削,xuē,361,344,,,"scrape off, pare, trim"
U+524D,前,qián,11318,9978,,,"in front, forward; preceding"
U+524E,剎,shā,13,13,,刹,temple
U+5251,剑,jiàn,122,90,劍,,"sword, dagger, saber"
U+5254,剔,tī,57,56,,,pick out; scrape off; scrape meat
U+5256,剖,pōu pǒ,16,15,,,"split in two, slice; dissect"
U+525B,剛,gāng,119,87,,刚,"hard, tough, rigid, strong"
U+525D,剝,bō,20,16,,剥,"peel, peel off, to shell, strip; hexagram ䷖"
U+5265,剥,bō,79,74,剝,,peel
U+5267,剧,jù,928,860,"剧,劇",剧,"theatrical plays, opera, drama"
U+5269,剩,shèng,309,281,,,"leftovers, residue, remains"
U+526A,剪,jiǎn,101,77,,,"scissors; cut, divide, separate"
U+526F,副,fù,966,885,,,assist; supplement; assistant
U+5272,割,gē,135,114,,,"cut, divide, partition; cede"
U+5275,創,chuàng,1157,934,,创,"establish, create; knife cut"
U+5277,剷,chǎn,2,2,,,"to level off, cut off, pare down, raze"
U+527D,剽,piāo piào,1,1,,,"rob, plunder; slice off; fast"
U+527F,剿,jiǎo,9,9,,,"destroy, exterminate, annihilate"
U+5283,劃,huà,478,409,,划,"divide, mark off, lay boundary"
U+5284,劄,zhá,1,1,,,brief note; official communique
U+5287,劇,jù,266,207,,剧,"theatrical plays, opera, drama"
U+5288,劈,pī,12,12,,,"cut apart, split, chop"
U+5289,劉,liú,85,69,,刘,"surname; kill, destroy"
U+528D,劍,jiàn,94,75,,剑,"sword, dagger, saber"
U+5291,劑,jì,26,24,,剂,medicinal preparation
U+529B,力,lì,8427,7153,,,"power, capability, influence; Kangxi radical 19"
U+529D,劝,quàn,36,34,"劝,勸",劝,"recommend, advise, urge"
U+529E,办,bàn,1330,1173,"办,辦",办,"manage, do, handle; deal with"
U+529F,功,gōng,2323,1902,,,"achievement, merit, good result"
U+52A0,加,jiā,12315,9643,,,"add to, increase, augment"
U+52A1,务,wù,4528,3735,務,,"affairs, business; must, should"
U+52A3,劣,liè,113,111,,,"bad, inferior; slightly"
U+52A8,动,dòng,10366,8146,"动,動",动,"move, happen; movement, action"
U+52A9,助,zhù,2067,1873,,,"help, aid, assist"
U+52AA,努,nǔ,680,653,,,"to exert, strive, make an effort; to pout"
U+52AB,劫,jié,59,53,,,"take by force, coerce; disaster"
U+52AC,劬,qú,1,1,,,"be diligent, toil, endeavor"
U+52B1,励,lì,267,242,"励,勵",励,strive; encourage
U+52B2,劲,jìn,573,552,勁,,"strong, unyielding, tough, power"
U+52B3,劳,láo,706,591,"劳,勞",劳,"labor, toil, do manual work"
U+52B5,劵,juàn,2,1,,,"certificate, ticket; title deeds"
U+52BC,劼,jié,3,2,,,"be discreet, prudent, cautious"
U+52BE,劾,hé,74,56,,,"examine into, impeach, charge"
U+52BF,势,shì,2636,2407,"势,勢",势,"power, force; tendency"
U+52C1,勁,jìn,122,118,,劲,"strong, unyielding, tough, powerful"
U+52C3,勃,bó,209,154,,,"suddenly, sudden, quick"
U+52C7,勇,yǒng,223,201,,,"brave, courageous, fierce"
U+52C9,勉,miǎn,32,31,,,"endeavor, make effort; urge"
U+52CB,勋,xūn,417,333,勛,,meritorious deed; merits; rank
U+52D0,勐,měng,4,4,,,imperial degree; Daoist magic
U+52D2,勒,lēi,828,666,,,"strangle, tighten"
U+52D5,動,dòng,3131,2350,,动,"move, happen; movement, action"
U+52D8,勘,kān,45,41,,,investigate; compare; collate
U+52D9,務,wù,1456,1040,,务,"affairs, business; must, should"
U+52DB,勛,xūn,29,20,,勋,meritorious deed; merits; rank
U+52DD,勝,shèng,305,252,,胜,"victory; excel, be better than"
U+52DE,勞,láo,150,119,,劳,"labor, toil, do manual work"
U+52DF,募,mù,195,169,,,"levy, raise; summon; recruit"
U+52E0,勠,lù,1,1,,,"join forces, unite"
U+52E2,勢,shì,651,566,,势,"power, force; tendency"
U+52E4,勤,qín,172,155,,,"industrious, diligent, attentive"
U+52F3,勳,xūn,75,60,,,meritorious deed; merits; rank
U+52F5,勵,lì,34,34,,励,strive; encourage
U+52F8,勸,quàn,15,15,,劝,"recommend, advise, urge"
U+52FA,勺,sháo,35,31,,,"spoon, ladle; unit of volume"
U+52FB,勻,yún,2,2,,匀,"equal, impartially, uniform, even"
U+52FE,勾,gōu,116,112,,,"hook, join, connect; entice"
U+52FF,勿,wù,80,77,,,"must not, do not; without, never"
U+5300,匀,yún,13,11,"勻,匀",匀,equal
U+5305,包,bāo,2593,2361,,,"wrap, pack, bundle; package"
U+5306,匆,cōng,27,18,,,"hastily, in haste, hurriedly"
U+5308,匈,xiōng,73,48,,,"breast, chest, thorax; clamor; the Hsiung Nu 'Huns'"
U+530D,匍,pú,2,1,,,crawl; lie prostrate
U+5310,匐,fú,2,1,,,fall prostrate; crawl
U+5315,匕,bǐ,7,5,,,"spoon, ladle; knife, dirk"
U+5316,化,huà,7320,5649,,,"change, convert, reform; -ize"
U+5317,北,běi,4732,3683,,,north; northern; northward
U+5319,匙,chí,28,21,,,spoon; surname
U+531D,匝,zā,2,1,,,full circle; encircle
U+5320,匠,jiàng,74,67,,,"craftsman, artisan; workman"
U+5321,匡,kuāng,4,4,,,"correct, restore, revise"
U+5323,匣,xiá,7,7,,,"small box, case, coffer"
U+532A,匪,fěi,22,19,,,"bandits, robbers, gangsters"
U+532E,匮,kuì,10,10,匱,,to lack
U+532F,匯,huì,364,250,,汇,"a concourse; to flow together, gather together; (same as 滙) to remit money"
U+5331,匱,guì,3,3,,匮,to lack
U+5339,匹,pǐ,110,97,,,bolt of cloth; counter for horses
U+533A,区,qū,3789,3179,"区,區",区,"area, district, region, ward"
U+533B,医,yī,1070,783,"医,醫",医,"cure, heal; doctor, medical"
U+533E,匾,biǎn,3,3,,,"flat, round split-bamboo contain"
U+533F,匿,nì,31,30,,,hide; go into hiding
U+5340,區,qū,1830,1333,,区,"area, district, region, ward; surname"
U+5341,十,shí,2899,2431,,,"ten, tenth; complete; perfect"
U+5343,千,qiān,1494,1268,"千,韆",千,"thousand; many, numerous; very; (Cant.) a cheater, swindler"
U+5347,升,shēng,4007,3551,,,"arise, go up; hoist; advance; hexagram ䷭"
U+5348,午,wǔ,1306,1126,,,seventh earthly branch
U+5349,卉,huì,20,15,,,general term for plants; myriads
U+534A,半,bàn,4573,3223,,,half
U+534E,华,huá,3921,3133,華,,flowery; illustrious; Chinese
U+534F,协,xié,1709,1476,協,,be united; cooperate
U+5351,卑,bēi,28,24,,,"humble, low, inferior; despise"
U+5352,卒,zú,2,2,,,"soldier; servant; at last, finally"
U+5353,卓,zhuó,102,86,,,"profound, brilliant, lofty"
U+5354,協,xié,485,393,,协,be united; cooperate
U+5355,单,dān,2128,1813,"单,單",单,"single, individual, only; lone"
U+5356,卖,mài,785,662,賣,,sell; betray; show off
U+5357,南,nán,8033,6401,,,south; southern part; southward
U+535A,博,bó,1844,1392,,,"gamble, play games; wide, broad"
U+535C,卜,bo bǔ,77,62,"卜,蔔",卜,fortune telling; prophesy
U+535E,卞,biàn,1,1,,,"to be impatient, in a hurry; excitable"
U+5360,占,zhàn,1049,934,,,divine; observe; versify
U+5361,卡,kǎ,1884,1467,,,"card, punch card; calorie"
U+5362,卢,lú,238,186,盧,,"cottage, hut; surname; black"
U+5363,卣,yǒu,2,2,,,wine pot
U+5364,卤,lǔ,35,22,"滷,鹵",,salt
U+5366,卦,guà,4,2,,,fortune telling; tell fortunes
U+5367,卧,wò,38,37,,,lie down; crouch
U+5369,卩,jié,1,1,,,seal; Kangxi radical 26
U+536B,卫,wèi,1256,1005,衛,,"guard, protect, defend"
U+536F,卯,mǎo,14,12,,,fourth earthly branch
U+5370,印,yìn,2690,1692,,,"print, seal, stamp, chop, mark"
U+5371,危,wēi,1232,1105,,,"dangerous, precarious; high; 12th lunar mansion, determinative star α Aquarii (Sadalmelik)"
U+5373,即,jí,1900,1841,,,"promptly, quickly, immediately"
U+5374,却,què,988,964,"却,卻",却,"still, but; decline; retreat"
U+5375,卵,luǎn,29,21,,,egg; ovum; roe; spawn
U+5377,卷,juǎn,673,603,"卷,捲",卷,scroll; curl; make a comeback
U+5378,卸,xiè,131,116,,,lay down; retire from office
U+537A,卺,jǐn,1,1,,,(nuptial) winecups
U+537B,卻,què,167,157,,却,"still, but; decline; retreat"
U+537F,卿,qīng,94,85,,,"noble, high officer"
U+5382,厂,chǎng,1964,1431,"厂,廠",厂,"factory, workshop; radical 27"
U+5384,厄,è,46,42,,,"adversity, difficulty, distress"
U+5385,厅,tīng,369,323,廳,,"hall, central room"
U+5386,历,lì,2080,1907,"历,曆,歷",历,history; calendar
U+5389,厉,lì,120,118,"厉,厲",厉,"whetstone; grind, sharpen; whet"
U+538B,压,yā,1337,1230,"压,壓",压,press; oppress; crush; pressure
U+538C,厌,yàn,38,33,厭,,"dislike, detest, reject; satiate"
U+5395,厕,cè,37,28,"厠,廁",,"mingle with; toilet, lavatory"
U+5398,厘,lí,131,105,"厘,釐",厘,"manage, control; thousandth part of tael"
U+539A,厚,hòu,393,368,,,thick; substantial; greatly
U+539D,厝,cuò,14,10,,,cut or engrave; a grave or tombstone
U+539F,原,yuán,3978,3394,,,"source, origin, beginning"
U+53A0,厠,cè,1,1,,厕,"mingle with; toilet, lavatory"
U+53A2,厢,xiāng,50,43,廂,,"side-room, wing; theatre box"
U+53A5,厥,jué,3,3,,,"personal pronoun he, she, it"
U+53A6,厦,shà,203,152,"厦,廈",厦,"big building, mansion"
U+53A8,厨,chú,128,101,"厨,廚",厨,kitchen; closet; cupboard
U+53A9,厩,jiù,1,1,"厩,廄",厩,stable; barnyard
U+53AD,厭,yàn,6,5,,厌,"dislike, detest, reject; satiate"
U+53AE,厮,sī,5,5,"厮,廝",厮,servant; to make a disturbance
U+53B2,厲,lì,39,36,,厉,"whetstone; grind, sharpen; whet"
U+53BB,去,qù,4019,3660,,,"go away, leave, depart"
U+53BF,县,xiàn,980,802,縣,,"county, district, subdivision"
U+53C1,叁,sān,5,4,叄,,bank form of numeral 'three'
U+53C2,参,cān,1535,1352,"参,參",参,"take part in, intervene; ginseng; 21st lunar mansion, determinative star ζ Orionis (Alnitak)"
U+53C3,參,cān,566,462,,参,"take part in, intervene; ginseng"
U+53C4,叄,cān,2,1,,叁,"take part in, intervene; ginseng"
U+53C8,又,yòu,1621,1499,,,"and, also, again, in addition"
U+53C9,叉,chā,57,48,,,"crotch; fork, prong"
U+53CA,及,jí,5206,4776,,,extend; reach; come up to; and
U+53CB,友,yǒu,2508,2184,,,"friend, companion; fraternity"
U+53CC,双,shuāng,1211,1019,"双,雙",双,"set of two, pair, couple; both"
U+53CD,反,fǎn,3247,2865,,,"reverse, opposite, contrary, anti"
U+53D1,发,fā,13912,11148,"發,髮",,"issue, dispatch, send out; hair"
U+53D2,叒,ruò,6,6,,,obedient; united
U+53D4,叔,shū,60,39,,,father's younger brother
U+53D5,叕,zhuó,3,3,,,to connect
U+53D6,取,qǔ,3282,3021,,,"take, receive, obtain; select"
U+53D7,受,shòu,6072,5571,,,"receive, accept, get; bear, stand"
U+53D8,变,biàn,3115,2650,變,,"change, transform, alter; rebel"
U+53D9,叙,xù,110,86,"叙,敘",叙,"express, state, relate, narrate"
U+53DB,叛,pàn,42,40,,,rebel; rebellion; rebellious
U+53E0,叠,dié,193,162,"叠,疊",叠,pile; be piled up; fold up
U+53E2,叢,cóng,7,7,,丛,"bush, shrub; thicket; collection"
U+53E3,口,kǒu,6413,4403,,,"mouth; open end; entrance, gate"
U+53E4,古,gǔ,2063,1426,,,"old, classic, ancient"
U+53E5,句,jù,241,219,,,sentence
U+53E6,另,lìng,854,843,,,"another, separate, other"
U+53E8,叨,dāo,2,2,,,talkative; quarrelous
U+53E9,叩,kòu,8,6,,,"knock, ask; kowtow, bow"
U+53EA,只,zhǐ,2674,2429,"只,戠,衹,隻",只,"only, just, simply"
U+53EB,叫,jiào,305,283,,,"cry, shout; hail, greet, call"
U+53EC,召,zhào,468,436,,,imperial decree; summon
U+53ED,叭,bā,7,6,,,trumpet
U+53EE,叮,dīng,18,18,,,exhort or enjoin repeatedly
U+53EF,可,kě,10884,9102,,,"may, can, -able; possibly"
U+53F0,台,tái,8768,5198,"台,檯,臺,颱",台,platform; unit; term of address
U+53F1,叱,chì,6,6,,,"scold, shout at, bawl out"
U+53F2,史,shǐ,2517,2261,,,"history, chronicle, annals"
U+53F3,右,yòu,733,687,,,right; west; right-wing
U+53F5,叵,pǒ,2,2,,,"cannot, be unable do, improbable; thereupon"
U+53F6,叶,yè,224,193,"叶,葉",叶,"to harmonize, to rhyme; to unite; (borrowed for) leaf"
U+53F7,号,hào,1472,1183,"号,號",号,"mark, sign; symbol; number"
U+53F8,司,sī,9588,7194,,,"take charge of, control, manage; officer"
U+53F9,叹,tàn,100,99,嘆,,"sigh, admire"
U+53FB,叻,lè,32,18,,,"used in place names; (Cant.) smart, clever"
U+53FC,叼,diāo,8,7,,,hold in mouth
U+53FD,叽,jī,8,4,嘰,,sigh in disapproval; take small
U+5401,吁,xū,469,460,"吁,籲",吁,interjection 'Alas!'; to sigh
U+5403,吃,chī,1320,1019,,,"eat; drink; suffer, endure, bear"
U+5404,各,gè,2834,2569,,,"each, individually, every, all"
U+5406,吆,yāo,9,9,,,"bawl, yell, shout, cry out"
U+5408,合,hé,7547,6164,"合,閤",合,"combine, unite, join; gather"
U+5409,吉,jí,1776,1369,,,"lucky, propitious, good"
U+540A,吊,diào,99,79,,,"condole, mourn, pity; hang"
U+540B,吋,cùn,9,8,,,English inch (寸 can be either an English or Chinese inch)
U+540C,同,tóng,7505,6310,"同,衕",同,"same, similar; together with"
U+540D,名,míng,5864,4887,,,"name, rank, title, position"
U+540E,后,hòu,7875,7077,"后,後",后,"queen, empress, sovereign; (simp. for 後) behind, rear, after"
U+540F,吏,lì,5,3,,,"government official, magistrate"
U+5410,吐,tǔ,150,131,,,"vomit, spew out, cough up"
U+5411,向,xiàng,5433,4838,"向,嚮,曏",向,"toward, direction, trend"
U+5412,吒,zhā,274,141,,咤,"shout, roar, bellow; scold"
U+5413,吓,xià,71,66,"吓,嚇",吓,"scare, frighten; intimidate"
U+5415,吕,lǚ,39,38,呂,,surname; a musical note
U+5417,吗,ma,780,744,嗎,,final interrogative particle
U+541B,君,jūn,92,75,,,"sovereign, monarch, ruler, chief, prince"
U+541D,吝,lìn,3,3,,,"stingy, miserly, parsimonious"
U+541E,吞,tūn,99,84,,,"swallow; absorb, annex, engulf"
U+541F,吟,yín,18,16,,,"sing, hum; recite; type of poetry"
U+5420,吠,fèi,4,3,,,bark
U+5426,否,fǒu,1449,1353,,,"not, no, negative; final particle; hexagram ䷋"
U+5427,吧,ba,353,339,,,emphatic final particle
U+5428,吨,dūn,350,268,噸,,"metric ton; (Cant.) to babble, gibberish"
U+542B,含,hán,570,535,,,hold in mouth; cherish; contain
U+542C,听,tīng,497,421,"听,聽",听,"hear; understand; obey, comply; one pound"
U+542D,吭,kēng,5,3,,,throat
U+542E,吮,shǔn,1,1,,,"suck with mouth, sip, lick"
U+542F,启,qǐ,1072,1017,"啓,啟",,"open; begin, commence; explain"
U+5431,吱,zhī,6,6,,,"chirping, squeaking, hissing"
U+5433,吳,wú,53,39,,吴,one of warring states; surname
U+5434,吴,wú,143,123,"吳,吴",吴,name of warring state; surname
U+5435,吵,chǎo,24,23,,,"argue, dispute; disturb, annoy"
U+5436,吶,nà,8,7,,呐,"raise voice, yell out loud, shout; stammer"
U+5438,吸,xī,1183,1105,,,"inhale, suck in; absorb; attract"
U+5439,吹,chuī,141,130,,,"blow; puff; brag, boast"
U+543B,吻,wěn,28,21,,,kiss; the lips; coinciding
U+543C,吼,hǒu,8,7,,,"roar, shout; bark, howl"
U+543E,吾,wú,67,59,,,"i, my, our; resist, impede"
U+5440,呀,ya,34,32,,,particle used to express surprise or mild emphasis; (Cant.) slurred form of the number ten
U+5442,呂,lǚ,20,13,,吕,surname; a musical note
U+5446,呆,dāi,77,65,,,"dull; dull-minded, simple, stupid"
U+5448,呈,chéng,453,435,,,"submit, show; appear; petition"
U+544A,告,gào,2835,2519,,,"tell, announce, inform; accuse"
U+544E,呎,chǐ,1,1,,,"foot, twelve inches"
U+5450,呐,nà,9,8,吶,,"raise voice, yell out loud, shout; stammer"
U+5455,呕,ǒu,7,7,嘔,,"vomit; annoy, enrage"
U+5457,呗,bei,4,3,唄,,final particle of assertion
U+5458,员,yuán,5724,4555,員,,"member; personnel, staff member"
U+545B,呛,qiāng,9,9,嗆,,choke by smoke; irritates nose
U+545C,呜,wū,3,2,嗚,,"sound of crying, sobbing"
U+5462,呢,ne,309,296,,,interrogative or emphatic final; (Cant.) this
U+5466,呦,yōu,9,5,,,the bleating of the deer
U+5468,周,zhōu,6508,5632,,,Zhou dynasty; circumference
U+5471,呱,gū,8,4,,,"wail, crying of child; swear at"
U+5473,味,wèi,1561,1304,,,"taste, smell, odor; delicacy"
U+5475,呵,hē,30,27,,,scold; laughing sound; yawn
U+5477,呷,xiā xiá,6,4,,,"suck, swallow, drink"
U+547B,呻,shēn,1,1,,,"groan, moan; recite with intonation"
U+547C,呼,hū,913,856,,,"breathe sigh, exhale; call, shout"
U+547D,命,mìng,1247,1104,,,"life; destiny, fate, luck; an order, instruction"
U+5480,咀,jǔ,12,12,,,"suck; chew, masticate"
U+5482,咂,zā,3,3,,,"to suck, to smack the lips; (Cant.) to cheat"
U+5484,咄,duō,6,3,,,"noise of rage, cry out in anger"
U+5486,咆,páo,5,5,,,roar
U+548B,咋,zǎ,21,20,,,"question-forming particle, why? how? what?; to bite; loud"
U+548C,和,hé,20886,16513,,,"harmony, peace; peaceful, calm"
U+548E,咎,jiù,37,37,,,"fault, defect; error, mistake"
U+548F,咏,yǒng,60,55,"咏,詠",咏,"sing song or poem, hum, chant"
U+5492,咒,zhòu,15,14,,,"curse, damn, incantation"
U+5494,咔,kā,12,7,,,used in translation
U+5495,咕,gū,8,7,,,"mumble, mutter, murmur; rumble"
U+5496,咖,kā,543,298,,,coffee; a phonetic
U+5499,咙,lóng,7,7,嚨,,throat
U+549A,咚,dōng,8,5,,,"onomatopoetic, a thumping sound"
U+54A4,咤,zhà,6,6,"吒,咤",咤,"scold, bellow, shout at, roar"
U+54A7,咧,liě,7,6,,,"stretch mouth, grimace, grin"
U+54A8,咨,zī,99,93,,,"inquire, consult, discuss; plan"
U+54A9,咩,miē,10,5,,,the bleating of sheep; (Cant.) an interrogative particle
U+54AA,咪,mī,16,13,,,"sound of cat, cat's meow; meter; (Cant.) don't!"
U+54AB,咫,zhǐ,7,7,,,foot measure of Zhou dynasty
U+54AC,咬,yǎo,50,46,,,"bite, gnaw"
U+54AF,咯,gē,9,9,,,final particle
U+54B1,咱,zán,21,20,,,"we, us"
U+54B3,咳,hāi,24,18,,,cough
U+54B8,咸,xián,71,61,"咸,鹹",咸,"together; all, completely; united; hexagram ䷞"
U+54BD,咽,yàn,25,23,,,throat; pharynx
U+54BE,咾,lǎo,1,1,,,a noise; a sound
U+54C0,哀,āi,68,61,,,"sad, mournful, pitiful; pity"
U+54C1,品,pǐn,6658,4813,,,"article, product, commodity"
U+54C4,哄,hōng,18,15,,,"coax; beguile, cheat, deceive"
U+54C6,哆,duō,19,8,,,"tremble, shiver, shudder, quiver"
U+54C7,哇,wā,54,52,,,vomit; cry of an infant
U+54C8,哈,hā,1500,1084,,,sound of laughter
U+54C9,哉,zāi,24,20,,,final exclamatory particle
U+54CD,响,xiǎng,2533,2383,"响,響",响,"make sound, make noise; sound"
U+54CE,哎,āi,3,3,,,interjection of surprise
U+54CF,哏,gén,3,3,,,something funny
U+54D1,哑,yǎ,1,1,啞,,"dumb, mute; become hoarse"
U+54D2,哒,dā,4,4,噠,,a sound made to get a horse to move forward
U+54D4,哔,bì,12,6,嗶,,used in transliterations
U+54D7,哗,huā,24,24,嘩,,rushing sound; gush forward
U+54DE,哞,mōu,1,1,,,moo
U+54DF,哟,yō,1,1,喲,,"ah, final particle"
U+54E1,員,yuán,1350,1034,,员,"member; personnel, staff member"
U+54E5,哥,gē,775,608,,,elder brother
U+54E6,哦,ó,28,28,,,oh? really? is that so?
U+54E7,哧,chī,4,2,,,sound of ripping or giggling
U+54E8,哨,shào,39,38,,,"whistle, blow whistle; chirp"
U+54E9,哩,lī,12,7,,,mile
U+54EA,哪,nǎ,892,713,,,which? where? how?
U+54ED,哭,kū,72,59,,,"weep, cry, wail"
U+54EE,哮,xiào,8,7,,,cough; pant; roar
U+54F2,哲,zhé,286,218,,,"wise, sagacious; wise man, sage"
U+54FA,哺,bǔ,19,15,,,chew food; feed
U+54FC,哼,hēng,1,1,,,"hum; sing softly; groan, moan; (Cant.) an interjecting indicating disapproval"
U+54FD,哽,gěng,6,6,,,choke (with grief)
U+5501,唁,yàn,10,8,,,express condolence
U+5506,唆,suō,2,1,,,"make mischief, incite, instigate"
U+5507,唇,chún,18,15,,,lips
U+550F,唏,xī,4,4,,,weep or sob; grieve
U+5510,唐,táng,268,206,,,Tang dynasty; Chinese
U+5511,唑,zuò,1,1,,,(chem.) azole
U+5514,唔,wú,1,1,,,"hold in mouth; bite; (Cant.) not, negation"
U+5520,唠,láo,7,4,嘮,,"chat, jaw, gossip, talk"
U+5522,唢,suǒ,4,3,嗩,,flute-like musical instrument
U+5524,唤,huàn,39,37,喚,,call
U+5527,唧,jī,1,1,,,chirping of insects; pump; (Cant.) a final particle
U+552C,唬,hǔ,5,5,,,to intimidate; to scare
U+552E,售,shòu,3745,2952,,,sell
U+552F,唯,wéi,312,303,,,only; yes
U+5530,唰,shuā,1,1,,,"swish, rustle"
U+5531,唱,chàng,365,284,,,"sing, chant, call; ditty, song"
U+5533,唳,lì,3,3,,,cry of bird; cry
U+553E,唾,tuò,13,13,,,"spit, spit on; saliva"
U+5543,啃,kěn,12,11,,,"gnaw, chew, bite"
U+5544,啄,zhuó,5,4,,,to peck; (Cant.) to slander
U+5546,商,shāng,9296,7656,,,"commerce, business, trade"
U+554A,啊,ā,127,122,,,exclamatory particle
U+554F,問,wèn,1022,815,,问,"ask (about), inquire after"
U+5553,啓,qǐ,3,3,,启,"open; begin, commence; explain"
U+5555,啕,táo,1,1,,,wail
U+5556,啖,dàn,1,1,,,"eat, feed; chew, bite; entice"
U+555E,啞,yǎ,1,1,,哑,"dumb, mute; become hoarse"
U+555F,啟,qǐ,495,431,,启,open; begin
U+5561,啡,fēi,497,266,,,morphine; coffee
U+5564,啤,pí,95,56,,,beer
U+5565,啥,shá,86,81,,,what?
U+5566,啦,lā,209,185,,,final particle of assertion
U+5567,啧,zé,6,3,嘖,,interjection of approval or admiration
U+556A,啪,pā,1,1,,,syllable
U+556B,啫,zhě,2,1,,,(Cant.) interjection of warning; phonetic; penis
U+556C,啬,sè,1,1,嗇,,"miserly, thrifty; stingy"
U+556E,啮,niè,3,3,嚙,,"bite, gnaw"
U+5570,啰,luō,2,2,"啰,囉",啰,phonetic
U+5572,啲,dī,1,1,,,(Cant.) a few
U+5576,啶,dìng,1,1,,,phonetic used in pyridine and pyrimidine
U+5578,啸,xiào,108,87,嘯,,"roar, howl, scream; whistle"
U+557C,啼,tí,4,4,,,"weep, whimper; howl, twitter"
U+557E,啾,jiū,2,1,,,wailing of child; chirp
U+5580,喀,kā,192,148,,,vomit; used in transliterations
U+5582,喂,wèi,31,30,,,interjection to call attention
U+5583,喃,nán,1,1,,,"keep talking, chattering; mumble"
U+5584,善,shàn,740,698,,,"good, virtuous, charitable, kind"
U+5586,喆,zhé,5,5,,,a sage; wise; sagacious
U+5587,喇,lǎ,15,12,,,"horn, bugle; lama; final particle"
U+5589,喉,hóu,63,45,,,"throat, gullet, larynx; guttural"
U+558A,喊,hǎn,162,151,,,"shout, call out, yell; howl; cry"
U+558B,喋,dié,4,2,,,"nag; chatter, babble, twitter"
U+5594,喔,ō,3,3,,,descriptive of crying or of crowing
U+5598,喘,chuǎn,34,33,,,"pant, gasp, breathe heavily"
U+5599,喙,huì,3,2,,,"beak, bill, snout; pant"
U+559A,喚,huàn,8,7,,唤,"call, summon; invite; be called"
U+559C,喜,xǐ,789,715,,,"like, love, enjoy; joyful thing"
U+559D,喝,hē,233,196,,,"drink; shout, call out"
U+55A7,喧,xuān,28,28,,,"lively, noisy; clamor, talk loudly"
U+55AA,喪,sàng,12,12,,丧,mourning; mourn; funeral
U+55AC,喬,qiáo,19,15,,乔,"tall, lofty; proud, stately"
U+55AE,單,dān,662,496,,单,"single, individual, only; lone"
U+55B0,喰,cān,1,1,,,"to eat, drink"
U+55B1,喱,lí,31,22,,,gramme; syllable
U+55B2,喲,yō,1,1,,哟,"ah, final particle"
U+55B3,喳,zhā,2,1,,,whispering
U+55B5,喵,miāo,5,3,,,the mew of the cat
U+55B7,喷,pēn,206,152,噴,,"spurt, blow out, puff out"
U+55B9,喹,kuí,2,1,,,quinoxaline (chemical compound)
U+55BB,喻,yù,35,33,,,"metaphor, analogy; example; like"
U+55BD,喽,lóu,6,6,"喽,嘍",喽,used in onomatopoetic expressions
U+55C5,嗅,xiù,26,19,,,"smell, scent, sniff; olfactive"
U+55C6,嗆,qiāng,1,1,,呛,choke by smoke; irritates nose
U+55CE,嗎,ma,166,155,,吗,final interrogative particle
U+55D1,嗑,kē,6,6,,,eat seeds; reproach; loquacious
U+55D3,嗓,sǎng,5,5,,,voice; throat
U+55D4,嗔,chēn,3,1,,,"be angry at, scold, rebuke"
U+55D6,嗖,sōu,1,1,,,whizzing sound
U+55DC,嗜,shì,7,7,,,"be fond of, have weakness for"
U+55DD,嗝,gé,2,2,,,"cackling of fowls to gag, to vomit"
U+55DF,嗟,jiē,1,1,,,"sigh, alas"
U+55E1,嗡,wēng,2,2,,,"sound of flying bees, airplanes"
U+55E3,嗣,sì,4,4,,,"to connect, inherit; descendants, heirs"
U+55E6,嗦,suō,4,3,,,suck
U+55E8,嗨,hāi,13,9,,,an exclamation
U+55E9,嗩,suǒ,5,4,,唢,flute-like musical instrument
U+55EA,嗪,qín,1,1,,,character used in translation
U+55EF,嗯,ǹg en,6,6,,,final particle
U+55F7,嗷,áo,1,1,,,loud clamor; sound of wailing
U+55FD,嗽,sòu,16,12,,,"cough, gargle, clear throat"
U+5605,嘅,kǎi,5,5,,,sound of sighing; (Cant.) possessive
U+5606,嘆,tàn,37,37,,叹,"sigh, admire"
U+5608,嘈,cáo,3,3,,,noisy
U+5609,嘉,jiā,280,228,,,excellent; joyful; auspicious
U+560D,嘍,lóu,1,1,,喽,used in onomatopoetic expressions
U+560E,嘎,gā,44,28,,,"sound of laughter; bad, malevolent"
U+5617,嘗,cháng,59,53,,尝,"taste; experience, experiment"
U+5618,嘘,xū,9,9,噓,,exhale; blow out; deep sigh; hiss; praise
U+561B,嘛,ma má,31,26,,,final exclamatory particle
U+561E,嘞,lei,3,2,,,(Cant.) final particle used for polite refusal
U+561F,嘟,dū,14,8,,,sound of horn tooting
U+5622,嘢,yě,1,1,,,(Cant.) thing
U+5623,嘣,bēng,2,2,,,syllable
U+5624,嘤,yīng,4,2,嚶,,seek friends; also used in onomatopoetic expressions
U+5627,嘧,mì,1,1,,,pyrimidine
U+562E,嘮,láo,3,2,,唠,"chat, jaw, gossip, talk"
U+562F,嘯,xiào,12,8,,啸,"roar, howl, scream; whistle"
U+5630,嘰,jī,2,1,,叽,sigh in disapproval; take small
U+5631,嘱,zhǔ,13,11,"嘱,囑",嘱,"order, tell, instruct, leave word"
U+5632,嘲,cháo,30,27,,,"ridicule, deride, scorn, jeer at"
U+5634,嘴,zuǐ,99,81,,,"mouth, lips"
U+5636,嘶,sī,1,1,,,"neighing of a horse; gravel voiced, husky throated; (Cant.) to hiccough"
U+5639,嘹,liáo,7,7,,,used describe clarity of voice; resonant
U+563B,嘻,xī,3,2,,,"mirthful, happy; interjection"
U+563F,嘿,hēi,13,7,,,"be silent, be quiet"
U+564C,噌,cēng,3,2,,,"scold, shout at"
U+564E,噎,yē,3,3,,,choke; hiccup
U+565C,噜,lū,2,1,嚕,,"verbose, talkative; mumbling"
U+5660,噠,dā dá,4,1,,哒,sound made to get a horse to move forward
U+5662,噢,ō,1,1,,,"moan; interjection for pain, sad"
U+5664,噤,jìn,4,4,,,"close; be silent, be unable speak"
U+5668,器,qì,2930,1991,,,"receptacle, vessel; instrument"
U+5669,噩,è,15,13,,,"bad, ill-omened, unlucky"
U+566A,噪,zào,39,31,,,be noisy; chirp loudly
U+566C,噬,shì,26,25,,,bite; gnaw; snap at
U+5671,噱,xué,4,4,,,"laugh heartily, laugh aloud"
U+5674,噴,pēn,35,27,,喷,"spurt, blow out, puff out"
U+5676,噶,gá,5,5,,,used in transliterations
U+5678,噸,dūn,271,186,,吨,ton (metric or English)
U+5679,噹,dāng,2,1,,"当,𪠽",sound of bells
U+567B,噻,sāi,1,1,,,character used in translation
U+567C,噼,pī,1,1,,,sound; (Cant.) a child's buttocks
U+5684,嚄,huō,1,1,,,roar
U+5687,嚇,xià,13,13,,吓,"scare, frighten; intimidate"
U+568E,嚎,háo,2,2,,,"cry loudly, yell, scream"
U+568F,嚏,tì,4,4,,,sneeze
U+5690,嚐,cháng,13,11,,𰈇,taste
U+5693,嚓,cā,6,4,,,a cracking or snapping sound
U+5695,嚕,lǔ,1,1,,噜,"verbose, talkative; mumbling"
U+56A3,嚣,xiāo,15,15,囂,,be noisy; treat with contempt
U+56A8,嚨,lóng,1,1,,咙,throat
U+56AE,嚮,xiàng,77,70,,向,"guide, direct; incline to, favor"
U+56B4,嚴,yán,226,191,,严,"strict, rigorous, rigid; stern"
U+56BC,嚼,jué,14,13,,,"prattle, be glib"
U+56BF,嚿,huò,1,1,,𫩥,(Cant.) a lump; measure word
U+56C2,囂,xiāo,6,6,,嚣,be noisy; treat with contempt
U+56CA,囊,náng,61,52,,,"bag, purse, sack; put in bag"
U+56D1,囑,zhǔ,7,7,,嘱,"order, tell, instruct, leave word"
U+56D7,囗,wéi,2,2,,,"erect, proud; upright; bald"
U+56DA,囚,qiú,34,32,,,"prisoner, convict; confine"
U+56DB,四,sì,3307,2953,,,four
U+56DD,囝,jiǎn,1,1,,,"baby, infant"
U+56DE,回,huí,3904,3428,"回,迴",回,"return, turn around; a time"
U+56E0,因,yīn,5044,4621,,,"cause, reason; by; because (of)"
U+56E2,团,tuán,2590,2155,"團,糰",,"sphere, ball, circle; mass, lump"
U+56E4,囤,dùn,54,45,,,"grain basket, bin for grain"
U+56E7,囧,jiǒng,6,6,,,
U+56EA,囪,cōng,3,3,,囱,"chimney, funnel"
U+56ED,园,yuán,1060,809,"园,園",园,"garden; park, orchard"
U+56EF,囯,guó,1,1,,,"(variant of 国) nation, country, nation-state"
U+56F0,困,kùn,762,716,"困,睏",困,"to surround, besiege; to be surrounded; difficult; hexagram ䷮"
U+56F4,围,wéi,841,813,圍,,"surround, encircle, corral"
U+56F9,囹,líng,2,2,,,"prison, enclosure"
U+56FA,固,gù,479,415,,,"to become solid, solidify; strength"
U+56FD,国,guó,52483,26363,國,,"nation, country, nation-state"
U+56FE,图,tú,1454,1249,"图,圖",图,"diagram; chart, map, picture"
U+56FF,囿,yòu,1,1,,,"pen up; limit, constrain"
U+5704,圄,yǔ,2,2,,,"prison, jail"
U+5706,圆,yuán,551,427,圓,,"circle; round, circular; complete"
U+5708,圈,quān,425,359,,,to circle; a circle; corral
U+570B,國,guó,20190,8298,,国,"nation, country, nation-state"
U+570D,圍,wéi,306,284,,围,"surround, encircle, corral"
U+5712,園,yuán,563,396,,园,"garden; park, orchard"
U+5713,圓,yuán,338,270,,圆,"circle; round, circular; complete"
U+5716,圖,tú,381,318,,图,"diagram; chart, map, picture"
U+5718,團,tuán,868,682,,团,"sphere, ball, circle; mass, lump"
U+571C,圜,huán,5,5,,,"circle, surround; encircle"
U+571F,土,tǔ,1809,1371,,,"soil, earth; items made of earth"
U+5723,圣,shèng,358,290,聖,,"holy, sacred"
U+5728,在,zài,45313,31103,,,"be at, in, on; consist in, rest"
U+5729,圩,wéi,9,7,,,"dike, embankment"
U+572D,圭,guī,61,39,,,jade pointed at top
U+5730,地,de dì,13466,10287,,,"earth; soil, ground; region"
U+5733,圳,zhèn,377,283,,,"furrow in field, small drainage ditch"
U+573A,场,chǎng,8019,6582,場,,"open space, field, market"
U+573E,圾,jī,128,95,,,"garbage, rubbish; shaking; danger"
U+5740,址,zhǐ,217,162,,,"site, location, land for house"
U+5742,坂,bǎn,41,27,"坂,阪",坂,"hillside, inconvenient places"
U+5747,均,jūn,1715,1491,,,"equal, even, fair; all, also"
U+574A,坊,fāng,93,79,,,"neighborhood, urban subdivision; (J) priest's residence; (Buddhist) priest; boy"
U+574D,坍,tān,62,55,,,collapse; landslide
U+574E,坎,kǎn,71,59,,,"pit, hole; snare, trap; crisis; trigram ☵; hexagram ䷜"
U+574F,坏,huài,369,357,"坏,壞",坏,"rotten, spoilt, bad, broken down"
U+5750,坐,zuò,433,394,,,"sit; seat; ride, travel by"
U+5751,坑,kēng,73,57,,,"pit, hole; bury, trap; harry"
U+5757,块,kuài,344,299,"块,塊",块,"piece, lump; dollar"
U+575A,坚,jiān,585,546,堅,,"hard, strong, firm; resolute"
U+575B,坛,tán,244,209,"坛,壇,罈,罎",坛,"altar; arena, examination hall"
U+575C,坜,lì,1,1,壢,,"a hole, pit"
U+575D,坝,bà,37,31,"垻,壩",,embankment; dam
U+575E,坞,wù,42,41,塢,,"entrenchment, bank, low wall"
U+575F,坟,fén,14,12,墳,,"grave, mound; bulge; bulging"
U+5760,坠,zhuì,168,149,墜,,"fall down, drop, sink, go to ruin"
U+5761,坡,pō,2197,1695,,,"slope, bank, hillside"
U+5764,坤,kūn,23,20,,,"earth; feminine, female; trigram ☷; hexagram ䷁"
U+5766,坦,tǎn,873,663,,,"flat, smooth; self-possessed"
U+576A,坪,píng,71,57,,,level ground; Japanese measure
U+576D,坭,ní,2,1,,,"mud, mire; to paste, to plaster"
U+576F,坯,pī,2,2,,,"dam, embankment; weir"
U+5773,坳,ào,1,1,,,"a hollow in the ground, a cavity, depression; undulating, depressed"
U+5777,坷,kě,10,10,,,"clod of earth, lump of soil"
U+577C,坼,chè,1,1,,,"split, tear, open"
U+5782,垂,chuí,93,81,,,"let down; suspend, hand; down"
U+5783,垃,lā,129,96,,,"garbage, refuse, waste"
U+5784,垄,lǒng,262,226,壟,,"grave, mound; ridge in field"
U+578B,型,xíng,4231,3309,,,"pattern, model, type; law; mold"
U+5792,垒,lěi,77,74,壘,,"rampart, military wall"
U+579A,垚,yáo,1,1,,,"mound, roundish mass"
U+579B,垛,duǒ,5,5,,,"heap, pile; pile up, heap up"
U+57A0,垠,yín,10,10,,,"boundary, bank of stream or river"
U+57A3,垣,yuán,14,12,,,low wall
U+57A6,垦,kěn,7,7,墾,,"cultivate, reclaim, to farm land"
U+57A9,垩,è,4,4,堊,,"holy, sacred, sage; simplification of 堊 chalk; daub with chalk"
U+57AB,垫,diàn,39,39,墊,,"advance money, pay for another"
U+57AE,垮,kuǎ,37,35,,,"be defeated, fail, collapse"
U+57B8,垸,yuàn,2,2,,,"a dyke, embankment"
U+57BB,垻,bà,1,1,,坝,an embankment; a slope over which boat pass
U+57C2,埂,gěng,7,5,,,ditches for irrigation; hole
U+57C3,埃,āi,400,321,,,"fine dust, dirt"
U+57CB,埋,mái,81,75,,,"bury, secrete, conceal"
U+57CE,城,chéng,2600,1915,,,"castle; city, town; municipality"
U+57D4,埔,bù,234,162,,,"plain, arena; port, market"
U+57D5,埕,chéng,4,4,,,"a large, pear-shaped earthenware jar"
U+57D7,埗,bù,2,2,,,"(same as 埠) a wharf, dock, jetty; a trading center, port; place name (for example, 深水埗 in Hong Kong)"
U+57DF,域,yù,2567,2266,,,"district, region, boundary; land"
U+57E0,埠,bù,13,12,,,port city
U+57ED,埭,dài,3,2,,,"a dam, a jock; inclined plane on a canal, where boats can be hauled up or down"
U+57F7,執,zhí,298,234,,执,hold in hand; keep; carry out
U+57F8,埸,yì,3,2,,,a border; a limit; a dike; a frontier; a boundary
U+57F9,培,péi,335,296,,,bank up with dirt; cultivate
U+57FA,基,jī,3958,3239,,,"foundation, base"
U+57FC,埼,qí,26,24,,,headland
U+5800,堀,kū,9,9,,,"cave, hole"
U+5802,堂,táng,600,478,,,hall; government office
U+5803,堃,kūn,2,2,,,compliance; obedience; female
U+5805,堅,jiān,295,256,,坚,"hard, strong, firm; resolute"
U+5806,堆,duī,285,208,,,"heap, pile, crowd; pile up"
U+580A,堊,è,4,2,,垩,white earth; to daub with white mud
U+5811,堑,qiàn,4,4,塹,,"moat, trench, pit, cavity"
U+5815,堕,duò,31,17,"堕,墮",堕,"fall, sink, let fall; degenerate"
U+5821,堡,bǎo,210,178,,,"fort, fortress; town, village"
U+5824,堤,dī tí,50,42,,,dike
U+582A,堪,kān,150,147,,,"adequately capable of, worthy of"
U+582F,堯,yáo,2,2,,尧,a legendary ancient emperor-sage
U+5830,堰,yàn,41,30,,,"dam; embankment, dike, bank"
U+5831,報,bào,907,732,,报,"report, tell, announce"
U+5834,場,chǎng,2610,1997,,场,"open space, field, market"
U+5835,堵,dǔ,140,131,,,"wall; stop, prevent; stop up"
U+583A,堺,jiè,14,8,,,person's name
U+584A,塊,kuài,78,59,,块,"piece, lump; dollar"
U+584C,塌,tā,172,147,,,"fall in ruins, collapse"
U+5851,塑,sù,344,264,,,"model in clay, sculpt; plastics"
U+5854,塔,tǎ,1004,780,,,"tower, spire, tall building"
U+5857,塗,tú,22,13,,涂,"smear, daub, apply, spread; paint"
U+5858,塘,táng,142,113,,,"pond; tank; dike, embankment"
U+5859,塙,què,1,1,,,truly
U+585A,塚,zhǒng,20,15,,,"cemetery; tomb, burial mound"
U+585E,塞,sāi,582,445,,,"stop up, block, seal, cork; pass, frontier; fortress"
U+5862,塢,wù,12,7,,坞,"entrenchment, bank, low wall"
U+586B,填,tián,111,102,,,"fill in, fill up; make good"
U+586C,塬,yuán,1,1,,,plateau
U+5875,塵,chén,10,10,,尘,"dust, dirt, ashes, cinders"
U+5879,塹,qiàn,2,2,,堑,"moat, trench, pit, cavity"
U+587E,塾,shú,5,4,,,village school; private tutorage
U+5883,境,jìng,3116,2444,,,"boundary, frontier; area, region"
U+5885,墅,shù,12,11,,,"villa, country house"
U+588A,墊,diàn,9,9,,垫,"advance money, pay for another"
U+5893,墓,mù,98,76,,,"grave, tomb"
U+5897,増,zēng,2,2,,,increase
U+5898,墘,qián,1,1,,,(Cant.) halfway
U+5899,墙,qiáng,142,121,"墻,牆",,wall
U+589C,墜,zhuì,33,23,,坠,"fall down, drop, sink, go to ruin"
U+589E,增,zēng,9160,6337,,,"increase, add to, augment"
U+589F,墟,xū,36,29,,,high mound; hilly countryside; wasteland
U+58A8,墨,mò,567,414,,,ink; writing
U+58A9,墩,dūn,44,24,,,"heap, mound, block of stone"
U+58B3,墳,fén,2,2,,坟,"grave, mound; bulge; bulging"
U+58BB,墻,qiáng,6,3,,墙,wall
U+58BE,墾,kěn,6,5,,垦,"cultivate, reclaim, to farm land"
U+58C1,壁,bì,289,248,,,"partition wall; walls of a house; 14th lunar mansion, determinative star γ Pegasi (Algenib)"
U+58C7,壇,tán,251,182,,坛,"altar; arena, examination hall"
U+58D1,壑,hè,11,11,,,"bed of torrent, narrow ravine"
U+58D3,壓,yā,256,223,,压,press; oppress; crush; pressure
U+58D8,壘,lěi,34,28,,垒,"rampart, military wall"
U+58DE,壞,huài,66,64,,坏,"bad, spoil(ed), ruin, destroy"
U+58DF,壟,lǒng,28,24,,垄,"grave, mound; ridge in field"
U+58E4,壤,rǎng,137,101,,,"soil, loam, earth; rich"
U+58E9,壩,bà,50,30,,坝,embankment; dam
U+58EB,士,shì,3706,3034,,,"scholar, gentleman; soldier"
U+58EC,壬,rén,6,6,,,ninth heavenly stem
U+58EE,壮,zhuàng,233,215,"壮,壯",壮,"big, large; robust; name of tribe"
U+58EF,壯,zhuàng,158,131,,壮,"big, large; robust; name of tribe"
U+58F0,声,shēng,1178,1049,"声,聲",声,"sound, voice, noise; tone; music"
U+58F3,壳,ké,100,82,"壳,殻,殼",壳,"casing, shell, husk"
U+58F6,壶,hú,51,34,壺,,"jar, pot, jug, vase; surname"
U+58F9,壹,yī,15,12,,,number one
U+58FA,壺,hú,30,18,,壶,"jar, pot, jug, vase; surname"
U+58FD,壽,shòu,95,54,,寿,"old age, long life; lifespan"
U+5904,处,chù,2135,1875,處,,"place, locale; department"
U+5907,备,bèi,2743,2372,備,,"prepare, ready, perfect"
U+590D,复,fù,2274,1990,"复,復,複,覆",复,return; repeat; repeatedly
U+590F,夏,xià,1222,894,,,"summer; great, grand, big"
U+5915,夕,xī,310,278,,,"evening, night, dusk; slanted"
U+5916,外,wài,8867,6946,,,"out, outside, external; foreign"
U+5919,夙,sù,1,1,,,"early in morning, dawn; previous"
U+591A,多,duō,11254,9596,,,"much, many; more than, over"
U+591C,夜,yè,953,785,,,"night, dark; in night; by night"
U+591F,够,gòu,639,614,"够,夠",够,"enough, adequate"
U+5920,夠,gòu,103,96,,够,"enough, adequate"
U+5922,夢,mèng,203,153,,梦,dream; visionary; wishful
U+5925,夥,huǒ,89,79,夥,"伙,夥",companion; partner; assistant
U+5927,大,dà,28115,20263,,,"big, great, vast, large, high"
U+5929,天,tiān,9266,7303,,,"sky, heaven; god, celestial"
U+592A,太,tài,2324,1913,,,"very, too, much; big; extreme"
U+592B,夫,fū,856,666,,,"man, male adult, husband; those"
U+592D,夭,yāo,5,3,,,"young, fresh-looking; die young"
U+592E,央,yāng,1574,1224,,,"center, conclude, run out; beg"
U+592F,夯,hāng,15,15,,,"heavy load, burden; lift up"
U+5931,失,shī,1861,1671,,,"lose; make mistake, neglect"
U+5934,头,tóu,3177,2898,"头,頭",头,"head; top; chief, first; boss"
U+5937,夷,yí,90,71,,,ancient barbarian tribes
U+5938,夸,kuā,69,65,"夸,誇",夸,"extravagant, luxurious; handsome"
U+5939,夹,jiā,81,75,夾,,be wedged or inserted between
U+593A,夺,duó,475,436,奪,,"take by force, rob, snatch"
U+593C,夼,kuǎng,2,1,,,"low or swampy land, most often used in place names"
U+593E,夾,jiā,13,11,,夹,be wedged or inserted between
U+5942,奂,huàn,4,4,奐,,"be numerous, brilliant"
U+5944,奄,yǎn,14,9,,,"ere long; remain, tarry; feeble"
U+5947,奇,qí,1104,1014,,,"strange, unusual, uncanny, occult"
U+5948,奈,nài,216,166,,,"but, how; bear, stand, endure"
U+5949,奉,fèng,73,64,,,offer; receive; serve; respect
U+594B,奋,fèn,143,136,奮,,"strive, exert effort; arouse"
U+594E,奎,kuí,22,19,,,"stride of man; 15th lunar mansion, determinative star η Andromedae"
U+594F,奏,zòu,177,163,,,memorialize emperor; report
U+5950,奐,huàn,4,4,,奂,"be numerous, brilliant"
U+5951,契,qì,171,158,,,"deed, contract, bond; engrave"
U+5954,奔,bēn,355,323,,,"run fast, flee; rush about; run"
U+5955,奕,yì,32,31,,,"in sequence, orderly; abundant"
U+5956,奖,jiǎng,517,363,"奬,獎",,"prize, reward; give award to"
U+5957,套,tào,530,446,,,"case, cover, wrapper, envelope"
U+5958,奘,zàng,9,6,,,"large, powerful, stout, thick"
U+595A,奚,xī,1,1,,,where? what? how? why?; servant
U+5960,奠,diàn,76,75,,,pay respect; settle
U+5962,奢,shē,173,140,,,"extravagant, wasteful; exaggerate"
U+5965,奥,ào,1383,952,奧,,"mysterious, obscure, profound"
U+5967,奧,ào,481,273,,奥,"mysterious, obscure, profound"
U+596A,奪,duó,190,157,,夺,"take by force, rob, snatch"
U+596E,奮,fèn,68,59,,奋,"strive, exert effort; arouse"
U+5973,女,nǚ,2120,1553,,,"woman, girl; feminine; Kangxi radical 38; 10th lunar mansion, determinative star ε Aquarii (Albali)"
U+5974,奴,nú,18,15,,,"slave, servant"
U+5976,奶,nǎi,357,204,,,milk; woman's breasts; nurse
U+5978,奸,jiān,12,10,"奸,姦",奸,"crafty, villainous, false"
U+5979,她,tā,1176,840,,,"she, her"
U+597C,奼,chà,1,1,,姹,"beautiful, colorful; girl"
U+597D,好,hǎo,4059,3553,,,"good, excellent, fine; well"
U+5982,如,rú,5443,4880,,,"if, supposing; as if; like, as"
U+5983,妃,fēi,10,9,,,"wife, spouse; imperial concubine"
U+5984,妄,wàng,26,23,,,"absurd, foolish, reckless; false"
U+5986,妆,zhuāng,113,79,妝,,"to adorn oneself, dress up, use make-up"
U+5987,妇,fù,150,125,婦,,married women; woman; wife
U+5988,妈,mā,259,112,媽,,"mother, mama"
U+598A,妊,rèn,2,2,,,"conceive, be pregnant"
U+598D,妍,yán,5,4,,,"beautiful, handsome; seductive"
U+5992,妒,dù,7,7,,,"jealous, envious"
U+5993,妓,jì,5,2,,,prostitute
U+5996,妖,yāo,19,17,,,"strange, weird, supernatural"
U+5997,妗,jìn,11,11,,,wife of mother's brother
U+5999,妙,miào,209,194,,,"mysterious, subtle; exquisite"
U+599D,妝,zhuāng,13,10,,妆,"to adorn oneself, dress up, use make-up"
U+599E,妞,niū,2,2,,,girl
U+59A4,妤,yú,6,4,,,"beautiful, fair, handsome"
U+59A5,妥,tuǒ,121,112,,,"satisfactory, appropriate"
U+59A8,妨,fáng,55,53,,,"interfere with, impede, obstruct"
U+59AA,妪,yù,2,1,嫗,,"old woman, hag"
U+59AE,妮,nī,65,49,,,"maid, servant girl; cute girl"
U+59B2,妲,dá,1,1,,,concubine of last ruler of the Shang dynasty
U+59B3,妳,nǎi,2,2,,,you (female)
U+59B9,妹,mèi,89,64,,,younger sister
U+59BB,妻,qī,134,110,,,wife
U+59C6,姆,mǔ,430,351,,,child's governess; matron
U+59CA,姊,zǐ,4,2,,,elder sister
U+59CB,始,shǐ,3048,2870,,,"begin, start; then, only then"
U+59CD,姍,shān,3,2,,姗,slander; ridicule; proceed slowly
U+59D0,姐,jiě,142,102,,,"elder sister, young lady"
U+59D1,姑,gū,94,74,,,father's sister; husband's mother
U+59D3,姓,xìng,146,125,,,"one's family name; clan, people"
U+59D4,委,wěi,1664,1298,,,"appoint, send, commission"
U+59D7,姗,shān,4,2,"姍,姗",姗,slander; ridicule; proceed slowly
U+59DA,姚,yáo,48,34,,,"handsome, elegant; surname"
U+59DC,姜,jiāng,51,38,"姜,薑",姜,surname; ginger
U+59DD,姝,shū,3,3,,,a beautiful girl
U+59E3,姣,jiāo,1,1,,,"beautiful, handsome, pretty"
U+59E5,姥,lǎo,12,7,,,maternal grandmother; midwife
U+59E8,姨,yí,34,25,,,mother/wife's sister; concubine
U+59EA,姪,zhí,3,1,,,brother's child
U+59EC,姬,jī,20,16,,,beauty; imperial concubine
U+59F9,姹,chà,1,1,"奼,姹",姹,"beautiful, colorful; girl"
U+59FB,姻,yīn,41,33,,,relatives by marriage
U+59FF,姿,zī,239,213,,,"one's manner, carriage, bearing"
U+5A01,威,wēi,1560,1343,,,"pomp, power; powerful; dominate"
U+5A03,娃,wá,388,321,,,baby; doll; pretty girl
U+5A04,娄,lóu,3,3,"娄,婁",娄,surname; a constellation; to wear
U+5A05,娅,yà,19,15,婭,,mutual term of address used by sons-in-law; a brother-in-law
U+5A06,娆,ráo,2,2,嬈,,"graceful, charming, fascinating"
U+5A07,娇,jiāo,14,14,"娇,嬌",娇,seductive and loveable; tender
U+5A11,娑,suō,1,1,,,"dance, frolic; lounge; saunter"
U+5A13,娓,wěi,4,2,,,"comply; complying, agreeable"
U+5A18,娘,niáng,154,111,,,mother; young girl; woman; wife
U+5A1B,娛,yú,27,21,,娱,"pleasure, enjoyment, amusement"
U+5A1C,娜,nà,135,116,,,"elegant, graceful, delicate"
U+5A1F,娟,juān,14,13,,,"beautiful, graceful"
U+5A20,娠,shēn,2,2,,,pregnant
U+5A23,娣,dì,6,6,,,"younger sister, sister-in-law"
U+5A25,娥,é,128,81,,,be beautiful; good; surname
U+5A29,娩,miǎn,6,6,,,give birth child; complaisant
U+5A31,娱,yú,127,117,"娛,娱",娱,"pleasure, enjoyment, amusement"
U+5A32,娲,wā,2,2,媧,,"a goddess, the mythological sister and successor to Fuxi"
U+5A34,娴,xián,19,19,嫻,,"elegant, refined; skillful"
U+5A36,娶,qǔ,3,3,,,"marry, take wife"
U+5A3C,娼,chāng,1,1,,,"prostitute, harlot"
U+5A40,婀,ē,1,1,,,"be beautiful, be graceful"
U+5A41,婁,lóu,3,3,,娄,"surname; to wear; 16th lunar mansion, determinative star β Arietis (Sheratan)"
U+5A46,婆,pó,62,42,,,old woman; grandmother
U+5A49,婉,wǎn,29,28,,,"amiable, congenial; restrained"
U+5A5A,婚,hūn,343,204,,,"get married; marriage, wedding"
U+5A5E,婞,xìng,3,2,,,hate
U+5A61,婡,lái,1,1,,𫝫,
U+5A66,婦,fù,60,44,,妇,married women; woman; wife
U+5A67,婧,jìng,16,16,,,modest; supple
U+5A6A,婪,lán,10,10,,,"covet; covetous, avaricious"
U+5A6D,婭,yà,5,5,,娅,mutual term of address used by sons-in-law; a brother-in-law
U+5A74,婴,yīng,98,71,嬰,,"baby, infant; bother"
U+5A75,婵,chán,36,27,嬋,,"beautiful, lovely, pretty, graceful"
U+5A77,婷,tíng,21,16,,,pretty; attractive; graceful
U+5A7A,婺,wù,22,16,,,"a river and county in Jiāngxī; ancient name for 女宿, one of the 28 lunar mansions; used in various star names in Aquarius"
U+5A7F,婿,xù,16,13,,,son-in-law; husband
U+5A92,媒,méi,1828,1663,,,"go-between, matchmaker; medium"
U+5A9A,媚,mèi,15,15,,,"charming, attractive; flatter"
U+5A9B,媛,yuàn,45,31,,,"beauty, beautiful woman"
U+5AA7,媧,wā,1,1,,娲,mythological snail goddess
U+5AB2,媲,pì,19,19,,,"marry off, pair, match; compare"
U+5AB3,媳,xí,10,9,,,daughter-in-law
U+5ABD,媽,mā,205,83,,妈,"mother, mama"
U+5AC1,嫁,jià,67,61,,,"to marry, give a daughter in marriage"
U+5AC2,嫂,sǎo,7,7,,,"sister-in-law, elder brother's wife"
U+5AC9,嫉,jí,9,9,,,jealousy; be jealous of
U+5ACC,嫌,xián,402,354,,,"hate, detest; suspect; criticize"
U+5AD6,嫖,piáo,4,4,,,"patronize prostitutes, frequent"
U+5AE1,嫡,dí,2,2,,,"legal wife, child of legal wife"
U+5AE3,嫣,yān,8,6,,,"charming, fascinating; gay"
U+5AE6,嫦,cháng,117,71,,,name of a moon goddess
U+5AE9,嫩,nèn,190,152,,,"soft, tender, delicate; young"
U+5AF2,嫲,mā,2,2,,,(Cant.) paternal grandmother
U+5AFB,嫻,xián,4,4,,娴,"elegant, refined; skillful"
U+5B08,嬈,ráo,2,1,,娆,"graceful, charming, fascinating"
U+5B09,嬉,xī,44,41,,,"enjoy; play, amuse oneself"
U+5B0B,嬋,chán,19,12,,婵,"beautiful, lovely, pretty, graceful"
U+5B0C,嬌,jiāo,13,12,,娇,seductive and loveable; tender
U+5B1B,嬛,huán,4,2,,,"apt, clever; sycophant, flatterer"
U+5B24,嬤,mā,16,9,,嬷,mother
U+5B30,嬰,yīng,8,6,,婴,"baby, infant; bother"
U+5B37,嬷,mó,42,33,嬤,,mother
U+5B40,孀,shuāng,3,3,,,widow
U+5B50,子,zǐ,5106,3980,,,"offspring, child; fruit, seed of; first earthly branch"
U+5B54,孔,kǒng,169,120,,,"opening, hole, orifice; great"
U+5B55,孕,yùn,81,65,,,be pregnant; pregnancy
U+5B57,字,zì,1935,1399,,,"letter, character, word"
U+5B58,存,cún,2502,2075,,,"exist, live, be; survive; remain"
U+5B59,孙,sūn,199,148,"孙,孫",孙,"grandchild, descendent; surname"
U+5B5A,孚,fú,33,31,,,brood over eggs; have confidence
U+5B5B,孛,bèi,2,1,,,comet
U+5B5C,孜,zī,55,41,,,be as diligent as possible
U+5B5D,孝,xiào,39,29,,,"filial piety, obedience; mourning"
U+5B5F,孟,mèng,164,114,,,"first in series; great, eminent"
U+5B62,孢,bāo,10,8,,,spore
U+5B63,季,jì,2766,2244,,,quarter of year; season; surname
U+5B64,孤,gū,97,83,,,"orphan, fatherless; solitary"
U+5B66,学,xué,4820,3170,學,,"learning, knowledge; school"
U+5B69,孩,hái,876,715,,,"baby, child; children"
U+5B6A,孪,luán,1,1,"孪,孿",孪,twins
U+5B6B,孫,sūn,127,82,,孙,"grandchild, descendent; surname"
U+5B70,孰,shú,3,2,,,who? which? what? which one?
U+5B73,孳,zī,1,1,,,breed in large numbers
U+5B75,孵,fū,21,20,,,"sit on eggs, hatch"
U+5B78,學,xué,1832,1032,,学,"learning, knowledge; school"
U+5B7A,孺,rú,2,2,,,child; blood relation; affection
U+5B7F,孿,luán,2,2,,孪,twins
U+5B80,宀,mián,1,1,,,roof; Kangxi radical 40
U+5B81,宁,níng,412,343,"宁,寧",宁,"calm, peaceful, serene; healthy"
U+5B83,它,tā,1733,1562,,,it; other
U+5B85,宅,zhái,320,246,,,"residence, dwelling, home; grave"
U+5B87,宇,yǔ,442,356,,,"house; building, structure; eaves"
U+5B88,守,shǒu,521,479,,,"defend, protect, guard, conserve"
U+5B89,安,ān,5043,4000,,,"peaceful, tranquil, quiet"
U+5B8B,宋,sòng,177,141,,,Song dynasty; surname
U+5B8C,完,wán,2135,1925,,,"complete, finish, settle; whole"
U+5B8F,宏,hóng,282,259,,,"wide, spacious, great, vast"
U+5B95,宕,dàng,27,26,,,stone quarry; cave dwelling
U+5B97,宗,zōng,476,386,,,"lineage, ancestry; ancestor, clan"
U+5B98,官,guān,2872,2603,,,"official, public servant"
U+5B99,宙,zhòu,221,173,,,time as concept; infinite time
U+5B9A,定,dìng,5957,5243,,,"decide, settle, fix"
U+5B9B,宛,wǎn,232,195,,,"seem, as if, crooked"
U+5B9C,宜,yí,534,464,,,"suitable, right, fitting, proper"
U+5B9D,宝,bǎo,727,522,"宝,寶",宝,"treasure, jewel; precious, rare"
U+5B9E,实,shí,4817,4270,"实,實",实,"real, true; honest, sincere"
U+5B9F,実,shí,1,1,,,"real, true; honest, sincere"
U+5BA0,宠,chǒng,121,96,寵,,"favorite, concubine; favor"
U+5BA1,审,shěn,573,510,審,,"examine, investigate; judge"
U+5BA2,客,kè,4183,3030,,,"guest, traveller; customer"
U+5BA3,宣,xuān,2746,2597,,,"declare, announce, proclaim"
U+5BA4,室,shì,810,720,,,"room, home, house, chamber; 13th lunar mansion, determinative star α Pegasi (Markab)"
U+5BA5,宥,yòu,1,1,,,"forgive, pardon, indulge"
U+5BA6,宦,huàn,1,1,,,"officialdom, government official"
U+5BAA,宪,xiàn,136,111,憲,,"constitution, statute, law"
U+5BAB,宫,gōng,628,495,宮,,palace
U+5BAE,宮,gōng,181,131,,宫,"palace, temple, dwelling, enclose"
U+5BB0,宰,zǎi,14,14,,,to slaughter; to rule
U+5BB3,害,hài,785,728,,,"injure, harm; destroy, kill"
U+5BB4,宴,yàn,223,185,,,"to entertain, feast; a feast, banquet"
U+5BB5,宵,xiāo,161,104,,,"night, evening, dark"
U+5BB6,家,jiā,15106,11970,"傢,家",家,"house, home, residence; family"
U+5BB8,宸,chén,1,1,,,imperial; imperial palace
U+5BB9,容,róng,1557,1378,,,"looks, appearance; figure, form"
U+5BBD,宽,kuān,511,476,寬,,"broad, wide; spacious, vast"
U+5BBE,宾,bīn,1537,1048,"宾,賓",宾,"guest, visitor; surname; submit"
U+5BBF,宿,sù,243,187,,,"stop, rest, lodge, stay overnight; constellation"
U+5BC2,寂,jì,30,27,,,"still, silent, quiet; desolate"
U+5BC4,寄,jì,158,140,,,"send, transmit, mail; rely on"
U+5BC5,寅,yín,18,15,,,"to respect, reverence; respectfully; third earthly branch"
U+5BC6,密,mì,1796,1485,,,"dense, thick, close; intimate"
U+5BC7,寇,kòu,18,14,,,"bandits, thieves; enemy; invade"
U+5BCC,富,fù,1680,1332,,,"abundant, ample; rich, wealthy"
U+5BD0,寐,mèi,8,8,,,sleep; be asleep
U+5BD2,寒,hán,309,251,,,"cold, wintry, chilly"
U+5BD3,寓,yù,122,111,,,residence; lodge; dwell
U+5BDD,寝,qǐn,4,4,寢,,"sleep, rest; bed chamber"
U+5BDE,寞,mò,3,3,,,"silent, still, lonely, solitary"
U+5BDF,察,chá,800,682,,,"examine, investigate; notice"
U+5BE1,寡,guǎ,27,25,,,"widowed; alone, friendless"
U+5BE2,寢,qǐn,2,2,,寝,"sleep, rest; bed chamber"
U+5BE5,寥,liáo,19,10,,,"few, scarce; empty, deserted"
U+5BE6,實,shí,1621,1342,,实,"real, true, solid, honest"
U+5BE7,寧,níng,343,250,,宁,"repose, serenity, peace; peaceful"
U+5BE8,寨,zhài,313,211,,,"stockade, stronghold, outpost; brothel"
U+5BE9,審,shěn,97,81,,审,"examine, investigate; judge"
U+5BEB,寫,xiě,159,141,,写,"write; draw, sketch; compose"
U+5BEC,寬,kuān,146,129,,宽,"broad, wide; spacious, vast"
U+5BEE,寮,liáo,10,9,,,"shanty, hut, shack"
U+5BF0,寰,huán,4,4,,,"great domain, country, world"
U+5BF5,寵,chǒng,66,31,,宠,"favorite, concubine; favor"
U+5BF6,寶,bǎo,345,224,,宝,"treasure, jewel; precious, rare"
U+5BF8,寸,cùn,182,151,,,"inch; small, tiny; Kangxi radical 41"
U+5BF9,对,duì,13785,11003,"对,對",对,"correct, right; facing, opposed"
U+5BFA,寺,sì,195,127,,,"court, office; temple, monastery"
U+5BFB,寻,xún,819,793,尋,,"seek, search, look for; ancient"
U+5BFC,导,dǎo,5125,4056,導,,"direct, guide, lead, conduct"
U+5BFF,寿,shòu,204,135,"壽,寿",寿,"old age, long life; lifespan"
U+5C01,封,fēng,980,823,,,"letter, envelope; feudal; one pound"
U+5C04,射,shè,1382,842,,,"shoot, eject, issue forth, emit"
U+5C06,将,jiāng,13454,10781,將,,"will, going to, future; general"
U+5C07,將,jiāng,3473,2517,,将,"will, going to, future; general"
U+5C08,專,zhuān,585,483,,专,"monopolize, take sole possession"
U+5C09,尉,wèi,16,13,,,"officer, military rank"
U+5C0A,尊,zūn,186,174,,,"respect, revere, venerate; honor"
U+5C0B,尋,xún,159,143,,寻,"seek, search, look for; ancient"
U+5C0D,對,duì,3350,2377,,对,"correct, right; facing, opposed"
U+5C0E,導,dǎo,1325,911,,导,"direct, guide, lead, conduct"
U+5C0F,小,xiǎo,5942,4634,,,"small, tiny, insignificant"
U+5C11,少,shǎo,3940,3426,,,"few, less, inadequate"
U+5C14,尔,ěr,3967,3176,"尔,爾",尔,"you; that, those; final particle"
U+5C15,尕,gǎ,9,5,,,small (used in place names)
U+5C16,尖,jiān,461,411,,,"sharp, pointed, acute, keen"
U+5C18,尘,chén,95,74,塵,,"dust, dirt, ashes, cinders"
U+5C1A,尚,shàng,618,571,,,"still, yet; even; fairly, rather"
U+5C1C,尜,gá,1,1,,,a child toy
U+5C1D,尝,cháng,259,236,"嘗,尝",尝,"taste; experience, experiment"
U+5C24,尤,yóu,462,453,,,"especially, particularly"
U+5C27,尧,yáo,6,6,堯,,a legendary ancient emperor-sage
U+5C2C,尬,gà,31,30,,,"limp, staggering gait; embarrass"
U+5C31,就,jiù,5334,4776,,,"just, simply; to come, go to; to approach, near"
U+5C34,尴,gān,27,27,尷,,embarrassed; ill at ease
U+5C37,尷,gān,3,3,,尴,embarrassed; ill at ease
U+5C38,尸,shī,32,29,"尸,屍",尸,corpse; to impersonate the dead; to preside; Kangxi radical 44
U+5C39,尹,yǐn,204,150,,,govern; oversee; director
U+5C3A,尺,chǐ,159,146,,,Chinese measure approx. 'foot'
U+5C3C,尼,ní,2410,1731,,,Buddhist nun; transliteration
U+5C3D,尽,jǐn,1089,1064,"儘,尽,盡",尽,"exhaust, use up; deplete"
U+5C3E,尾,wěi,287,250,,,"tail, extremity; end, stern; 6th lunar mansion, determinative star μ¹ Scorpii (Xamidimura)"
U+5C3F,尿,niào,125,84,,,urine; urinate
U+5C40,局,jú,3724,3291,,,"bureau, office; circumstance"
U+5C41,屁,pì,15,13,,,break wind; fart; buttocks
U+5C42,层,céng,846,724,層,,"story, layer, floor, stratum"
U+5C45,居,jū,1505,1301,,,"live, dwell, reside, sit"
U+5C46,屆,jiè,549,432,,届,"numerary adjunct for time, term"
U+5C48,屈,qū,59,52,,,"bend, flex; bent, crooked; crouch"
U+5C49,屉,tì,4,4,屜,,drawer; tray; pad; screen
U+5C4A,届,jiè,618,555,"屆,届",届,"numerary adjunct for time, term"
U+5C4B,屋,wū,380,291,,,"house; room; building, shelter"
U+5C4C,屌,diǎo,1,1,,,(Cant.) obscene exclamation
U+5C4D,屍,shī,2,2,,尸,"corpse, carcass"
U+5C4E,屎,shǐ,6,5,,,"excrement, shit, dung"
U+5C4F,屏,píng,317,266,,,"folding screen, shield"
U+5C50,屐,jī,2,2,,,"wooden shoes, clogs"
U+5C51,屑,xiè,7,6,,,"bits, scraps, crumbs, fragments"
U+5C55,展,zhǎn,5472,4545,,,"open, unfold; stretch, extend"
U+5C5E,属,shǔ,941,845,"属,屬",属,"class, category, type; belong to"
U+5C60,屠,tú,114,81,,,"butcher, slaughter, massacre"
U+5C61,屡,lǚ,59,51,"屡,屢",屡,"frequently, often, again and again"
U+5C62,屢,lǚ,16,14,,屡,"frequently, often, again and again"
U+5C64,層,céng,289,221,,层,"story, layer, floor, stratum"
U+5C65,履,lǚ,132,129,,,"footwear, shoes; walk on, tread; hexagram ䷉"
U+5C6C,屬,shǔ,242,214,,属,"class, category, type; to belong to"
U+5C6F,屯,tún,19,17,,,"village, hamlet; camp; station; hexagram ䷂"
U+5C71,山,shān,4265,2785,,,"mountain, hill, peak"
U+5C79,屹,yì,10,10,,,to rise high; to stand erect
U+5C7F,屿,yǔ,66,60,嶼,,island
U+5C81,岁,suì,1323,1064,"岁,歲",岁,year; age; harvest
U+5C82,岂,qǐ,16,16,豈,,how? what?
U+5C8C,岌,jí,32,17,,,"perilous, hazardous; high, steep"
U+5C90,岐,qí,30,22,,,high; majestic; fork in road
U+5C91,岑,cén,25,20,,,"steep, precipitous; peak"
U+5C94,岔,chà,10,9,,,"diverge, branch off; fork in road"
U+5C96,岖,qū,7,7,嶇,,"steep, sheer; rugged, rough"
U+5C97,岗,gǎng,175,159,崗,,post; position
U+5C98,岘,xiàn,3,2,峴,,steep hill; mountain in Hubei
U+5C99,岙,ào,1,1,嶴,,island
U+5C9A,岚,lán,7,6,嵐,,"mountain mist, mountain haze"
U+5C9B,岛,dǎo,1440,1076,島,,island
U+5C9C,岜,bā,3,2,,,rock mountain
U+5CA1,岡,gāng,47,35,,冈,ridge or crest of hill
U+5CA9,岩,yán,300,217,,,cliff; rocks; mountain
U+5CAB,岫,xiù,3,2,,,"mountain peak; cave, cavern"
U+5CAC,岬,jiǎ,1,1,,,"cape; promontory, headland"
U+5CAD,岭,lǐng,99,85,嶺,,"mountain ridge, mountain peak"
U+5CB1,岱,dài,5,4,,,"Daishan, one of the Five Sacred Mountains in China"
U+5CB3,岳,yuè,76,50,,,mountain peak; surname
U+5CB7,岷,mín,3,3,,,"Minshan mountain range in northern Sichuan and southern Gansu, Min River"
U+5CB8,岸,àn,1436,1089,,,"bank, shore; beach, coast"
U+5CBF,岿,kuī,1,1,巋,,"grand, stately; secure, lasting"
U+5CC7,峇,bā,92,71,,,"cave, cavern"
U+5CCB,峋,xún,3,3,,,ranges of hills stretching on beyond another irregular peaks
U+5CD2,峒,dòng,3,3,,,mountain in Gansu province
U+5CD9,峙,zhì,33,33,,,"stand erect, stand up; pile up"
U+5CE1,峡,xiá,315,263,峽,,"gorge, strait, ravine; isthmus"
U+5CE6,峦,luán,39,37,"峦,巒",峦,mountain range; pointed mountain
U+5CE8,峨,é,34,29,,,lofty
U+5CEA,峪,yù,14,10,,,"valley, ravine"
U+5CED,峭,qiào,26,23,,,"steep, precipitous, rugged"
U+5CEF,峯,fēng,3,3,,,"peak, summit; hump of camel"
U+5CF0,峰,fēng,978,822,,,"peak, summit; hump of camel"
U+5CF6,島,dǎo,431,280,,岛,island
U+5CFB,峻,jùn,181,179,,,"high, steep, towering; stern"
U+5CFD,峽,xiá,222,144,,峡,"gorge, strait, ravine; isthmus"
U+5D02,崂,láo,1,1,嶗,,"Laoshan, mountain in Shandong"
U+5D07,崇,chóng,103,88,,,"esteem, honor, revere, venerate"
U+5D0E,崎,qí,137,99,,,"rough, uneven, jagged, rugged"
U+5D10,崐,kūn,5,4,,,Kunlun mountains in Jiangsu
U+5D11,崑,kūn,17,11,,,Kunlun mountains in Jiangsu province.
U+5D14,崔,cuī,42,34,,,"high, lofty, towering; surname"
U+5D16,崖,yá,87,72,,,"cliff, precipice; precipitous"
U+5D17,崗,gǎng,65,46,,岗,post; position
U+5D19,崙,lún,16,8,,𪨧,Kunlun mountains in Jiangsu
U+5D1B,崛,jué,223,213,,,"towering, eminent; rise abruptly"
U+5D22,崢,zhēng,1,1,,峥,"high, lofty, noble; steep, perilous"
U+5D27,崧,sōng,2,1,,,"high mountain; lofty, eminent"
U+5D29,崩,bēng,209,195,,,"rupture, split apart, collapse"
U+5D2D,崭,zhǎn,12,11,嶄,,"high, steep, precipitous; new"
U+5D34,崴,wǎi,1,1,,,"high, lofty; precipitous"
U+5D3D,崽,zǎi,86,55,,,"a child, a servant; a diminutive"
U+5D4A,嵊,shèng,5,3,,,"district in Shaohsing, Chekiang"
U+5D4C,嵌,qiàn,49,47,,,"inlay, set in; fall into; rugged"
U+5D50,嵐,lán,8,6,,岚,"mountain mist, mountain haze"
U+5D59,嵙,kē,1,1,,,place name
U+5D68,嵨,wù,1,1,,,
U+5D69,嵩,sōng,8,8,,,"high, lofty; one of the 5 peaks, situated in Hunan"
U+5D82,嶂,zhàng,8,8,,,cliff; mountain barrier
U+5D84,嶄,zhǎn,8,8,,崭,"high, steep, precipitous; new"
U+5D8B,嶋,dǎo,1,1,,,island
U+5D97,嶗,láo,1,1,,崂,"Laoshan, mountain in Shandong"
U+5D99,嶙,lín,3,3,,,precipitous
U+5DB8,嶸,róng,1,1,,嵘,"high, steep; lofty, towering"
U+5DBA,嶺,lǐng,86,64,,岭,"mountain ridge, mountain peak"
U+5DBC,嶼,yǔ,13,9,,屿,island; (Cant.) 大嶼山 daai6jyu4saan1 Lantau Island
U+5DBD,嶽,yuè,15,10,,𰎫,"mountain peak, summit"
U+5DC5,巅,diān,48,46,巔,,"summit of mountain, mountain top"
U+5DCB,巋,kuī,2,2,,岿,"grand, stately; secure, lasting"
U+5DCD,巍,wēi,45,39,,,"high, lofty, majestic, eminent"
U+5DD2,巒,luán,14,14,,峦,mountain range; pointed mountain
U+5DD4,巔,diān,23,22,,巅,"summit of mountain, mountain top"
U+5DD6,巖,yán,6,6,,𰎠,"cliff, precipice; cave, grotto"
U+5DDD,川,chuān,1262,879,,,"stream, river; flow; boil"
U+5DDE,州,zhōu,3528,2630,,,"administrative division, state"
U+5DE1,巡,xún,443,337,,,"patrol, go on circuit, cruise"
U+5DE2,巢,cháo,76,57,,,"nest, living quarter in tree"
U+5DE5,工,gōng,10140,7059,,,"labor, work; worker, laborer"
U+5DE6,左,zuǒ,699,659,,,"left; east; unorthodox, improper"
U+5DE7,巧,qiǎo,261,219,,,"skillful, ingenious, clever"
U+5DE8,巨,jù,2221,2086,,,"large, great, enormous; chief"
U+5DE9,巩,gǒng,101,100,鞏,,"bind; firm, secure, strong"
U+5DEB,巫,wū,23,19,,,"wizard, sorcerer, witch, shaman"
U+5DEE,差,chà chā,887,736,,,"to differ; different, wrong; nearly, almost; an officer"
U+5DF1,己,jǐ,1363,1227,,,"self, oneself; personal, private; 6th heavenly stem"
U+5DF2,已,yǐ,7410,6803,,,already; finished; stop
U+5DF3,巳,sì,32,24,,,sixth earthly branch
U+5DF4,巴,bā,3926,2509,,,"greatly desire, anxiously hope"
U+5DF7,巷,xiàng,126,111,,,"alley, lane"
U+5DFD,巽,xùn,1,1,,,"south-east; mild, modest, obedient; trigram ☴; hexagram ䷸"
U+5DFE,巾,jīn,50,37,,,kerchief; towel; turban; Kangxi radical 50
U+5DFF,巿,fú,1,1,,,"revolve, make circuit, turn"
U+5E01,币,bì,2792,1784,幣,,"currency, coins, legal tender"
U+5E02,市,shì,13117,9630,,,"market, fair; city, town; trade"
U+5E03,布,bù,6565,5868,,,"cotton cloth, textiles, linen"
U+5E05,帅,shuài,68,60,帥,,"commander, commander-in-chief"
U+5E06,帆,fān fán,90,77,,,sail; boat
U+5E08,师,shī,1605,1418,"师,師",师,"teacher, master, specialist"
U+5E0C,希,xī,1593,1475,,,"rare; hope, expect, strive for"
U+5E10,帐,zhàng,52,46,帳,,"tent; screen, mosquito net"
U+5E15,帕,pà,189,154,,,"turban, kerchief, veil; wrap"
U+5E16,帖,tiē,99,84,,,invitation card; notice
U+5E18,帘,lián,19,16,"帘,簾",帘,flag-sign of a tavern
U+5E1B,帛,bó,13,8,,,"silks, fabrics; wealth, property"
U+5E1C,帜,zhì,13,13,幟,,"flag, pennant; sign; fasten"
U+5E1D,帝,dì,208,153,,,"supreme ruler, emperor; god"
U+5E25,帥,shuài,24,23,,帅,"commander, commander-in-chief"
U+5E26,带,dài,2288,2128,帶,,"belt, girdle, band, strap, zone"
U+5E27,帧,zhēn,33,29,幀,,"picture, scroll; one of pair of"
U+5E2B,師,shī,301,245,,师,"teacher, master, specialist; multitude, troops; hexagram ䷆"
U+5E2D,席,xí,2660,2247,,,seat; mat; take seat; banquet
U+5E2E,帮,bāng,575,539,"帮,幫",帮,"help, assist; defend; shoe upper"
U+5E33,帳,zhàng,19,17,,帐,"tent; screen, mosquito net"
U+5E36,帶,dài,610,528,,带,"belt, girdle, band, strap, zone"
U+5E37,帷,wéi,63,63,,,"tent; curtain, screen"
U+5E38,常,cháng,2638,2362,,,"common, normal, frequent, regular"
U+5E3C,帼,guó,2,2,幗,,women's headgear; mourning cap
U+5E3D,帽,mào,64,50,,,"hat, cap; cap-like tops"
U+5E40,幀,zhèng,5,5,,帧,"picture, scroll; one of pair of"
U+5E42,幂,mì,1,1,"冪,幂",幂,"cover-cloth, cover with cloth"
U+5E45,幅,fú,2704,2326,,,"piece, strip, breadth of, hem"
U+5E4C,幌,huǎng,32,23,,,"curtain, cloth screen"
U+5E54,幔,màn,7,5,,,"curtain, screen, tent"
U+5E55,幕,mù,1091,962,,,"curtain, screen, tent"
U+5E5E,幞,fú,1,1,,,turban
U+5E5F,幟,zhì,10,10,,帜,"flag, pennant; sign; fasten"
U+5E61,幡,fān,4,1,,,"pennant, banner, streamer, flag"
U+5E62,幢,chuáng,12,8,,,carriage curtain; sun screen
U+5E63,幣,bì,637,383,,币,"currency, coins, legal tender"
U+5E6B,幫,bāng,108,98,,帮,"to help, assist; to defend; shoe upper"
U+5E72,干,gàn,896,772,"乾,干,幹",干,"oppose, offend; invade; dried"
U+5E73,平,píng,6646,5451,,,"flat, level, even; peaceful"
U+5E74,年,nián,29984,19017,,,year; new-years; person's age
U+5E76,并,bìng,5104,4829,"並,併,并",并,"combine, annex; also, what's more"
U+5E78,幸,xìng,429,380,,,"luck(ily), favor, fortunately"
U+5E79,幹,gàn,98,84,,干,trunk of tree or of human body
U+5E7B,幻,huàn,263,222,,,"illusion, fantasy, mirage"
U+5E7C,幼,yòu,217,171,,,"infant, young child; immature"
U+5E7D,幽,yōu,56,49,,,"quiet, secluded, tranquil; dark"
U+5E7E,幾,jǐ,180,171,,几,"how many? how much?; a few, some"
U+5E7F,广,guǎng,1560,1337,"广,廣",广,"wide, extensive, broad; rad. 53"
U+5E84,庄,zhuāng,156,141,"庄,莊",庄,"village, hamlet; villa, manor"
U+5E86,庆,qìng,635,518,慶,,"congratulate, celebrate"
U+5E87,庇,bì,35,28,,,"cover, shield, shelter, protect"
U+5E8A,床,chuáng,274,213,,,"bed, couch; framework, chassis"
U+5E8F,序,xù,680,631,,,"series, serial order, sequence"
U+5E90,庐,lú,14,10,"庐,廬",庐,"hut, cottage; name of a mountain"
U+5E93,库,kù,924,711,庫,,"armory, treasury, storehouse"
U+5E94,应,yīng,5159,4440,"应,應",应,"should, ought to, must"
U+5E95,底,dǐ,1780,1623,,,"bottom, underneath, underside"
U+5E97,店,diàn,1857,1217,,,"shop, store; inn, hotel"
U+5E99,庙,miào,98,65,"庙,廟",庙,"temple, shrine; imperial court"
U+5E9A,庚,gēng,8,5,,,7th heavenly stem
U+5E9C,府,fǔ,4641,4032,,,prefecture; prefect; government
U+5E9E,庞,páng,125,125,龐,,"disorderly, messy; huge, big"
U+5E9F,废,fèi,251,200,廢,,"abrogate, terminate, discard"
U+5EA6,度,dù,9166,7305,,,"degree, system; manner; to consider"
U+5EA7,座,zuò,1061,895,,,"seat; stand, base"
U+5EAB,庫,kù,246,178,,库,"armory, treasury, storehouse"
U+5EAD,庭,tíng,744,614,,,courtyard; spacious hall or yard
U+5EB5,庵,ān,4,4,,,Buddhist monastery or nunnery
U+5EB6,庶,shù,4,2,,,"numerous, various; multitude"
U+5EB7,康,kāng,1146,957,,,"peaceful, quiet; happy, healthy"
U+5EB8,庸,yōng,37,33,,,"usual, common, ordinary, mediocre"
U+5EC1,廁,cè,2,2,,厕,"toilet, lavatory; mingle with"
U+5EC2,廂,xiāng,10,9,,厢,"side-room, wing; theatre box"
U+5EC8,廈,shà,111,62,,厦,"big building, mansion"
U+5EC9,廉,lián,162,150,,,"upright, honorable, honest"
U+5ECA,廊,láng,89,76,,,"corridor, porch, veranda"
U+5ECB,廋,sōu,1,1,,,"conceal, hide; search for, seek"
U+5ED3,廓,kuò,17,15,,,"broad, wide, open, empty; to expand"
U+5ED6,廖,liào,24,21,,,surname; name of an ancient state
U+5EDA,廚,chú,24,21,,厨,kitchen; closet; cupboard
U+5EDF,廟,miào,48,31,,庙,"temple, shrine; imperial court"
U+5EE0,廠,chǎng,556,407,,厂,"factory, plant, workshop, mill"
U+5EE2,廢,fèi,50,39,,废,"abrogate, terminate, discard"
U+5EE3,廣,guǎng,878,597,,广,"broad, wide, extensive"
U+5EEC,廬,lú,7,5,,庐,"hut, cottage; name of a mountain"
U+5EF3,廳,tīng,136,114,,厅,"hall, central room"
U+5EF6,延,yán,1126,1026,,,"delay, postpone, defer"
U+5EF7,廷,tíng,225,170,,,court
U+5EFA,建,jiàn,4408,3478,,,"build, establish, erect, found"
U+5EFF,廿,niàn,6,6,,,"twenty, twentieth"
U+5F00,开,kāi,8584,7251,"开,開",开,"open; initiate, begin, start"
U+5F02,异,yì,550,491,異,,"different, unusual, strange"
U+5F03,弃,qì,367,339,"弃,棄",弃,"reject, abandon, discard"
U+5F04,弄,nòng,66,59,,,"do, play or fiddle with; alley"
U+5F08,弈,yì,90,82,,,Chinese chess
U+5F0A,弊,bì,47,47,,,"evil, wrong, bad; criminal"
U+5F0B,弋,yì,17,16,,,"catch, arrest; shoot with bow"
U+5F0F,式,shì,4205,3677,,,"style, system, formula, rule"
U+5F13,弓,gōng,19,18,,,"bow; curved, arched; Kangxi radical 57"
U+5F14,弔,diào,3,3,,,"condole, mourn, pity; hang"
U+5F15,引,yǐn,3788,3568,,,"to pull, draw out, attract; to stretch"
U+5F17,弗,fú,150,133,,,"not, negative; dollar"
U+5F18,弘,hóng,49,47,,,"enlarge, expand; liberal, great"
U+5F1B,弛,chí,22,21,,,"loosen, relax, unstring a bow"
U+5F1C,弜,jiàng,1,1,,,
U+5F1F,弟,dì,149,115,,,"young brother; junior; I, me"
U+5F20,张,zhāng,1505,1355,張,,"stretch, extend, expand; sheet"
U+5F25,弥,mí,114,107,"彌,瀰",,"extensive, full; fill; complete"
U+5F26,弦,xián,45,38,,,"string; hypotenuse, crescent"
U+5F27,弧,hú,10,9,,,"wooden bow; arc, crescent"
U+5F29,弩,nǔ,5,4,,,"cross-bow, bow; downward stroke"
U+5F2D,弭,mǐ,5,5,,,"stop, desist, end, quell"
U+5F2F,弯,wān,56,49,"弯,彎",弯,"bend, curve"
U+5F31,弱,ruò,622,595,,,"weak; fragile, delicate"
U+5F35,張,zhāng,392,309,,张,"stretch, extend, expand; sheet; 26th lunar mansion, determinative star υ¹ Hydrae"
U+5F36,弶,jiàng,1,1,,,a snare
U+5F37,強,qiáng,1023,870,,强,"strong, powerful, energetic"
U+5F39,弹,dàn,1016,831,"弹,彈",弹,"pellet, bullet, shot, shell"
U+5F3A,强,qiáng,4105,3687,"強,强",强,"strong, powerful, energetic"
U+5F3C,弼,bì,2,1,,,"aid, assist, help; correct"
U+5F48,彈,dàn,162,130,,弹,"pellet, bullet, shot, shell"
U+5F4C,彌,mí,41,34,,弥,"extensive, full; fill; complete"
U+5F4E,彎,wān,25,22,,弯,"bend, curve"
U+5F52,归,guī,457,424,"归,歸",归,"return; return to, revert to"
U+5F53,当,dāng,4352,3968,"噹,当,當",当,"bear, accept, undertake; just"
U+5F55,录,lù,1296,1154,"錄,録",,"copy, write down, record"
U+5F57,彗,huì,19,8,,,broomstick; comet
U+5F59,彙,huì,5,4,,汇,"collect, compile, assemble; hedgehog"
U+5F5D,彝,yí,27,23,彞,,"Yi (nationality); tripod, wine vessel; rule"
U+5F62,形,xíng,1724,1527,,,"form, shape, appearance"
U+5F64,彤,tóng,20,12,,,"red, vermilion"
U+5F65,彥,yàn,13,12,,彦,"elegant, handsome; learned"
U+5F66,彦,yàn,37,34,"彥,彦",彦,elegant
U+5F67,彧,yù,2,2,,,"refined, cultured, polished"
U+5F69,彩,cǎi,760,605,,,"hue, color; variegated colors"
U+5F6A,彪,biāo,17,12,,,tiger; tiger stripes; tiger-like
U+5F6C,彬,bīn,11,9,,,"cultivated, well-bred"
U+5F6D,彭,péng,251,226,,,name of ancient country; surname
U+5F70,彰,zhāng,88,86,,,"clear, manifest, obvious"
U+5F71,影,yǐng,4477,3741,,,"shadow; image, reflection; photograph"
U+5F73,彳,chì,1,1,,,step with left foot; rad. no 60
U+5F77,彷,páng fǎng,10,10,,,"like, resembling; resemble"
U+5F79,役,yì,105,96,,,"service; a servant, laborer; to serve"
U+5F7B,彻,chè,130,125,徹,,"penetrate, pervade; penetrating"
U+5F7C,彼,bǐ,166,157,,,"that, there, those"
U+5F7F,彿,fú,6,6,,,"resembling, like, as if"
U+5F80,往,wǎng,1870,1552,,,"go, depart; past, formerly"
U+5F81,征,zhēng,977,832,"征,徵",征,"invade, attack, conquer"
U+5F84,径,jìng,228,214,徑,,narrow path; diameter; direct
U+5F85,待,dài,1121,1060,,,"treat, entertain, receive; wait"
U+5F88,很,hěn,2525,2286,,,"very, quite, much"
U+5F89,徉,yáng,10,10,,,"wonder, rove, stray; hesitating"
U+5F8A,徊,huái,53,52,,,"linger, walk to and fro, hesitate"
U+5F8B,律,lǜ,2255,1619,,,"statute, principle, regulation"
U+5F8C,後,hòu,1786,1550,,后,"behind, rear, after; descendents"
U+5F90,徐,xú,173,125,,,"slowly, quietly, calmly; composed, dignified"
U+5F91,徑,jìng,122,106,,径,narrow path; diameter; direct
U+5F92,徒,tú,162,143,,,"disciple, follower; go on foot"
U+5F95,徕,lái,7,7,徠,,"induce, encourage to come"
U+5F97,得,dé,5667,5098,,,"obtain, get, gain, acquire"
U+5F98,徘,pái,54,53,,,"walk back and forth, hesitate"
U+5F99,徙,xǐ,56,43,,,"move one's abode, shift, migrate"
U+5F9C,徜,cháng,10,10,,,walking and fro; lingering
U+5F9E,從,cóng,1447,1263,,从,"from, by, since, whence, through"
U+5FA0,徠,lái,3,1,,徕,"induce, encourage to come"
U+5FA1,御,yù,165,150,"御,禦",御,"drive, ride; chariot; manage"
U+5FA9,復,fù,442,334,復,"复,復",return; repeat; repeatedly; hexagram ䷗
U+5FAA,循,xún,207,189,,,"obey, comply with, follow"
U+5FAE,微,wēi,1503,1223,,,"small, prefix micro-, trifling"
U+5FB5,徵,zhǐ zhēng,254,194,徵,"征,徵","summon, recruit; musical note"
U+5FB7,德,dé,3074,2387,,,"ethics, morality, virtue"
U+5FB9,徹,chè,50,46,,彻,"penetrate, pervade; penetrating"
U+5FBD,徽,huī,294,201,,,"a badge, insignia"
U+5FC3,心,xīn,5451,4773,,,"heart; mind, intelligence; soul; 5th lunar mansion, determinative star α Scorpii (Antares)"
U+5FC4,忄,xīn,3,3,,,heart; radical number 61
U+5FC5,必,bì,1326,1217,,,"surely, most certainly; must"
U+5FC6,忆,yì,147,136,憶,,"remember, reflect upon; memory"
U+5FCC,忌,jì,110,69,,,"jealous, envious; fear"
U+5FCD,忍,rěn,101,99,,,"endure, bear, suffer; forbear"
U+5FCF,忏,chàn,5,5,懺,,"regret, repent; confess sins"
U+5FD0,忐,tǎn,3,3,,,timorous; nervous
U+5FD1,忑,tè,3,3,,,fearful; nervous; timid
U+5FD2,忒,tè,13,11,,,excessive; too; very-usually of objectionable things; to err; to mistake; changeable
U+5FD7,志,zhì,721,662,"志,誌",志,"purpose, will, determination; annals"
U+5FD8,忘,wàng,275,246,,,"forget; neglect; miss, omit"
U+5FD9,忙,máng,316,291,,,"busy, pressed for time; hustling"
U+5FE0,忠,zhōng,186,154,,,"loyalty, devotion, fidelity"
U+5FE1,忡,chōng,30,15,,,"a sad, uneasy countenance"
U+5FE4,忤,wǔ,1,1,,,"insubordinate, stubborn; wrong"
U+5FE7,忧,yōu,999,966,憂,,"sad, grieved; grief, melancholy"
U+5FEB,快,kuài,2446,2221,,,"rapid, quick, speedy, fast; soon"
U+5FF1,忱,chén,10,10,,,"truth, sincerity; sincere"
U+5FF5,念,niàn,976,780,,,"think of, recall, study"
U+5FFB,忻,xīn,4,1,,,"delightful, joyful, pleasant"
U+5FFD,忽,hū,104,96,,,"suddenly, abruptly; neglect"
U+5FFE,忾,kài,2,2,愾,,"anger, wrath, hatred, enmity"
U+5FFF,忿,fèn,2,1,,,"get angry; fury, exasperation"
U+6000,怀,huái,271,259,"怀,懷",怀,"bosom, breast; carry in bosom"
U+6001,态,tài,1543,1397,態,,"manner, bearing, attitude"
U+6002,怂,sǒng,2,2,慫,,"instigate, arouse, incite"
U+6006,怆,chuàng,1,1,愴,,"sad, broken-hearted, disconsolate"
U+600E,怎,zěn,537,506,,,what? why? how?
U+6012,怒,nù,122,119,,,"anger, rage, passion; angry"
U+6015,怕,pà,256,240,,,"to fear, be afraid of; apprehensive"
U+6016,怖,bù,106,94,,,"terror, fear; frighten; terrified"
U+601C,怜,lián,8,8,"怜,憐",怜,"pity, sympathize"
U+601D,思,sī,689,598,,,"think, consider, ponder; final particle"
U+6020,怠,dài,11,11,,,"idle, remiss, negligent; neglect"
U+6021,怡,yí,61,54,,,"harmony; pleasure, joy; be glad"
U+6025,急,jí,1087,995,,,"quick, quickly; urgent, pressing"
U+6026,怦,pēng,2,2,,,"eager, ardent, impulsive; anxious"
U+6027,性,xìng,4792,4066,,,"nature, character, sex"
U+6028,怨,yuàn,74,69,,,"hatred, enmity, resentment"
U+602A,怪,guài,133,120,,,"strange, unusual, peculiar"
U+602F,怯,qiè,5,5,,,"lacking in courage, afraid"
U+603B,总,zǒng,5387,4526,總,,"collect; overall, altogether"
U+603C,怼,duì,6,6,懟,,"hate, abhor; hatred, resentment"
U+6043,恃,shì,1,1,,,"rely on, presume on, trust to"
U+6046,恆,héng,30,20,,恒,"constant, regular, persistent; hexagram ䷟"
U+604B,恋,liàn,47,33,"恋,戀",恋,"love; long for, yearn for; love"
U+604D,恍,huǎng,12,10,,,seemingly; absent-minded
U+6050,恐,kǒng,582,495,,,"fear; fearful, apprehensive"
U+6052,恒,héng,245,169,"恆,恒",恒,"constant, regular, persistent"
U+6055,恕,shù,2,2,,,"forgive, excuse, show mercy"
U+6059,恙,yàng,8,8,,,"illness, sickness; indisposition"
U+6062,恢,huī,902,809,,,"restore; big, great, immense, vast"
U+6063,恣,zì,2,2,,,"indulge oneself, unrestrained"
U+6064,恤,xù,24,19,,,"show pity; relieve, help"
U+6065,恥,chǐ,11,10,,耻,"shame, humiliation; ashamed"
U+6068,恨,hèn,44,41,,,"hatred, dislike; resent, hate"
U+6069,恩,ēn,427,341,,,"kindness, mercy, charity"
U+606A,恪,kè,16,16,,,"respectful, reverent"
U+606B,恫,dòng,6,6,,,"in pain, sorrowful"
U+606C,恬,tián,9,9,,,"quiet, calm, tranquil, peaceful"
U+606D,恭,gōng,35,34,,,"respectful, polite, reverent"
U+606F,息,xī,3333,2842,,,"rest, put stop to, end, cease"
U+6070,恰,qià,117,95,,,"just, exactly, precisely; proper"
U+6073,恳,kěn,11,11,懇,,"sincere, earnest, cordial"
U+6075,恵,huì,2,2,,,"favor, benefit, confer kindness"
U+6076,恶,è,424,405,"噁,惡",,"evil, wicked, bad, foul"
U+6078,恸,tòng,1,1,慟,,"sadness, grief; mourn; be moved"
U+6079,恹,yān,2,1,懨,,"feeble, sickly; tranquil, calm"
U+607A,恺,kǎi,1,1,愷,,"enjoy, be contented, joyful"
U+607C,恼,nǎo,49,46,"恼,惱",恼,"angered, filled with hate"
U+607F,恿,yǒng,2,2,,,"instigate, incite; to alarm"
U+6084,悄,qiāo,153,106,,,"silent, quiet, still; anxious"
U+6085,悅,yuè,68,50,,悦,pleased
U+6089,悉,xī,387,379,,,"know, learn about, comprehend"
U+608D,悍,hàn,20,20,,,"courageous, brave; violent"
U+6094,悔,huǐ,33,32,,,"repent, show remorse, regret"
U+6096,悖,bèi,17,17,,,"be contradictory to, go counter"
U+609A,悚,sǒng,6,6,,,"afraid, scared, frightened"
U+609F,悟,wù,128,100,,,"to apprehend, realize, become aware"
U+60A0,悠,yōu,184,149,,,"long, far, remote, distant; leisurely"
U+60A3,患,huàn,554,457,,,"suffer, worry about; suffering"
U+60A6,悦,yuè,217,179,悅,,"pleased, contented, gratified"
U+60A8,您,nín,164,139,,,honorific for 'you'
U+60AC,悬,xuán,147,130,懸,,"hang, suspend, hoist; be hung"
U+60AD,悭,qiān,3,3,慳,,"miserly, parsimonious, stingy"
U+60AF,悯,mǐn,6,5,憫,,"pity, sympathize with, grieve for"
U+60B2,悲,bēi,125,113,,,"sorrow, grief; sorry, sad"
U+60B3,悳,dé,7,7,,,"ethics, morality, virtue"
U+60B4,悴,cuì,1,1,,,"suffer, become emaciated, haggard"
U+60B6,悶,mèn,1,1,,闷,"gloomy, depressed, melancholy"
U+60B8,悸,jì,9,9,,,"fearful, apprehensive, perturbed"
U+60BC,悼,dào,69,59,,,"grieve, mourn, lament; grieved"
U+60BD,悽,qī,1,1,,,"sorrowful, grieved, melancholy"
U+60C5,情,qíng,6745,5823,,,"feeling, sentiment, emotion"
U+60C7,惇,dūn,1,1,,,"be kind, cordial, sincere"
U+60CA,惊,jīng,567,539,驚,,"frighten, surprise, startle"
U+60CB,惋,wǎn,5,5,,,"regret, be sorry; alarmed"
U+60D1,惑,huò,43,43,,,"confuse, mislead, baffle; doubt"
U+60D5,惕,tì,160,156,,,"be cautious, careful, alert"
U+60D8,惘,wǎng,2,2,,,"disconcerted, dejected, discouraged"
U+60DA,惚,hū,3,2,,,"absent-minded, confused"
U+60DC,惜,xī,98,92,,,"pity, regret, rue, begrudge"
U+60DF,惟,wéi,66,49,,,"but, however, nevertheless; only"
U+60E0,惠,huì,363,323,,,"favor, benefit, confer kindness"
U+60E1,惡,è,78,73,,恶,"evil, wicked, bad, foul"
U+60E6,惦,diàn,5,5,,,"think of, remember, miss"
U+60E7,惧,jù,49,47,"惧,懼",惧,"fear, be afraid of, dread"
U+60E8,惨,cǎn,88,85,慘,,"sad, pitiful, wretched; cruel"
U+60E9,惩,chéng,64,61,"惩,懲",惩,"punish, reprimand; warn"
U+60EB,惫,bèi,15,15,憊,,"tired, weary, fatigued"
U+60EC,惬,qiè,17,17,愜,,"be satisfied, be comfortable"
U+60EE,惮,dàn,3,3,憚,,"dread, shrink from, shirk, fear"
U+60EF,惯,guàn,156,150,慣,,"habit, custom; habitually, usual"
U+60F0,惰,duò,4,4,,,"indolent, careless, lazy, idle"
U+60F1,惱,nǎo,6,6,,恼,"angered, filled with hate"
U+60F3,想,xiǎng,2048,1835,,,"think, speculate, plan, consider"
U+60F4,惴,zhuì,2,1,,,"afraid, apprehensive, nervous"
U+60F6,惶,huáng,4,3,,,"fearful, afraid, anxious, nervous"
U+60F9,惹,rě,48,46,,,"irritate, vex, offend, incite"
U+60FA,惺,xīng,4,2,,,"intelligent, clever, astute"
U+6101,愁,chóu,50,49,,,"anxiety; to worry about, be anxious"
U+6108,愈,yù,296,236,,,"more and more, even more"
U+6109,愉,yú,36,34,,,"pleasant, delightful; please"
U+610F,意,yì,4238,3829,,,"thought, idea, opinion; think"
U+6115,愕,è,1,1,,,"startled, alarmed, astonished"
U+611A,愚,yú,23,20,,,"stupid, doltish, foolish"
U+611B,愛,ài,468,362,,爱,"love, be fond of, like"
U+611C,愜,qiè,14,13,,惬,"be satisfied, be comfortable"
U+611F,感,gǎn,3282,2791,,,"feel, perceive, emotion"
U+6123,愣,lèng,6,5,,,be in a daze
U+6124,愤,fèn,56,56,憤,,"resent, hate; indignant"
U+6127,愧,kuì,23,23,,,"ashamed, conscience-stricken"
U+612B,愫,sù,3,3,,,"guileless, sincere, honest"
U+6134,愴,chuàng,1,1,,怆,"sad, broken-hearted, disconsolate"
U+6137,愷,kǎi,5,2,,恺,"enjoy, be contented, joyful"
U+613E,愾,kài,2,2,,忾,"anger, wrath, hatred, enmity"
U+613F,愿,yuàn,796,720,"愿,願",愿,"sincere, honest, virtuous"
U+6148,慈,cí,68,56,,,"kind, charitable, benevolent"
U+614B,態,tài,617,481,,态,"manner, bearing, attitude"
U+614C,慌,huāng,100,94,,,"nervous, panicky, frantic"
U+614E,慎,shèn,254,247,,,"act with care, be cautious"
U+6151,慑,shè,24,24,懾,,"afraid, scared, fearful"
U+6155,慕,mù,122,107,,,"long for, desire; admire"
U+6158,慘,cǎn,18,17,,惨,"sad, pitiful, wretched; cruel"
U+615A,慚,cán,2,2,,惭,"ashamed, humiliated; shameful"
U+615C,慜,mǐn,4,4,,,name of a monk in Tang dynasty
U+6162,慢,màn,431,365,,,"slow(ly), leisurely, sluggish"
U+6163,慣,guàn,25,22,,惯,"habit, custom; habitually, usually"
U+6167,慧,huì,426,371,,,"bright, intelligent; intelligence"
U+6168,慨,kǎi,34,34,,,"sigh, regret; generous"
U+616B,慫,sǒng,1,1,,怂,"to alarm; to instigate, arouse, incite"
U+616E,慮,lǜ,128,118,,虑,"be concerned, worry about"
U+6170,慰,wèi,78,70,,,"comfort, console, calm"
U+6175,慵,yōng,5,5,,,"indolent, easy-going, lazy"
U+6176,慶,qìng,501,325,,庆,"congratulate, celebrate"
U+6177,慷,kāng,13,13,,,"ardent; generous, magnanimous"
U+617E,慾,yù,4,4,,,"lust, desire, passion; appetite"
U+6182,憂,yōu,140,124,,忧,"sad, grieved; grief, melancholy"
U+618A,憊,bèi,2,2,,惫,"tired, weary, fatigued"
U+618B,憋,biē,8,8,,,to suppress inner feelings; hasty
U+618E,憎,zēng,4,4,,,"hate, detest, abhor; hatred"
U+6190,憐,lián,1,1,,怜,"pity, sympathize"
U+6191,憑,píng,58,58,,凭,"lean on, depend on, rely on"
U+6193,憓,huì,16,12,,,"benefit, favor; follow, obey"
U+6194,憔,qiáo,1,1,,,"be worn-out, emaciated, haggard"
U+619A,憚,dàn,1,1,,惮,"dread, shrink from, shirk, fear"
U+61A4,憤,fèn,8,8,,愤,"resent, hate; indignant"
U+61A7,憧,chōng,20,19,,,"irresolute, indecisive; yearn for"
U+61A8,憨,hān,32,28,,,"foolish, silly, coquettish"
U+61A9,憩,qì,9,9,,,"rest, take rest"
U+61AC,憬,jǐng,18,18,,,"rouse, awaken; become conscious"
U+61B2,憲,xiàn,44,36,,宪,"constitution, statute, law"
U+61B6,憶,yì,219,159,,忆,"remember, reflect upon; memory"
U+61B7,憷,chù,2,2,,,painful; suffering; privation
U+61BE,憾,hàn,63,61,,,"to regret, remorse; dissatisfied"
U+61C2,懂,dǒng,201,190,,,"understand, comprehend"
U+61C7,懇,kěn,1,1,,恳,"sincere, earnest, cordial"
U+61C8,懈,xiè,22,22,,,"idle, relaxed, remiss"
U+61C9,應,yīng,1082,918,,应,"should, ought to, must"
U+61CA,懊,ào,3,3,,,"vexed, worried, nervous; regret"
U+61CB,懋,mào,1,1,,,"splendid, grand, majestic"
U+61D1,懑,mèn,1,1,懣,,"be sick at heart, sorrowful, sad"
U+61D2,懒,lǎn,22,21,懶,,"lazy, languid, listless"
U+61DF,懟,duì,3,3,,怼,"hate, abhor; hatred, resentment"
U+61E6,懦,nuò,1,1,,,"weak, timid, cowardly"
U+61F2,懲,chéng,17,15,,惩,"punish, reprimand; warn"
U+61F5,懵,měng,8,8,,,"stupid, ignorant, dull"
U+61F6,懶,lǎn,4,4,,懒,"lazy, languid, listless"
U+61F7,懷,huái,90,81,,怀,"bosom, breast; carry in bosom"
U+61F8,懸,xuán,56,46,,悬,"hang, suspend, hoist; be hung"
U+61FA,懺,chàn,1,1,,忏,"regret, repent; confess sins"
U+61FC,懼,jù,13,11,,惧,"fear, be afraid of, dread"
U+61FE,懾,shè,5,5,,慑,"afraid, scared, fearful"
U+61FF,懿,yì,12,8,,,"virtuous, admirable, esteemed"
U+6200,戀,liàn,14,10,,恋,"love; long for, yearn for; love"
U+6208,戈,gē,131,109,,,"halberd, spear, lance; rad. 62"
U+620A,戊,wù,2,2,,,5th heavenly stem
U+620C,戌,xū,1,1,,,eleventh earthly branch
U+620D,戍,shù,10,8,,,"defend borders, guard frontiers"
U+620E,戎,róng,265,222,,,"arms, armaments; military affair"
U+620F,戏,xì,674,461,"戏,戲",戏,"theatrical play, show"
U+6210,成,chéng,15565,12564,,,"completed, finished, fixed"
U+6211,我,wǒ,4149,3110,,,"our, us, i, me, my, we"
U+6212,戒,jiè,176,157,,,"warn, caution, admonish"
U+6216,或,huò,2775,2553,,,"or, either, else; perhaps, maybe"
U+6217,戗,qiāng,1,1,戧,,support
U+6218,战,zhàn,3596,2957,"战,戰",战,"war, fighting, battle"
U+621A,戚,qī,23,22,,,relative; be related to; sad
U+621B,戛,jiá,9,9,,,lance; tap or strike lightly
U+621F,戟,jǐ,6,5,,,halberd with crescent blade
U+6226,戦,zhàn,1,1,,,"war, fighting, battle"
U+622A,截,jié,1001,964,,,"cut off, stop, obstruct, intersect"
U+622E,戮,lù,12,11,,,"kill, massacre; oppress"
U+6230,戰,zhàn,1097,736,,"战,𢧐","war, fighting, battle"
U+6232,戲,xì,194,131,,戏,"theatrical play, show"
U+6233,戳,chuō,74,73,,,"prick, stab; stamp, seal, chop"
U+6234,戴,dài,433,357,,,wear on top; support
U+6236,戶,hù,274,213,,户,"door; family, household"
U+6237,户,hù,1757,1469,"戶,户",户,door; family
U+6238,戸,hù,1,1,,,door; family
U+623F,房,fáng,1874,1178,,,"house, building; room; 4th lunar mansion, determinative star π Scorpii"
U+6240,所,suǒ,4250,3838,,,"place, location; numerary adjunct"
U+6241,扁,biǎn,26,21,,,"flat; tablet, signboard"
U+6247,扇,shàn,145,91,,,fan; door panel
U+6249,扉,fēi,3,3,,,door panel
U+624B,手,shǒu,5122,4132,,,hand
U+624C,扌,shǒu,3,3,,,hand; radical number 64
U+624D,才,cái,1327,1196,"才,纔",才,"talent, ability; just, only"
U+624E,扎,zhā,345,299,,,pull up; pierce; struggle free
U+6251,扑,pū,73,68,"扑,撲",扑,"pound, beat, strike; attack"
U+6252,扒,bā,12,11,,,scratch; dig up; crawl; crouch
U+6253,打,dǎ,3090,2774,,,"strike, hit, beat; fight; attack"
U+6254,扔,rēng,35,34,,,"throw, hurl; throw away, cast"
U+6258,托,tuō,480,407,,,"to hold up with palm; to support, rely on"
U+625B,扛,káng,36,34,,,carry on shoulders; lift
U+625E,扞,hàn,1,1,,,"ward off, withstand, resist"
U+6263,扣,kòu,237,197,,,"knock, strike, rap, tap; button"
U+6267,执,zhí,1331,1241,"執,执",执,hold in hand; keep; carry out
U+6269,扩,kuò,1309,1233,擴,,"expand, enlarge, stretch"
U+626A,扪,mén,1,1,捫,,"stoke, pat, feel by hand, grope"
U+626B,扫,sǎo,168,144,掃,,"sweep, clear away; exterminate"
U+626C,扬,yáng,235,214,揚,,"scatter, spread; praise"
U+626D,扭,niǔ,139,134,,,"turn, twist, wrench; seize, grasp"
U+626E,扮,bàn,123,120,,,dress up; dress up as
U+626F,扯,chě,29,29,,,"rip up, tear down; raise; haul"
U+6270,扰,rǎo,270,261,擾,,"disturb, annoy, agitate"
U+6273,扳,bān,10,10,,,pull; drag; right itself
U+6276,扶,fú,86,83,,,"support, help; protect; hold on"
U+6279,批,pī,1673,1493,,,"comment, criticize; wholesale"
U+627C,扼,è,26,26,,,"grasp, clutch; choke, strangle"
U+627E,找,zhǎo,711,664,,,"search, seek, look for; find"
U+627F,承,chéng,1297,1198,,,"inherit, receive; succeed"
U+6280,技,jì,5609,4465,,,"skill, ability, talent, ingenuity"
U+6284,抄,chāo,47,40,,,"copy, confiscate, seize"
U+6289,抉,jué,21,20,,,"choose, select; gouge, pluck out"
U+628A,把,bǎ,1845,1716,,,"hold, take; guard; regard as"
U+6291,抑,yì,210,194,,,"press down, repress; curb, hinder"
U+6292,抒,shū,8,7,,,express; eliminate; relieve
U+6293,抓,zhuā,308,282,,,"scratch; clutch, seize, grab"
U+6295,投,tóu,6224,4681,,,"throw, cast, fling, pitch; jump"
U+6296,抖,dǒu,121,107,,,"tremble, shake, rouse; give shake"
U+6297,抗,kàng,1408,1138,,,"resist, oppose, defy, reject"
U+6298,折,zhé,434,384,"折,摺",折,"break off, snap; bend"
U+629A,抚,fǔ,41,39,撫,,"pat, console, comfort; pacify"
U+629B,抛,pāo,252,244,"抛,拋",抛,throw (away)
U+62A0,抠,kōu,5,5,摳,,"raise, lift up; tight-fisted"
U+62A1,抡,lūn,2,2,掄,,"swing, brandish, flourish"
U+62A2,抢,qiǎng,310,291,搶,,"plunder, rob, take by force"
U+62A4,护,hù,1302,1099,護,,"protect, guard, defend, shelter"
U+62A5,报,bào,6806,6144,"報,报",报,"report, tell, announce"
U+62A8,抨,pēng,54,53,,,"impeach, censure; attack"
U+62AB,披,pī,330,306,,,wear; split; crack
U+62AC,抬,tái,88,84,,,"lift, carry"
U+62B1,抱,bào,261,243,,,"embrace, hold in arms, enfold"
U+62B5,抵,dǐ,811,731,,,"resist, oppose; deny; off-set"
U+62B9,抹,mǒ,119,108,,,"smear, apply, wipe off, erase"
U+62BC,押,yā,366,344,,,"mortgage, pledge; deposit; to pawn; to arrest, detain, guard"
U+62BD,抽,chōu,132,112,,,"draw out, pull out; sprout"
U+62C2,拂,fú,30,30,,,"shake off, brush away; dust"
U+62C4,拄,zhǔ,3,3,,,lean on; post; prod; ridicule
U+62C5,担,dān,1803,1696,"担,擔",担,"carry, bear, undertake"
U+62C6,拆,chāi,263,207,,,"to break up, split apart, rip open; to destroy"
U+62C7,拇,mǔ,7,6,,,thumb; big toe
U+62C8,拈,niān,3,3,,,pick up with fingers; draw lots
U+62C9,拉,lā,4259,3218,,,"pull, drag; seize, hold; lengthen"
U+62CB,拋,pāo,86,70,,抛,"throw (away), abandon, reject"
U+62CC,拌,bàn,71,48,,,mix
U+62CD,拍,pāi,859,702,,,"clap, tap, beat; beat or rhythm"
U+62CE,拎,līn,6,6,,,to haul; to lift; to take
U+62D0,拐,guǎi,51,49,,,"kidnap, abduct; turn"
U+62D2,拒,jù,301,290,,,"ward off with hand, defend"
U+62D3,拓,tà,282,259,,,expand; open up; support or push
U+62D4,拔,bá,214,186,,,"uproot, pull out"
U+62D6,拖,tuō,310,295,,,"drag, tow, haul; delay, prolong"
U+62D7,拗,ào,1,1,,,"to pull, drag, break off, to pluck (a flower); bent, warped; perverse, obstinate"
U+62D8,拘,jū,133,125,,,"restrain, seize, detain"
U+62D9,拙,zhuō,14,13,,,"stupid, clumsy, crude; convention"
U+62DA,拚,pàn,1,1,,,"risk, disregard; go all out for"
U+62DB,招,zhāo,619,528,,,"beckon, summon; recruit, levy"
U+62DC,拜,bài,839,685,,,"do obeisance, bow, kowtow"
U+62DF,拟,nǐ,398,353,擬,,"draft; intend, plan, propose"
U+62E2,拢,lǒng,42,39,攏,,"collect, bring together"
U+62E3,拣,jiǎn,3,3,揀,,choose; select; pick up; gather
U+62E5,拥,yōng,642,622,擁,,"embrace, hug, squeeze; crowd"
U+62E6,拦,lán,63,58,攔,,"obstruct, impede, bar, hinder"
U+62E7,拧,níng,5,5,擰,,"pinch; twist, wring; determined"
U+62E8,拨,bō,83,73,撥,,move; dispel; distribute
U+62E9,择,zé,600,565,擇,,"select, choose, pick out"
U+62EC,括,kuò,1530,1501,,,"include, embrace, enclose"
U+62ED,拭,shì,14,13,,,wipe away stains with cloth
U+62EE,拮,jié,4,4,,,"laboring hard, occupied; pursue"
U+62EF,拯,zhěng,60,57,,,"help, save, aid; lift, raise"
U+62F1,拱,gǒng,43,36,,,"fold hands on breast; bow, salute"
U+62F3,拳,quán,125,99,,,fist; various forms of boxing
U+62F4,拴,shuān,1,1,,,"bind with rope, fasten"
U+62F7,拷,kǎo,6,6,,,torture and interrogate; hit
U+62FC,拼,pīn,256,223,,,"join together, link, incorporate"
U+62FD,拽,zhuài,11,11,,,"drag, tow; throw; twist"
U+62FE,拾,shí,74,70,,,"pick up, collect, tidy up; accounting form of the numeral ten"
U+62FF,拿,ná,1135,932,,,"take, hold, grasp; bring; with"
U+6301,持,chí,6181,5421,,,"sustain, support; hold, grasp"
U+6302,挂,guà,212,197,"挂,掛",挂,"hang, suspend; suspense"
U+6307,指,zhǐ,5400,4191,,,"finger, toe; point, indicate"
U+6309,按,àn,691,633,,,"put hand on, press down with hand"
U+630E,挎,kuà,1,1,,,carry
U+6311,挑,tiāo,969,915,,,a load carried on the shoulders; to carry
U+6316,挖,wā,214,166,,,"dig, dig out, gouge out, scoop"
U+631A,挚,zhì,15,15,摯,,"sincere, warm, cordial; surname"
U+631B,挛,luán,1,1,"挛,攣",挛,tangled; entwined; crooked
U+631D,挝,wō,27,19,撾,,to beat; to strike
U+631E,挞,tà,1,1,撻,,"flog, whip; chastise"
U+631F,挟,xié,14,14,"挟,挾",挟,clasp under arm; hold to bosom
U+6320,挠,náo,29,28,撓,,"scratch; disturb, bother; submit"
U+6321,挡,dǎng,89,85,"挡,擋",挡,"obstruct, impede; stop; resist"
U+6323,挣,zhēng,44,42,掙,,"strive, endeavor, struggle"
U+6324,挤,jǐ,121,117,擠,,"crowd, squeeze, push against"
U+6325,挥,huī,358,333,揮,,direct; wipe away; squander
U+6328,挨,āi,18,16,,,"near, close by, next to, towards, against; to wait; to lean on"
U+632A,挪,nuó,108,84,,,"move, shift on one side"
U+632B,挫,cuò,268,261,,,push down; chop down; grind
U+632F,振,zhèn,606,562,,,"raise, excite, arouse action"
U+6339,挹,yì,2,2,,,to bale out; to decant liquids
U+633A,挺,tǐng,250,241,,,"to stand upright, straighten; rigid"
U+633D,挽,wǎn,62,60,"挽,輓",挽,"pull; pull back, draw back"
U+633E,挾,xié,5,5,,挟,clasp under arm; hold to bosom
U+6342,捂,wǔ,12,10,,,resist
U+6345,捅,tǒng,9,6,,,jab
U+6346,捆,kǔn,11,11,,,"tie up; bind, truss up; bundle"
U+6349,捉,zhuō,101,96,,,"grasp, clutch; catch, seize"
U+634B,捋,lǚ,1,1,,,to pluck; to gather in the fingers; to rub; to scrape off
U+634D,捍,hàn,76,73,,,"ward off, guard against, defend"
U+634E,捎,shāo,7,7,,,to select; to take; to carry
U+634F,捏,niē,47,44,,,pick with fingers; knead; mold
U+6350,捐,juān,188,144,,,"contribute; give up, renounce"
U+6355,捕,bǔ,569,475,,,"arrest, catch, seize"
U+635E,捞,lāo,81,62,撈,,"scoop out of water; dredge, fish"
U+635F,损,sǔn,775,700,損,,diminish; impair; injure
U+6361,捡,jiǎn,17,16,撿,,to pick up
U+6362,换,huàn,575,529,換,,change
U+6363,捣,dǎo,16,16,搗,,"hull; thresh; beat, attack"
U+6367,捧,pěng,99,96,,,hold up in two hands
U+6368,捨,shě,7,7,,舍,"discard, give up willingly; give alms"
U+6369,捩,liè,12,11,,,"twist with hands; snap, tear"
U+636E,据,jù,4367,3838,"据,據",据,"to occupy, take possession of; a base, position"
U+6372,捲,juǎn,49,46,,卷,"curl, roll up; curly, rolled up"
U+6376,捶,chuí,5,5,,,"strike with stick, lash, beat"
U+6377,捷,jié,185,153,,,"win, victory, triumph"
U+637A,捺,nà,3,3,,,to press down heavily with the fingers
U+637B,捻,niǎn,2,2,,,to twist or nip with the fingers
U+6380,掀,xiān,209,207,,,"lift, raise; stir"
U+6383,掃,sǎo,45,29,,扫,"sweep, clear away; exterminate"
U+6384,掄,lūn,4,2,,抡,"swing, brandish, flourish"
U+6388,授,shòu,468,431,,,"give to, transmit; confer"
U+6389,掉,diào,278,261,,,"turn, move; shake, wag; drop down"
U+638C,掌,zhǎng,433,413,,,"palm of hand, sole of foot, paw"
U+638F,掏,tāo,41,40,,,take out; pull out; clean out
U+6390,掐,qiā,7,5,,,hold; gather with hand; choke
U+6392,排,pái,2040,1585,,,"row, rank, line"
U+6396,掖,yē,23,17,,,"support with the arms; stick in, tuck in; fold up"
U+6398,掘,jué,99,83,,,"dig, excavate; excavate cave"
U+6399,掙,zhēng,2,2,,挣,"to strive, endeavor, struggle; to earn; to pierce; to wedge in"
U+639B,掛,guà,85,83,,挂,"hang, suspend; suspense"
U+63A0,掠,lüè,34,30,,,"rob, ransack, plunder; pass by"
U+63A1,採,cǎi,654,560,,采,"gather, collect; pick, select"
U+63A2,探,tàn,896,765,,,"find, locate; search, grope for"
U+63A3,掣,chè,11,11,,,"drag, pull; hinder by pulling back"
U+63A5,接,jiē,5083,4354,,,receive; continue; catch; connect
U+63A7,控,kòng,2195,1951,,,"accuse, charge; control"
U+63A8,推,tuī,4693,4227,,,"push, expel; push forward"
U+63A9,掩,yǎn,79,74,,,"to cover (with the hand); shut, conceal; ambush"
U+63AA,措,cuò,1743,1590,,,"place; collect, arrange; employ"
U+63AC,掬,jū,18,18,,,to grasp or hold with both hands
U+63AE,掮,qián,1,1,,,to bear on the shoulders
U+63B0,掰,bāi,7,5,,,"(Cant.) to tear, to rip"
U+63B3,掳,lǔ,5,5,擄,,"capture, seize"
U+63B4,掴,guāi,2,2,摑,,"box one's ears, slap"
U+63B7,掷,zhì,25,22,"掷,擲",掷,"throw, hurl, cast, fling"
U+63B8,掸,dǎn,1,1,撣,,to dust; a duster
U+63BA,掺,chān,12,12,摻,,"mix, blend, adulterate"
U+63BC,掼,guàn,1,1,摜,,"throw ground; know, be familiar"
U+63C0,揀,jiǎn,8,8,,拣,choose; select; pick up; gather
U+63C9,揉,róu,14,13,,,"rub, massage; crush by hand"
U+63CD,揍,zòu,2,2,,,"hit, beat; smash, break"
U+63CF,描,miáo,174,163,,,"copy, trace, sketch; depict"
U+63D0,提,tí,6336,5580,,,hold in hand; lift in hand
U+63D2,插,chā,154,129,,,"insert, stick into; plant"
U+63D6,揖,yī,1,1,,,"salute, bow; defer to, yield"
U+63DA,揚,yáng,83,73,,扬,"scatter, spread; praise"
U+63DB,換,huàn,218,185,,换,"change, exchange; substitute"
U+63E1,握,wò,312,301,,,"grasp, hold fast, take by hand"
U+63E3,揣,chuāi,32,31,,,put things under clothes
U+63EA,揪,jiū,6,6,,,"grasp with hand, pinch"
U+63EB,揫,jiū,1,1,,,"grasp with hand, pinch"
U+63ED,揭,jiē,322,303,,,"raise, lift up; surname"
U+63EE,揮,huī,111,100,,挥,direct; wipe away; squander
U+63F2,揲,dié,1,1,,,to sort out the stalks used in divination; to fold
U+63F4,援,yuán,881,726,,,"aid, assist; lead; cite"
U+63F9,揹,bēi,1,1,,,carry things on one's back
U+63FA,揺,yáo,3,3,,,"wag, swing, wave; shake; scull"
U+63FD,揽,lǎn,49,47,攬,,"grasp, take hold of; monopolize"
U+63FE,揾,wèn,2,1,"揾,搵",揾,wipe off; press down with knuckle
U+6400,搀,chān,1,1,攙,,give helping hand
U+6401,搁,gē,85,80,擱,,"place, put, lay down; delay"
U+6405,搅,jiǎo,24,24,攪,,"disturb, agitate, stir up"
U+640D,損,sǔn,153,115,,损,diminish; impair; injure; hexagram ䷨
U+640F,搏,bó,62,54,,,seize; spring upon; strike
U+6413,搓,cuō,32,29,,,to rub or roll between the hands
U+6416,搖,yáo,73,67,,摇,"wag, swing, wave; shake; scull"
U+6417,搗,dǎo,5,4,,捣,"hull; thresh; beat, attack"
U+641C,搜,sōu,455,380,,,"search, seek; investigate"
U+641E,搞,gǎo,162,152,,,"to clear, clarify"
U+642A,搪,táng,5,2,,,"ward off, evade; parry; block"
U+642C,搬,bān,124,105,,,"transfer, move, remove, shift"
U+642D,搭,dā,548,502,,,"join together, attach to; add to"
U+6436,搶,qiǎng,114,94,,抢,"plunder, rob, take by force"
U+643A,携,xié,181,176,"携,攜",携,"lead by hand, take with; carry"
U+6444,摄,shè,509,404,攝,,"take in, absorb; act as deputy"
U+6446,摆,bǎi,335,321,"摆,擺,襬",摆,"put, place; display; swing, sway"
U+6447,摇,yáo,194,177,搖,,"wag, swing, wave; shake; scull"
U+6448,摈,bìn,1,1,"摈,擯",摈,"exclude, expel, reject; usher"
U+644A,摊,tān,99,80,"摊,攤",摊,"spread out, open; apportion"
U+6452,摒,bìng,7,7,,,"expel, cast off; arrange"
U+6454,摔,shuāi,48,45,,,"fall to the ground; stumble, trip"
U+6458,摘,zhāi,355,340,,,"pluck, pick; select; specify"
U+6467,摧,cuī,56,54,,,"destroy, break, injure"
U+6469,摩,mó,686,558,,,"rub, scour, grind; friction"
U+646F,摯,zhì,17,16,,挚,"sincere, warm, cordial; surname"
U+6478,摸,mō,102,96,,,gently touch with hand; caress
U+6479,摹,mó,2,2,,,"trace, copy, duplicate; pattern"
U+647A,摺,zhé,10,6,摺,"折,摺","fold, bend; twisted, curved"
U+647B,摻,càn,2,2,,掺,"a delicate hand; mix, blend, adulterate"
U+6482,撂,liào,2,2,,,"put down, put aside; drop"
U+6485,撅,juē,1,1,,,"protrude; snap, break; dig"
U+6486,撆,piē,1,1,,,"to skim off, cast away"
U+6487,撇,piē,9,9,,,"discard, abandon, throw away"
U+6488,撈,lāo,26,17,,捞,"scoop out of water; dredge, fish"
U+6490,撐,chēng,102,97,,撑,"prop up, support; brace; to push off (with a pole)"
U+6491,撑,chēng,218,212,"撐,撑",撑,"prop up, support; brace"
U+6492,撒,sā,205,188,,,"release, cast away, let go; disperse; relax"
U+6493,撓,náo,3,3,,挠,"scratch; disturb, bother; submit"
U+6495,撕,sī,36,34,,,"rip, tear; buy cloth"
U+649E,撞,zhuàng,372,314,,,"knock against, bump into, collide"
U+64A3,撣,dǎn,2,2,,掸,to dust; a duster
U+64A4,撤,chè,478,420,,,omit; remove; withdraw
U+64A5,撥,bō,17,14,,拨,"move; dispel; distribute; plectrum, play stringed instrument"
U+64A9,撩,liāo,1,1,,,"lift up, raise; leave, depart"
U+64AB,撫,fǔ,18,10,,抚,"pat, console, comfort; pacify"
U+64AC,撬,qiào,11,11,,,"lift, raise; pry open"
U+64AD,播,bō,898,769,,,"sow, spread; broadcast; cast away, reject"
U+64AE,撮,cuō,9,8,,,"little bit, small amount, pinch"
U+64B0,撰,zhuàn,46,46,,,"compose, write, compile"
U+64B2,撲,pū,21,17,,扑,"pound, beat, strike; attack"
U+64B5,撵,niǎn,1,1,攆,,"drive away, expel, oust"
U+64B8,撸,lū,2,2,擼,,
U+64BC,撼,hàn,236,226,,,"move, shake; (Cant.) to fight"
U+64BE,撾,wō,42,28,,挝,to beat; to strike
U+64BF,撿,jiǎn,15,14,,捡,to pick up
U+64C0,擀,gǎn,6,5,,,roll flat
U+64C1,擁,yōng,150,144,,拥,"embrace, hug, squeeze; crowd"
U+64C2,擂,léi,19,7,,,"rub, grind; grind with a mortar and pestle; triturate"
U+64C4,擄,lǔ,1,1,,掳,"capture, seize"
U+64C5,擅,shàn,71,69,,,monopolize; claim; arbitrarily; to dare
U+64C7,擇,zé,109,101,,择,"select, choose, pick out"
U+64CA,擊,jī,434,341,,击,"strike, hit, beat; attack, fight"
U+64CB,擋,dǎng,19,19,,挡,to obstruct; shut out; shelter from; keep off; stop; resist
U+64CD,操,cāo,451,396,,,"conduct, run, control, manage"
U+64CE,擎,qíng,194,165,,,"lift up, hold up, support"
U+64D2,擒,qín,1,1,,,"catch, capture, seize, arrest"
U+64D4,擔,dān,255,225,,担,"carry, bear, undertake"
U+64D8,擘,bò,38,38,,,"thumb; break, tear open, rip"
U+64DA,據,jù,1405,1224,,据,"to occupy, take possession of; a base"
U+64E0,擠,jǐ,27,25,,挤,"crowd, squeeze, push against"
U+64E2,擢,zhuó,1,1,,,"pull up, draw up; select"
U+64E6,擦,cā,141,133,,,"wipe, scrub, rub, scour; brush"
U+64EC,擬,nǐ,86,76,,拟,"draft; intend, plan, propose"
U+64F0,擰,níng,9,7,,拧,"pinch; twist, wring; determined"
U+64F1,擱,gē,12,10,,搁,"place, put, lay down; delay"
U+64F2,擲,zhì,4,4,,掷,"throw (down), hurl, cast, fling"
U+64F4,擴,kuò,404,353,,扩,"expand, enlarge, stretch"
U+64F7,擷,xié,1,1,,撷,"pick up, gather up; hold in lap"
U+64FA,擺,bǎi,98,84,,摆,"put, place; display; swing, sway"
U+64FB,擻,sǒu,1,1,,擞,"shake, tremble, quake; flutter"
U+64FE,擾,rǎo,37,35,,扰,"disturb, annoy, agitate"
U+6500,攀,pān,283,271,,,climb; pull; hang on to
U+650F,攏,lǒng,13,11,,拢,"collect, bring together"
U+6512,攒,zǎn,12,12,攢,,"save, hoard"
U+6514,攔,lán,16,13,,拦,"obstruct, impede, bar, hinder"
U+6518,攘,rǎng,17,11,,,"seize, take by force; repel"
U+6519,攙,chān,3,3,,搀,"to give a helping hand; to support, hold up"
U+651C,攜,xié,81,78,,携,"lead by hand, take with; carry"
U+651D,攝,shè,149,122,,摄,"take in, absorb; act as deputy; administer, assist"
U+6522,攢,zǎn,6,6,,攒,"save, hoard"
U+6524,攤,tān,24,22,,摊,"spread out, open; apportion"
U+6525,攥,zuàn,2,2,,,(coll.) hold; grip; grasp
U+652A,攪,jiǎo,10,10,,搅,"disturb, agitate, stir up"
U+652B,攫,jué,4,4,,,"snatch away, seize; catch with"
U+652C,攬,lǎn,18,17,,揽,"grasp, take hold of; monopolize"
U+652F,支,zhī,3169,2712,,,"disperse, pay; support; branch"
U+6535,攵,pū,1,1,,,"rap, tap; radical number 66"
U+6536,收,shōu,5399,4252,,,"gather together, collect; harvest"
U+6538,攸,yōu,18,16,,,"distant, far; adverbial prefix"
U+6539,改,gǎi,2103,1880,,,"change, alter; improve, remodel"
U+653B,攻,gōng,650,594,,,"attack, assault; criticize"
U+653E,放,fàng,3869,3331,,,"put, release, free, liberate"
U+653F,政,zhèng,9193,7027,,,"government, political affairs"
U+6545,故,gù,1637,1425,,,"ancient, old; reason, because"
U+6548,效,xiào,1649,1492,,,"result, effect; effectiveness"
U+654C,敌,dí,172,165,敵,,"enemy, foe, rival; resist"
U+654F,敏,mǐn,214,205,,,"fast, quick, clever, smart"
U+6551,救,jiù,1051,779,,,"save, rescue, relieve; help, aid"
U+6554,敔,yǔ,1,1,,,gavel
U+6555,敕,chì,6,2,,,an imperial order or decree
U+6556,敖,áo,15,14,,,"ramble, play about; leisurely; surname"
U+6557,敗,bài,76,68,,败,"be defeated, decline, fail"
U+6558,敘,xù,34,24,,叙,"express, state, relate, narrate"
U+6559,教,jiào,1584,1204,,,"teach, class"
U+655B,敛,liǎn,11,11,斂,,"draw back, fold back; collect"
U+655D,敝,bì,3,3,,,"break, destroy; broken, tattered"
U+655E,敞,chǎng,50,49,,,"roomy, spacious, open, broad"
U+6562,敢,gǎn,202,180,,,"to dare, venture; bold, brave"
U+6563,散,sàn,645,575,,,"scatter, disperse, break up"
U+6566,敦,dūn,511,447,,,"esteem; honest, candid, sincere"
U+656C,敬,jìng,171,164,,,"respect, honor; respectfully"
U+6570,数,shù,7663,6037,"数,數",数,"number; several, count; fate"
U+6572,敲,qiāo,142,140,,,"strike, beat, pound, hammer; rap"
U+6574,整,zhěng,2041,1889,,,"orderly, neat, tidy; whole"
U+6575,敵,dí,33,29,,敌,"enemy, foe, rival; resist"
U+6577,敷,fū,12,11,,,"spread, diffuse; apply, paint"
U+6578,數,shù,1669,1227,,数,number; several; count; fate
U+6582,斂,liǎn,5,5,,敛,"draw back, fold back; collect"
U+6583,斃,bì,1,1,,毙,kill; die violent death
U+6587,文,wén,6046,4268,,,"literature, culture, writing"
U+6589,斉,qí,1,1,,,"even, uniform, of equal length"
U+658B,斋,zhāi,50,39,"斋,齋",斋,vegetarian diet; study
U+658C,斌,bīn,67,65,,,"refined, having both appearance"
U+658E,斎,zhāi,1,1,,,vegetarian diet; study
U+6590,斐,fěi,21,11,,,"graceful, elegant, beautiful"
U+6591,斑,bān,139,115,,,"mottled, striped, freckle"
U+6593,斓,lán,30,28,斕,,multicolored
U+6595,斕,lán,37,28,,斓,multicolored
U+6597,斗,dòu dǒu,344,307,"斗,鬥",斗,"a dipper; unit of volume (ten 升 or litres); Kangxi radical 68; 8th lunar mansion, determinative star φ Sagittarii"
U+6599,料,liào,2363,1844,,,"consider, conjecture; materials, ingredients"
U+659C,斜,xié,59,52,,,"slanting, sloping, inclined"
U+659F,斟,zhēn,5,5,,,to pour wine or tea into a cup; to gauge
U+65A1,斡,wò,32,28,,,"revolve, rotate, turn"
U+65A4,斤,jīn,238,180,,,"a catty (approximately 600 g); an axe; keen, shrewd; Kangxi radical 69"
U+65A5,斥,chì,157,153,,,"to scold, upbraid, accuse, reproach"
U+65A7,斧,fǔ,26,24,,,"axe, hatchet; chop, hew"
U+65A9,斩,zhǎn,39,36,斬,,"cut, chop, sever; behead"
U+65AC,斬,zhǎn,12,9,,斩,"cut, chop, sever; behead"
U+65AD,断,duàn,1535,1415,"断,斷",断,"sever, cut off; interrupt"
U+65AF,斯,sī,8470,5528,,,"this, thus, such; to lop off; emphatic particle"
U+65B0,新,xīn,20562,15210,,,"new, recent, fresh, modern"
U+65B7,斷,duàn,355,328,,断,"sever, cut off; interrupt"
U+65B9,方,fāng,9115,7440,,,"a square, rectangle; a region; local"
U+65BC,於,yú,2520,2173,,于,"in, at, on; interjection alas!"
U+65BD,施,shī,3430,2990,,,"grant, bestow; give; act; name"
U+65C1,旁,páng,116,115,,,"side; by side, close by, near"
U+65C5,旅,lǚ,2358,1621,,,"trip, journey; travel; traveler; hexagram ䷷"
U+65CB,旋,xuán,212,189,"旋,鏇",旋,"revolve, move in orbit; return"
U+65CE,旎,nǐ,10,9,,,fluttering of flag; romantic
U+65CF,族,zú,1473,996,,,"a family clan, ethnic group, tribe"
U+65D6,旖,yǐ,10,9,,,romantic; tender; charming
U+65D7,旗,qí,1116,989,,,"banner, flag, streamer"
U+65E0,无,wú,3086,2705,"无,無",无,"negative, no, not; Kangxi radical 71"
U+65E2,既,jì,278,273,,,already; de facto; since; then
U+65E5,日,rì,37602,22777,,,sun; day; daytime
U+65E6,旦,dàn,348,312,,,dawn; morning; day
U+65E7,旧,jiù,333,308,舊,,"old, ancient; former, past"
U+65E8,旨,zhǐ,326,322,,,"purpose, aim; excellent"
U+65E9,早,zǎo,1802,1622,,,early; soon; morning
U+65EC,旬,xún,290,266,,,ten-day period; period of time
U+65ED,旭,xù,121,96,,,rising sun; brilliance; radiant
U+65F1,旱,hàn,127,105,,,drought; dry; dry land
U+65F3,旳,dì,1,1,,,"possessive, adjectival suffix"
U+65F6,时,shí,9824,8229,"时,時",时,"time, season; era, age, period"
U+65F7,旷,kuàng,32,32,"旷,曠",旷,"extensive, wide, broad; empty"
U+65FA,旺,wàng,259,214,,,prosper; prosperous; increase
U+65FB,旻,mín,18,13,,,heaven
U+6600,昀,yún,1,1,,,sun light; used in personal names
U+6602,昂,áng,174,165,,,"rise, raise; proud, bold; upright"
U+6606,昆,kūn,190,147,,,elder brother; descendants
U+6607,昇,shēng,19,16,,,"rise, ascent; peaceful; peace"
U+660A,昊,hào,16,13,,,summer time; sky; heaven
U+660C,昌,chāng,281,232,,,"light of sun; good, proper"
U+660E,明,míng,4691,4131,,,"bright, light, brilliant; clear"
U+660F,昏,hūn,41,36,,,"dusk, nightfall, twilight, dark"
U+6613,易,yì,4219,3380,,,change; easy
U+6614,昔,xī,57,55,,,formerly; ancient; in beginning
U+6615,昕,xīn,8,6,,,dawn; early morning; day
U+6619,昙,tán,10,10,曇,,"become cloudy, overcast"
U+661C,昜,yáng,3,1,,𠃓,"to open out, to expand; bright, glorious"
U+661F,星,xīng,6239,4835,,,"a star, planet; any point of light; 25th lunar mansion, determinative star α Hydrae (Alphard)"
U+6620,映,yìng,797,723,,,project; reflect light
U+6625,春,chūn,2298,1475,,,spring; wanton
U+6627,昧,mèi,7,7,,,"obscure, dark; darken"
U+6628,昨,zuó,466,441,,,"yesterday; in former times, past"
U+662D,昭,zhāo,78,65,,,"bright, luminous; illustrious"
U+662F,是,shì,23240,17264,,,"indeed, yes, right; to be; demonstrative pronoun, this, that"
U+6631,昱,yù,9,7,,,"bright light, sunlight; dazzling"
U+6634,昴,mǎo,4,1,,,"18th lunar mansion, determinative star 17 Tauri (Electra)"
U+6635,昵,nì,4,3,,,"intimate, close; approach"
U+6636,昶,chǎng,5,4,,,a long day. bright. extended. clear
U+663A,昺,bǐng,1,1,,,"bright, glorious; brilliant"
U+663C,昼,zhòu,11,10,"昼,晝",昼,"daytime, daylight"
U+663E,显,xiǎn,3065,2868,顯,,"manifest, display; evident, clear"
U+6642,時,shí,3141,2493,,时,"time, season; era, age, period"
U+6643,晃,huǎng,33,29,,,"bright, dazzling; to sway, shake"
U+6649,晉,jìn,58,46,,晋,"advance, increase; promote; hexagram ䷢"
U+664B,晋,jìn,138,124,"晉,晋",晋,"advance, increase; promote"
U+664F,晏,yàn,6,5,,,"peaceful, quiet; clear; late in the day"
U+6652,晒,shài,60,53,"晒,曬",晒,"dry in sun, expose to sun"
U+6653,晓,xiǎo,119,109,曉,,"dawn, daybreak; clear, explicit"
U+6655,晕,yūn,27,27,暈,,"halo in sky; fog; dizzy, faint"
U+6656,晖,huī,29,28,暉,,"sunshine; light, bright, radiant"
U+6657,晗,hán,10,10,,,pre-dawn
U+665A,晚,wǎn,1458,1284,,,"night, evening; late"
U+665D,晝,zhòu,11,10,,昼,"daytime, daylight"
U+665F,晟,chéng,15,13,,,"clear, bright; splendor, brightness"
U+6664,晤,wù,222,195,,,have interview with; meet
U+6666,晦,huì,7,7,,,"dark, unclear, obscure; night"
U+6668,晨,chén,540,501,,,"early morning, daybreak"
U+6669,晩,wǎn,1,1,,,night
U+666E,普,pǔ,4919,3878,,,"universal, general, widespread"
U+666F,景,jǐng,2704,2333,,,"scenery, view; conditions"
U+6670,晰,xī,106,101,,,"clear, evident; clearly"
U+6674,晴,qíng,70,65,,,"clear weather, fine weather"
U+6676,晶,jīng,1119,787,,,"crystal; clear, bright; radiant"
U+6678,晸,zhěng,2,1,,,appearance of the sun
U+667A,智,zhì,2968,2346,,,"wisdom, knowledge, intelligence"
U+667E,晾,liàng,27,19,,,air-dry; sun-dry
U+6682,暂,zàn,816,769,暫,,temporary
U+6684,暄,xuān,10,10,,,"warm, comfortable; warm, genial"
U+6687,暇,xiá,14,14,,,"leisure, relaxation, spare time"
U+6688,暈,yūn,12,9,,晕,"halo in sky; fog; dizzy, faint"
U+6689,暉,huī,10,9,,晖,"sunshine; light, bright, radiant"
U+668C,暌,kuí,2,2,,,in opposition; distant from; separated
U+6691,暑,shǔ,328,197,,,hot
U+6696,暖,nuǎn,556,490,,,"warm, genial"
U+6697,暗,àn,340,323,,,"dark; obscure; in secret, covert"
U+6698,暘,yáng,1,1,,旸,rising sun; sunshine
U+66A2,暢,chàng,74,69,,畅,"smoothly, freely, unrestrained"
U+66A8,暨,jì,172,162,,,"and; attain, reach; confines"
U+66AB,暫,zàn,114,96,,暂,temporary
U+66AE,暮,mù,28,25,,,"evening, dusk, sunset; ending"
U+66B1,暱,nì,1,1,,,"intimate, close; approach"
U+66B4,暴,bào,1247,1087,,,"violent, brutal, tyrannical"
U+66B9,暹,xiān,5,4,,,"rise; advance, go forward"
U+66BE,暾,tūn,1,1,,,"morning sun, sunrise"
U+66C6,曆,lì,91,84,,历,"calendar, era"
U+66C7,曇,tán,1,1,,昙,"become cloudy, overcast"
U+66C9,曉,xiǎo,44,36,,晓,"dawn, daybreak; clear, explicit"
U+66D9,曙,shǔ,26,25,,,"bright, light of rising sun"
U+66DC,曜,yào,1,1,,,"glorious, as sun; daylight, sunlight; one of the seven planets of pre-modern astronomy (the sun, the moon, Mercury, Venus, Mars, Jupiter, and Saturn)"
U+66DD,曝,pù,140,132,,,"sun, air in sun, expose or dry in the sun"
U+66E0,曠,kuàng,4,4,,旷,"extensive, wide, broad; empty"
U+66E6,曦,xī,18,16,,,"sunlight, sunshine, early dawn"
U+66EC,曬,shài,35,24,,晒,"dry in sun, expose to sun"
U+66F0,曰,yuē,7,6,,,say; Kangxi radical 73
U+66F2,曲,qū,396,324,"曲,麯",曲,"crooked, bent; wrong, false"
U+66F3,曳,yè,34,34,,,"trail, tow, drag, pull"
U+66F4,更,gèng,5235,4539,,,"more, still further, much more; to change, alter"
U+66F8,書,shū,473,350,,书,"book, letter, document; writings"
U+66F9,曹,cáo,60,52,,,ministry officials; surname
U+66FC,曼,màn,507,415,,,"long, extended, vast; beautiful"
U+66FE,曾,céng,1273,1222,,,already; sign of past
U+66FF,替,tì,412,383,,,"change, replace, substitute for"
U+6700,最,zuì,11923,10161,,,"most, extremely, exceedingly"
U+6703,會,huì,4362,2604,,会,"to assemble, meet together; a meeting; an organization"
U+6708,月,yuè,20320,15509,,,moon; month; Kangxi radical 74
U+6709,有,yǒu,19420,15301,,,"have, own, possess; exist"
U+670B,朋,péng,439,393,,,"friend, pal, acquaintance"
U+670D,服,fú,2242,1803,,,"clothes; wear, dress"
U+6710,朐,qú,1,1,,,warm
U+6714,朔,shuò,36,26,,,first day of lunar month; the north
U+6717,朗,lǎng,3563,2555,,,"clear, bright; distinct"
U+671B,望,wàng,2368,2222,,,"to look at, look forward; to hope, expect"
U+671D,朝,cháo,986,665,,,dynasty; morning
U+671F,期,qī,12043,10146,,,period of time; date; time limit
U+6725,朥,láo,4,1,,𦛨,
U+6726,朦,méng,12,11,,,condition or appearance of moon
U+6727,朧,lóng,1,1,,胧,condition or appearance of moon
U+6728,木,mù,847,634,,,"tree; wood, lumber; wooden"
U+672A,未,wèi,3562,3324,,,not yet; eighth earthly branch
U+672B,末,mò,527,487,,,"final, last, end; insignificant"
U+672C,本,běn,18146,11308,,,"root, origin, source; basis"
U+672D,札,zhá,27,18,,,"letter, note; correspondence"
U+672F,术,shù,2327,1918,"术,術",术,"art, skill, special feat; method, technique"
U+6731,朱,zhū,191,148,"朱,硃",朱,"cinnabar, vermilion; surname"
U+6734,朴,pǔ,54,48,"朴,樸",朴,"simple, unadorned; sincere; surname; a tree"
U+6735,朵,duǒ,96,79,,,cluster of flowers; earlobe
U+673A,机,jī,8948,6244,"机,機",机,desk; machine; moment
U+673D,朽,xiǔ,11,11,,,"decayed, rotten; rot, decay"
U+6740,杀,shā,343,307,殺,,"kill, slaughter, murder; hurt"
U+6742,杂,zá,421,392,雜,,"mixed, blended; mix, mingle"
U+6743,权,quán,1727,1474,"权,權",权,"power, right, authority"
U+6746,杆,gān,143,116,"杆,桿",杆,pole; shaft of spear
U+6749,杉,shān,176,129,,,various species of pine and fir
U+674E,李,lǐ,880,669,,,plum; judge; surname
U+674F,杏,xìng,61,38,,,apricot; almond
U+6750,材,cái,1048,824,,,"material, stuff; timber; talent"
U+6751,村,cūn,1030,701,,,"village, hamlet; uncouth, vulgar"
U+6756,杖,zhàng,9,9,,,"cane, walking stick"
U+675C,杜,dù,327,256,,,"stop, prevent; restrict; surname"
U+675E,杞,qǐ,17,15,,,willow; medlar tree; a small feudal state (Qi)
U+675F,束,shù,882,842,,,"bind, control, restrain; bale"
U+6760,杠,gàng,83,62,,,"lever, pole, crowbar; sharpen"
U+6761,条,tiáo,1110,1004,條,,"clause, condition; string, stripe"
U+6765,来,lái,14580,12204,來,,"come, coming; return, returning"
U+6768,杨,yáng,240,186,楊,,"willow, poplar, aspen; surname"
U+676A,杪,miǎo,10,10,,,"tip of twig, top of tree; twig"
U+676D,杭,háng,270,203,,,cross stream; navigate
U+676F,杯,bēi,558,397,,,"cup, glass"
U+6770,杰,jié,190,176,"傑,杰",杰,"hero; heroic, outstanding"
U+6771,東,dōng,1915,1315,,东,"east, eastern, eastward"
U+6774,杴,xiān,1,1,,,shovel; trough used to carry water
U+6777,杷,pá,5,2,,,loquat
U+677E,松,sōng,1021,777,"松,鬆",松,pine tree; fir tree
U+677F,板,bǎn,993,790,"板,闆",板,"plank, board; iron or tin plate"
U+6781,极,jí,1407,1225,"极,極",极,"extreme, utmost, furthest, final"
U+6784,构,gòu,1938,1760,"构,構",构,"frame, building, structure"
U+6787,枇,pí,5,2,,,loquat
U+6789,枉,wǎng,7,7,,,"useless, in vain; bent, crooked"
U+6790,析,xī,1568,1477,,,split wood; break apart; divide
U+6795,枕,zhěn,33,24,,,pillow
U+6797,林,lín,1713,1317,,,"forest, grove; surname"
U+679A,枚,méi,257,208,,,"stalk of shrub, trunk of tree"
U+679C,果,guǒ,5818,4557,,,fruit; result
U+679D,枝,zhī,171,139,,,"branches, limbs; branch off"
U+679E,枞,cōng,5,3,樅,,fir tree
U+67A2,枢,shū,69,66,樞,,door hinge; pivot; center of power
U+67A3,枣,zǎo,11,10,棗,,"date tree; dates, jujubes; surname"
U+67AA,枪,qiāng,343,237,槍,,"spear, lance; gun, rifle"
U+67AB,枫,fēng,17,11,楓,,maple tree
U+67AD,枭,xiāo,5,4,梟,,an owl ; ill-omen
U+67AF,枯,kū,38,37,,,"dried out, withered, decayed"
U+67B1,枱,tái,1,1,,,"a table, desk"
U+67B6,架,jià,1191,992,,,"rack, stand, prop; prop up"
U+67B7,枷,jiā,2,2,,,cangue scaffold
U+67B8,枸,gǒu,12,10,,,kind of aspen found in Sichuan
U+67B9,枹,bāo,1,1,,,drumstick
U+67C4,柄,bǐng,14,13,,,"handle, lever, knob; authority"
U+67CA,柊,zhōng,1,1,,,holly
U+67CF,柏,bǎi bó,123,114,,,"cypress, cedar"
U+67D0,某,mǒu,305,288,,,certain thing or person
U+67D1,柑,gān,26,14,,,"tangerine, loose-skinned orange"
U+67D2,柒,qī,17,12,,,number seven
U+67D3,染,rǎn,1078,827,,,dye; be contagious; infect
U+67D4,柔,róu,264,222,,,"soft; gentle, pliant"
U+67DA,柚,yòu,15,6,,,"pomelo, grapefruit"
U+67DC,柜,guì,59,53,"柜,櫃",柜,"cabinet, cupboard; shop counter"
U+67DE,柞,zhà,4,4,,,oak; spinous evergreen tree; to clear away trees
U+67E0,柠,níng,32,16,檸,,lemon
U+67E5,查,chá,2544,2094,,,"investigate, examine, seek into"
U+67E9,柩,jiù,8,7,,,coffin which contains corpse
U+67EC,柬,jiǎn,265,157,,,"letter, invitation; choose"
U+67EF,柯,kē,215,159,,,"axe-handle; stalk, bough; surname"
U+67F1,柱,zhù,147,129,,,"pillar, post; support; lean on"
U+67F3,柳,liǔ,112,85,,,"willow tree; pleasure; 24th lunar mansion, determinative star δ Hydrae"
U+67F4,柴,chái,129,98,,,"firewood, faggots, fuel"
U+67F5,柵,shān,5,4,,栅,fence; palisade; grid
U+67FF,柿,shì,47,19,,,persimmon
U+6803,栃,lì,6,6,,,type of oak; stable
U+6805,栅,zhà,13,13,"柵,栅",栅,fence; palisade; grid
U+6807,标,biāo,2520,2220,"标,標",标,"mark, symbol, label, sign; stand the bole of a tree"
U+6808,栈,zhàn,12,12,棧,,"warehouse; tavern, inn"
U+6809,栉,zhì,1,1,櫛,,"comb; comb out; weed out, eliminate"
U+680B,栋,dòng,82,73,棟,,main beams supporting house
U+680F,栏,lán,338,331,欄,,"railing, balustrade; animal pen"
U+6811,树,shù,467,336,樹,,"tree; plant; set up, establish"
U+6813,栓,shuān,57,49,,,"wooden peg, post or stick"
U+6816,栖,qī,65,59,"栖,棲",栖,perch; roost; stay
U+6817,栗,lì,27,25,"慄,栗",栗,"chestnut tree, chestnuts; surname"
U+6821,校,xiào,744,556,,,school; military field officer
U+6822,栢,bǎi,1,1,,,"cypress, cedar"
U+6829,栩,xǔ,82,39,,,"species of oak; be glad, be pleased"
U+682A,株,zhū,354,279,,,numerary adjunct for trees; root
U+6837,样,yàng,1764,1647,樣,,"shape, form, pattern, style"
U+6838,核,hé,1875,1335,,,"seed, kernel, core, nut; atom"
U+6839,根,gēn,1889,1755,,,"root, base(d on); foundation"
U+683C,格,gé,4791,3810,,,"pattern, standard, form; style"
U+683D,栽,zāi,54,45,,,"to cultivate, plant; to care for plants"
U+683E,栾,luán,1,1,"栾,欒",栾,name of tree; a part of cornice
U+6840,桀,jié,1,1,,,chicken roost; ancient emperor
U+6841,桁,héng,16,11,,,cross-beams of roof
U+6842,桂,guì,159,123,,,cassia or cinnamon
U+6843,桃,táo,209,152,,,peach; marriage; surname
U+6845,桅,wéi,2,2,,,mast of ship
U+6846,框,kuàng kuāng,307,265,,,frame; framework; door frame
U+6848,案,àn,2062,1704,,,"table, bench; legal case"
U+6849,桉,ān,1,1,,,eucalyptus
U+684C,桌,zhuō,202,190,,,"table, desk, stand"
U+684E,桎,zhì,3,3,,,"fetters, shackles, handcuffs"
U+6850,桐,tóng,58,33,,,name applied various trees
U+6851,桑,sāng,225,179,,,mulberry tree; surname
U+6853,桓,huán,1,1,,,variety of tree; surname
U+6854,桔,jié,4,4,,,Chinese bellflower; well-swept; the inner fibers of corn-stalks
U+6862,桢,zhēn,1,1,楨,,"hardwood; supports, posts"
U+6863,档,dàng,289,235,檔,,"shelf; frame, crosspiece"
U+6865,桥,qiáo,501,315,橋,,"bridge; beam, crosspiece"
U+6866,桦,huà,24,21,樺,,type of birch
U+6867,桧,guì,3,1,檜,,"Chinese cypress, Chinese juniper"
U+6868,桨,jiǎng,12,11,槳,,"oar, paddle"
U+6869,桩,zhuāng,47,36,樁,,"stake, post; affair, matter"
U+6876,桶,tǒng,208,165,,,"pail, bucket, tub; cask, keg"
U+687F,桿,gǎn,25,19,,杆,pole; stick; club; pole as unit
U+6881,梁,liáng,265,200,,,bridge; beam; rafters; surname
U+6885,梅,méi,415,311,,,plums; prunes; surname
U+688F,梏,gù,3,3,,,"handcuffs, manacles, fetters"
U+6893,梓,zǐ,10,5,,,"Chinese catalpa, Catalpa ovata"
U+6897,梗,gěng,28,26,,,"stem of flower, branch of plant"
U+689D,條,tiáo,409,331,,条,"clause, condition; string, stripe"
U+68A2,梢,shāo,9,8,,,pointed tip of something long like a branch; rudder
U+68A6,梦,mèng,361,308,"夢,梦",梦,dream; visionary; wishful
U+68A7,梧,wú,18,16,,,"Chinese parasol tree, Sterculia platanifolia"
U+68A8,梨,lí,107,71,,,"pear; opera; cut, slash"
U+68AD,梭,suō,80,74,,,weaver's shuttle; go to and fro
U+68AF,梯,tī,176,117,,,"ladder, steps, stairs; lean"
U+68B0,械,xiè,228,189,,,"weapons; implements, instruments"
U+68B3,梳,shū,52,49,,,comb; brush
U+68B5,梵,fàn,54,35,,,"Buddhist, Sanskrit"
U+68B6,梶,wěi,8,8,,,"oar, shaft"
U+68BD,梽,zhì,1,1,,,place name in Hunan
U+68BF,梿,lián,234,116,槤,,a flail
U+68C0,检,jiǎn,1032,817,檢,,check; examine
U+68C2,棂,líng,3,3,欞,,carved or patterned window sills
U+68C4,棄,qì,55,50,,弃,"reject, abandon, discard"
U+68C9,棉,mián,153,103,,,cotton; cotton padded
U+68CB,棋,qí,132,76,,,chess; any game similar to chess
U+68CD,棍,gùn,27,22,,,"stick, cudgel; scoundrel"
U+68D2,棒,bàng,154,127,,,"stick, club, truncheon; hit"
U+68D5,棕,zōng,135,87,,,hemp palm; palm tree
U+68D7,棗,zǎo,5,5,,枣,"date tree; dates, jujubes; surname"
U+68D8,棘,jí,26,26,,,"jujube tree; thorns, brambles"
U+68DA,棚,péng,45,38,,,"tent, awning; booth; shed"
U+68DF,棟,dòng,22,16,,栋,the main beams supporting a house
U+68E0,棠,táng,11,9,,,crab apple tree; wild plums
U+68E7,棧,zhàn,8,6,,栈,"warehouse; tavern, inn"
U+68E8,棨,qǐ,2,1,,,tally or wooden pass
U+68EE,森,sēn,588,478,,,forest; luxuriant vegetation
U+68F1,棱,léng,13,12,,,"squared timber; angle, edge"
U+68F2,棲,qī,45,40,,栖,perch; roost; stay
U+68F5,棵,kē,68,57,,,numerary adjunct for trees
U+68FA,棺,guān,24,15,,,coffin
U+6901,椁,guǒ,1,1,槨,,outer-coffin; vault
U+6905,椅,yǐ,54,49,,,"chair, seat"
U+690B,椋,liáng,1,1,,,fruit
U+690D,植,zhí,516,402,,,"plant, trees, plants; grow"
U+690E,椎,zhuī,15,10,,,"hammer, mallet; vertebra"
U+6910,椐,jū,1,1,,,
U+6912,椒,jiāo,124,86,,,"pepper, spices"
U+692A,椪,pèng,5,3,,,"Machilus nanmu, variety of evergreen"
U+692D,椭,tuǒ,9,9,橢,,"oval-shaped, elliptical, tubular"
U+6930,椰,yē,64,39,,,"palm tree, coconut palm"
U+693F,椿,chūn,3,2,,,father; a plant with white flowers
U+6942,楂,zhā,4,3,,,"a raft, to hew, to fell trees"
U+694A,楊,yáng,78,54,,杨,"willow, poplar, aspen; surname"
U+6953,楓,fēng,15,11,,枫,maple tree
U+6954,楔,xiē,2,2,,,wedge; gatepost; foreword
U+695A,楚,chǔ,188,171,,,name of feudal state; clear
U+695E,楞,léng,20,17,,,used for Ceylon in Buddhist texts
U+6960,楠,nán,14,13,,,"name of tree, Machilus nanmu"
U+6963,楣,méi,3,2,,,crossbeam above or under gate
U+696B,楫,jí,4,3,,,"oar, paddle"
U+696D,業,yè,3404,2062,,业,"profession, business, trade"
U+696F,楯,dùn shǔn,1,1,,,shield; horizontal bar
U+6973,楳,méi,3,1,,,plums; prunes; surname
U+6975,極,jí,471,376,,极,"extreme, utmost, furthest, final"
U+6977,楷,kǎi,6,6,,,model style of Chinese writing
U+6978,楸,qiū,2,2,,,"Mallotus japonicus, East Asian mallotus, (J) akamegashiwa"
U+6979,楹,yíng,7,4,,,"column, pillar; numerary adjunct"
U+697C,楼,lóu,472,357,"楼,樓",楼,building of two or more stories
U+697D,楽,lè,1,1,,,"happy, glad; enjoyable; music"
U+6980,榀,pǐn,1,1,,,classifier for roof beams
U+6982,概,gài,348,317,,,"generally, approximately"
U+6984,榄,lǎn,40,26,欖,,olive
U+6986,榆,yú,11,9,,,elm tree
U+6988,榈,lǘ,39,27,櫚,,palm
U+698A,榊,shén,2,2,,,a sacred Shinto tree
U+698E,榎,jiǎ,1,1,,,small evergreen shrub
U+6994,榔,láng,5,5,,,betel-nut tree
U+6995,榕,róng,27,19,,,banyan tree
U+699B,榛,zhēn,3,3,,,"hazelnut; thicket, underbrush"
U+699C,榜,bǎng,382,310,,,placard; list of successful exam candidates
U+69A7,榧,fěi,1,1,,,type of yew
U+69A8,榨,zhà,21,19,,,to press or extract juices; a press to extract juices; a vegetable
U+69AB,榫,sǔn,13,10,,,mortise and tenon; fit into
U+69AD,榭,xiè,5,3,,,"kiosk, pavilion"
U+69AE,榮,róng,115,97,,荣,"glory, honor; flourish, prosper"
U+69B4,榴,liú,295,155,,,pomegranate
U+69B7,榷,què,2,2,,,"footbridge; toll, levy; monopoly"
U+69BB,榻,tà,18,12,,,"cot, couch, bed"
U+69C3,槃,pán,7,7,,,"tray; turn, rotate; search"
U+69CB,構,gòu,554,459,,构,"frame, building, structure"
U+69CC,槌,chuí,1,1,,,"hammer, mallet; strike, beat"
U+69CD,槍,qiāng,70,42,,枪,"spear, lance; gun, rifle"
U+69D0,槐,huái,3,2,,,locust tree
U+69D3,槓,gàng,29,21,,,"lever, pole, crowbar; sharpen; (Cant.) a wardrobe, trunk"
U+69DB,槛,kǎn,64,63,檻,,"threshold, door-sill"
U+69DF,槟,bīn,216,141,檳,,"betel-nut, areca nut"
U+69E4,槤,lián,1,1,,梿,a flail
U+69F3,槳,jiǎng,14,12,,桨,"oar, paddle"
U+69FD,槽,cáo,81,77,,,"trough; manger; vat, tank; groove; a distillery"
U+69FF,槿,jǐn,10,7,,,hibiscus
U+6A01,樁,zhuāng,13,12,,桩,"stake, post; affair, matter"
U+6A02,樂,lè,492,349,,乐,"happy, glad; enjoyable; music"
U+6A05,樅,cōng,4,3,,枞,fir tree
U+6A0A,樊,fán,34,27,,,a railing; a fence an enclosed place
U+6A0B,樋,tōng,2,2,,,tree name
U+6A11,樑,liáng,16,13,,,bridge; beam
U+6A13,樓,lóu,155,111,,楼,building of two or more stories
U+6A19,標,biāo,786,671,,标,"a mark, symbol, label, sign; standard"
U+6A1E,樞,shū,58,45,,枢,door hinge; pivot; center of power
U+6A1F,樟,zhāng,47,40,,,camphor tree
U+6A21,模,mó,3336,2727,,,"model, standard, pattern; copy"
U+6A23,樣,yàng,599,518,,样,"shape, form, pattern, style"
U+6A2A,横,héng,179,160,橫,,across
U+6A31,樱,yīng,128,63,櫻,,"cherry, cherry blossom"
U+6A38,樸,pǔ,19,19,,朴,"simple, honest; plain; rough"
U+6A39,樹,shù,240,169,,树,"tree; plant; set up, establish"
U+6A3A,樺,huà,7,5,,桦,type of birch
U+6A3D,樽,zūn,3,2,,,"goblet; jar, jug; lush"
U+6A44,橄,gǎn,39,28,,,olive
U+6A47,橇,qiāo,7,4,,,a sledge for transportation
U+6A48,橈,ráo,1,1,,桡,bent or twisted piece of wood; a paddle
U+6A4B,橋,qiáo,381,181,,桥,"bridge; beam, crosspiece"
U+6A58,橘,jú,42,30,,,"orange, tangerine"
U+6A59,橙,chéng,48,37,,,orange
U+6A5F,機,jī,2806,1614,,机,"machine; moment, chance"
U+6A61,橡,xiàng,79,47,,,chestnut oak; rubber tree; rubber
U+6A62,橢,tuǒ,1,1,,椭,"oval-shaped, elliptical, tubular"
U+6A6B,橫,héng,102,88,,横,"across, horizontal, lateral"
U+6A71,橱,chú,7,6,櫥,,"cabinet, wardrobe, cupboard"
U+6A7F,橿,jiāng,1,1,,,a kind of oak
U+6A8E,檎,qín,1,1,,,small red apple
U+6A90,檐,yán,18,18,,,"eaves of house; brim, rim"
U+6A94,檔,dàng,82,54,,档,"shelf; frame, crosspiece"
U+6A9C,檜,guì,1,1,,桧,"Chinese cypress, Chinese juniper"
U+6AA2,檢,jiǎn,209,150,,检,check; examine
U+6AAC,檬,méng,30,15,,,type of locust tree or acacia
U+6AAF,檯,tái,7,6,,台,table
U+6AB3,檳,bīn,2,1,,槟,"betel-nut, areca nut"
U+6ABB,檻,kǎn,8,8,,槛,"threshold, door-sill"
U+6AC3,櫃,guì,36,24,,柜,"cupboard, wardrobe, counter"
U+6AC6,櫆,kuí,1,1,,,"Polaris, the north star"
U+6AD3,櫓,lǔ,2,2,,橹,"oar, scull; row"
U+6ADA,櫚,lǘ,1,1,,榈,palm
U+6ADB,櫛,zhì,4,4,,栉,"comb out; weed out, eliminate"
U+6ADF,櫟,lì,2,2,,栎,chestnut-leaved oak; oak
U+6AE5,櫥,chú,1,1,,橱,"cabinet, wardrobe, cupboard"
U+6AFA,櫺,líng,1,1,,,carved or patterned window sills
U+6AFB,櫻,yīng,86,29,,樱,"cherry, cherry blossom"
U+6B04,欄,lán,21,19,,栏,"railing, balustrade; animal pen"
U+6B0A,權,quán,451,303,,权,"power, right, authority"
U+6B12,欒,luán,3,2,,栾,name of tree; a part of cornice
U+6B16,欖,lǎn,7,7,,榄,olive
U+6B20,欠,qiàn,69,57,,,"owe, lack, be deficient; Kangxi radical 76"
U+6B21,次,cì,7467,6231,,,"order, sequence; next"
U+6B22,欢,huān,715,666,"歡,欢",欢,"happy, pleased, glad; joy; enjoy"
U+6B23,欣,xīn,199,181,,,"happy, joyous, delighted"
U+6B27,欧,ōu,2891,1910,歐,,translit.: Europe; ohm; surname
U+6B32,欲,yù,94,90,,,"desire, want, long for; intend"
U+6B3A,欺,qī,120,104,,,"cheat, double-cross, deceive"
U+6B3D,欽,qīn,73,45,,钦,"respect, admire; respectful"
U+6B3E,款,kuǎn,2348,1909,,,"item, article; clause; fund"
U+6B46,歆,xīn,2,2,,,"like, admire; willingly, gladly; to quicken"
U+6B47,歇,xiē,77,70,,,"rest, stop, lodge"
U+6B49,歉,qiàn,118,107,,,"deficient, lacking, insufficient"
U+6B4C,歌,gē,1278,929,,,"song, lyrics; sing, chant; praise"
U+6B4E,歎,tàn,6,6,,,"sigh, admire"
U+6B50,歐,ōu,696,415,,欧,"used in transliterating non-Chinese words such as Europe, ohm; surname"
U+6B59,歙,shè,12,6,,,to suck; a county's name in anhui
U+6B61,歡,huān,309,269,,欢,"happy, pleased, glad; joy; to enjoy"
U+6B62,止,zhǐ,1987,1791,,,"stop, halt, desist; detain"
U+6B63,正,zhèng,8014,7175,,,"right, proper, correct"
U+6B64,此,cǐ,4965,4691,,,"this, these; in this case, then"
U+6B65,步,bù,2900,2651,,,"step, pace; walk, stroll"
U+6B66,武,wǔ,1262,959,,,"military; martial, warlike"
U+6B67,歧,qí,221,207,,,fork of road; branching off
U+6B6A,歪,wāi,18,17,,,"slant; inclined; askew, awry"
U+6B72,歲,suì,423,355,,岁,year; age; harvest
U+6B74,歴,lì,35,32,,,"take place, past, history"
U+6B77,歷,lì,822,710,,历,history; past; to take place
U+6B78,歸,guī,148,120,,归,"return; return to, revert to"
U+6B79,歹,dǎi,10,10,,,"bad, vicious, depraved, wicked"
U+6B7B,死,sǐ,1394,1167,,,die; dead; death
U+6B7C,歼,jiān,28,20,殲,,"annihilate, wipe out, kill off"
U+6B7F,歿,mò,1,1,,殁,die; death; dead
U+6B81,殁,mò,1,1,歿,,die; death; dead
U+6B83,殃,yāng,9,9,,,"misfortune, disaster, calamity"
U+6B86,殆,dài,5,5,,,"dangerous, perilous; endanger"
U+6B87,殇,shāng,1,1,殤,,die young; national mourning
U+6B89,殉,xùn,11,9,,,"die for cause, be martyr for"
U+6B8A,殊,shū,163,161,,,"different, special, unusual"
U+6B8B,残,cán,160,136,殘,,"injure, spoil; oppress; broken"
U+6B92,殒,yǔn,1,1,殞,,"die, perish; vanish; fall"
U+6B93,殓,liàn,1,1,殮,,dress corpse for burial
U+6B96,殖,zhí,231,149,,,"breed, spawn; increase; prosper"
U+6B98,殘,cán,42,31,,残,"injure, spoil; oppress; broken"
U+6B9A,殚,dān,1,1,殫,,"utmost, entirely, quite; use up"
U+6BA1,殡,bìn,15,9,"殡,殯",殡,encoffin; embalm; funeral
U+6BA4,殤,shāng,2,2,,殇,die young; national mourning
U+6BAE,殮,liàn,2,1,,殓,dress corpse for burial
U+6BB2,殲,jiān,15,9,,歼,"annihilate, wipe out, kill off"
U+6BB4,殴,ōu,10,10,毆,,"beat, fight with fists, hit"
U+6BB5,段,duàn,1355,1227,,,"section, piece, division"
U+6BB7,殷,yīn,46,32,,,"many, great; abundant, flourishing"
U+6BBA,殺,shā,127,85,,杀,"kill, slaughter, murder; hurt; to pare off, reduce, clip"
U+6BBC,殼,ké,28,21,,壳,"casing, shell, husk, hull, skin"
U+6BBF,殿,diàn,85,64,,,hall; palace; temple
U+6BC0,毀,huǐ,33,29,,毁,"destroy, ruin, injure; slander"
U+6BC1,毁,huǐ,228,216,毀,,destroy
U+6BC2,毂,gǔ,3,2,轂,,hub of wheel
U+6BC5,毅,yì,361,272,,,"resolute, decisive, firm, persist"
U+6BC6,毆,ōu,3,3,,殴,"beat, fight with fists, hit; to strike, brawl"
U+6BCB,毋,wú,9,8,,,do not; not; surname; rad. 80
U+6BCD,母,mǔ,780,647,,,mother; female elders; female
U+6BCF,每,měi,2449,2201,,,"every, each"
U+6BD2,毒,dú,1253,888,,,"poison, venom; poisonous"
U+6BD3,毓,yù,5,4,,,"give birth to; bring up, educate"
U+6BD4,比,bǐ,7219,5623,,,"to compare, liken; comparison; than; hexagram ䷇"
U+6BD5,毕,bì,210,161,畢,,"end, finish, conclude; completed"
U+6BD7,毗,pí,6,6,,,"help, assist; connect, adjoin"
U+6BD9,毙,bì,27,27,斃,,kill; die violent death
U+6BDB,毛,máo,389,321,,,"hair, fur, feathers; coarse"
U+6BE1,毡,zhān,3,3,"毡,氈",毡,"felt; rug, carpet"
U+6BEB,毫,háo,250,226,,,fine hair; measure of length
U+6BEF,毯,tǎn,30,28,,,"rug, carpet, blanket"
U+6BFD,毽,jiàn,13,7,,,a shuttlecock
U+6C02,氂,máo,5,3,,牦,tail; hair; yak
U+6C06,氆,pǔ,4,4,,,"thick, rough serge from Tibet"
U+6C08,氈,zhān,1,1,,毡,"felt; rug, carpet"
U+6C0C,氌,lǔ,4,4,,氇,thick rough serge from Tibet
U+6C0F,氏,shì,238,196,,,"clan, family; mister"
U+6C11,民,mín,8605,6370,,,"people, subjects, citizens"
U+6C13,氓,máng,1,1,,,people; subjects; vassals
U+6C14,气,qì,2892,2165,"气,氣",气,"steam, vapor; Kangxi radical 84"
U+6C16,氖,nǎi,6,4,,,"neon (element 10, Ne)"
U+6C19,氙,xiān,1,1,,,"xenon (element 54, Xe)"
U+6C1A,氚,chuān,28,22,,,tritium
U+6C1B,氛,fēn,223,216,,,"gas, vapor, air"
U+6C1F,氟,fú,31,20,,,"fluorine (element 9, F)"
U+6C22,氢,qīng,174,88,氫,,ammonia; hydrogen nitride
U+6C23,氣,qì,791,559,,气,"air, gas, steam, vapor; spirit"
U+6C24,氤,yīn,10,9,,,"hanging fog, misty"
U+6C26,氦,hài,11,5,,,"helium (element 2, He)"
U+6C27,氧,yǎng,285,210,,,"oxygen (element 8, O)"
U+6C28,氨,ān,80,35,,,ammonia; hydrogen nitride
U+6C29,氩,yà,1,1,氬,,"argon (element 18, Ar)"
U+6C2A,氪,kè,22,16,,,"krypton (element 36, Kr)"
U+6C2B,氫,qīng,47,23,,氢,"hydrogen (element 1, H)"
U+6C2E,氮,dàn,48,32,,,"nitrogen (element 7, N)"
U+6C2F,氯,lǜ,22,15,,,"chlorine (element 17, Cl)"
U+6C30,氰,qíng,3,3,,,cyanogen; ethane dinitrile
U+6C32,氲,yūn,4,4,氳,,life giving influences of nature; spirit of harmony; prosperity
U+6C33,氳,yūn,6,5,,氲,life giving influences of nature; spirit of harmony; prosperity
U+6C34,水,shuǐ,5595,4026,,,"water, liquid, lotion, juice"
U+6C35,氵,shuǐ,4,4,,,water; radical number 85
U+6C38,永,yǒng,536,447,,,"long, perpetual, eternal, forever"
U+6C39,氹,dàng,1,1,,,ditch; pool
U+6C3E,氾,fán fàn,1,1,,,"overflow, flood, inundate"
U+6C40,汀,tīng,38,31,,,"sandbar, beach, bank, shore"
U+6C41,汁,zhī,108,100,,,"juice, liquor, fluid, sap, gravy, sauce"
U+6C42,求,qiú,4543,4010,,,"seek; demand, request; beseech"
U+6C46,汆,cuān,1,1,,,to parboil; hot water kettle; to boil
U+6C47,汇,huì,796,585,"匯,彙",,"concourse; flow together, gather"
U+6C49,汉,hàn,543,399,漢,,Chinese people; Chinese language
U+6C4A,汊,chà,2,1,,,a branching stream
U+6C50,汐,xī,59,39,,,"night tides, evening ebb tide"
U+6C55,汕,shàn,80,65,,,basket for catching fish; bamboo; Swatow (Shantou)
U+6C57,汗,hàn,194,140,,,"perspiration, sweat"
U+6C59,汙,wū,2,2,,,"filthy, dirty, impure, polluted"
U+6C5B,汛,xùn,48,37,,,"high water, flood tides"
U+6C5C,汜,sì,1,1,,,a stream which leaves the main branch then later returns
U+6C5D,汝,rǔ,8,8,,,you
U+6C5E,汞,gǒng,4,3,,,"mercury (element 80, Hg)"
U+6C5F,江,jiāng,2255,1512,,,large river; the Yangzi; surname
U+6C60,池,chí,1540,878,,,"pool, pond; moat; cistern"
U+6C61,污,wū,215,180,,,"filthy, dirty, impure, polluted"
U+6C64,汤,tāng,307,206,湯,,"hot water; soup, gravy, broth"
U+6C68,汨,mì,1,1,,,Mi(luo) river in Hunan province where Qu Yuan drowned himself; to sink; (used erroneously for 汩)
U+6C69,汩,gǔ,6,3,,,run swiftly
U+6C6A,汪,wāng,56,43,,,"vast, extensive, deep; surname"
U+6C70,汰,tài,71,67,,,"excessive; scour, wash out"
U+6C72,汲,jí,17,17,,,draw water from well; imbibe
U+6C74,汴,biàn,1,1,,,name of a river in Henan; Henan
U+6C76,汶,wèn,44,28,,,a river in Shandong province
U+6C79,汹,xiōng,38,26,"汹,洶",汹,"turbulent; noisy, restless"
U+6C7A,決,jué,617,487,,决,"decide, determine, judge"
U+6C7D,汽,qì,3655,2245,,,"steam, vapor, gas"
U+6C7E,汾,fén,13,11,,,river in Shanxi province
U+6C81,沁,qìn,39,28,,,"soak into, seep in, percolate"
U+6C82,沂,yí,10,6,,,river in southeast Shandong
U+6C83,沃,wò,342,277,,,"water, irrigate; fertile, rich"
U+6C85,沅,yuán,3,3,,,name of a river in western Hunan that flows into Dongting lake
U+6C86,沆,hàng,2,2,,,a ferry; fog; flowing
U+6C88,沈,shěn chén,98,75,"沈,瀋",沈,"sink, submerge; addicted to; surname"
U+6C89,沉,chén,462,419,,,"sink, submerge; addicted to"
U+6C8B,沋,yóu,1,1,,,
U+6C8C,沌,dùn,1,1,,,"chaotic, confused; turbid, murky"
U+6C90,沐,mù,23,22,,,"bathe, cleanse, wash, shampoo"
U+6C92,沒,méi,418,391,,没,"not, have not, none; to drown, sink"
U+6C93,沓,dá tà,16,16,,,"connected, joined; repeated"
U+6C96,沖,chōng,74,61,,冲,"pour, infuse, steep; wash away"
U+6C99,沙,shā,1542,1066,,,"sand, gravel, pebbles; granulated"
U+6C9B,沛,pèi,15,15,,,"abundant, full, copious; sudden"
U+6C9F,沟,gōu,174,160,溝,,"ditch, drain, narrow waterway"
U+6CA1,没,méi,2485,2279,"沒,没",没,"not, have not, none; drown, sink"
U+6CA5,沥,lì,3,3,瀝,,"trickle, drip; strain; dregs"
U+6CA6,沦,lún,36,36,淪,,"be lost; sink, be submerged"
U+6CA7,沧,cāng,29,23,滄,,"blue, dark green; cold"
U+6CAA,沪,hù,53,46,"沪,滬",沪,Shanghai; river near Shanghai
U+6CAB,沫,mò,199,156,,,"froth, foam, bubbles, suds"
U+6CAE,沮,jǔ,20,20,,,"stop, prevent; defeated, dejected"
U+6CB1,沱,tuó,16,6,,,"rivers, streams, waterways; flow"
U+6CB3,河,hé,2155,1464,,,river; stream; the Yellow River
U+6CB8,沸,fèi,44,41,,,"boil, bubble up, gush"
U+6CB9,油,yóu,2845,1606,,,"oil, fat, grease, lard; paints"
U+6CBB,治,zhì,2536,2185,,,"govern, regulate, administer"
U+6CBC,沼,zhǎo,26,21,,,"lake, fishpond, swamps"
U+6CBD,沽,gū,9,8,,,buy and sell; inferior in quality
U+6CBE,沾,zhān,13,10,,,"moisten, wet, soak; touch"
U+6CBF,沿,yán,359,339,,,"follow a course, go along"
U+6CC1,況,kuàng,281,270,,况,"condition, situation; furthermore"
U+6CC4,泄,xiè,175,149,,,leak; vent; flow; reveal
U+6CC9,泉,quán,286,210,,,"spring, fountain; wealth, money"
U+6CCA,泊,pō,173,139,,,anchor vessel; lie at anchor
U+6CCC,泌,mì,13,11,,,"to seep out, excrete"
U+6CD3,泓,hóng,7,6,,,"clear, deep pool of water"
U+6CD4,泔,gān,1,1,,,"water from washing rice to boil thick, as gruel"
U+6CD5,法,fǎ,6550,4991,,,"law, rule, regulation, statute; France, French"
U+6CD7,泗,sì,9,7,,,mucous; nasal flow; sniffle; river in Shandong
U+6CDB,泛,fàn,476,465,,,"to drift, float; careless, reckless"
U+6CDC,泜,zhī,1,1,,,a river in Hebei province
U+6CDE,泞,nìng,2,2,濘,,"mud; miry, muddy, stagnant"
U+6CE1,泡,pào,416,282,,,"bubbles, suds; blister; soak"
U+6CE2,波,bō,1818,1546,,,"waves, breakers; undulations"
U+6CE3,泣,qì,10,10,,,"cry, sob, weep"
U+6CE5,泥,ní,192,154,,,"mud, mire; earth, clay; plaster"
U+6CE8,注,zhù,1893,1789,"注,註",注,"concentrate, focus, direct"
U+6CEA,泪,lèi,63,58,"泪,淚",泪,"tears; weep, cry"
U+6CEE,泮,pàn,1,1,,,Zhou dynasty school; disperse; fall apart
U+6CEF,泯,mǐn,2,2,,,"destroy, eliminate; perish"
U+6CF0,泰,tài,1695,1046,,,"great, exalted, superior; big; hexagram ䷊"
U+6CF1,泱,yāng,2,1,,,"great, expansive; agitated"
U+6CF3,泳,yǒng,325,162,,,dive; swim
U+6CF5,泵,bèng,19,16,,,pump (English loan word)
U+6CF8,泸,lú,16,13,瀘,,river in Jiangxi province
U+6CFB,泻,xiè,38,36,瀉,,"drain off, leak; flow, pour down"
U+6CFC,泼,pō,101,72,潑,,"pour, splash, water, sprinkle"
U+6CFD,泽,zé,216,189,澤,,"marsh, swamp; grace, brilliance"
U+6CFE,泾,jīng,7,6,涇,,name of a river
U+6D01,洁,jié,175,153,潔,,"clean, purify, pure"
U+6D04,洄,huí,11,9,,,a back-water; an eddy a whirlpool
U+6D0B,洋,yáng,3599,3338,,,"ocean, sea; foreign; western"
U+6D12,洒,sǎ,58,56,"洒,灑",洒,sprinkle; scatter; pour; to wipe away; to shiver
U+6D17,洗,xǐ,278,219,,,"wash, rinse; clean, purify"
U+6D19,洙,zhū,13,11,,,name of a river in Shandong
U+6D1B,洛,luò,468,362,,,river in Shanxi province; city
U+6D1E,洞,dòng,326,233,,,"cave, grotto; ravine; hole"
U+6D25,津,jīn,407,274,,,ferry; saliva; ford
U+6D29,洩,xiè,11,11,,,"leak, drip; vent or release"
U+6D2A,洪,hóng,442,355,,,"vast, immense; flood, deluge"
U+6D2E,洮,táo,1,1,,,cleanse; river in Gansu province
U+6D31,洱,ěr,52,38,,,a lake in Yunnan
U+6D32,洲,zhōu,3449,2522,,,continent; island; islet
U+6D36,洶,xiōng,3,3,,汹,"the rush of water; turbulent; noisy, restless"
U+6D38,洸,guāng,1,1,,,"sparkle, glitter"
U+6D39,洹,huán,1,1,,,river in Henan province
U+6D3B,活,huó,3387,2913,,,"live, exist, survive; lively"
U+6D3C,洼,wā,12,11,"洼,窪",洼,hollow; pit; depression; swamp
U+6D3D,洽,qià,75,70,,,"to blend with, be in harmony; to penetrate; to cover; a river in Shenxi"
U+6D3E,派,pài,610,534,,,"school of thought, sect, branch"
U+6D41,流,liú,3597,3035,,,"flow, circulate, drift; class"
U+6D45,浅,qiǎn,152,135,"浅,淺",浅,"shallow, not deep; superficial"
U+6D46,浆,jiāng,51,41,漿,,any thick fluid; starch; broth
U+6D47,浇,jiāo,28,28,澆,,"spray, water, sprinkle"
U+6D4A,浊,zhuó,9,8,濁,,"muddy, turbid, dirty, filthy"
U+6D4B,测,cè,1864,1539,測,,"measure, estimate, conjecture"
U+6D4E,济,jì,4551,3376,濟,,"help, aid, relieve; ferry, cross"
U+6D4F,浏,liú,88,74,瀏,,clear; bright; whistling
U+6D51,浑,hún,32,32,渾,,"muddy, turbid; blend, merge, mix"
U+6D52,浒,hǔ,1,1,滸,,"riverbank, shore"
U+6D53,浓,nóng,266,236,濃,,"thick, strong, concentrated"
U+6D59,浙,zhè,362,285,,,Zhejiang province; river
U+6D5A,浚,jùn,10,8,,,dredge
U+6D5C,浜,bāng,41,23,,,"creek, stream; beach, sea coast"
U+6D63,浣,huàn,2,2,,,"to wash, to rinse"
U+6D66,浦,pǔ,128,104,,,"bank of river, shore; surname"
U+6D69,浩,hào,128,103,,,"great, numerous, vast, abundant"
U+6D6A,浪,làng,772,677,,,"wave; wasteful, reckless"
U+6D6C,浬,lǐ,1,1,,,"nautical mile; knot, nautical mile per hour"
U+6D6E,浮,fú,302,259,,,"to float, drift, waft; to exceed; superfluous"
U+6D74,浴,yù,70,60,,,"bathe, wash; bath"
U+6D77,海,hǎi,9681,6176,,,"sea, ocean; maritime"
U+6D78,浸,jìn,185,171,,,"soak, immerse, dip, percolate"
U+6D79,浹,jiā,1,1,,浃,"saturate, drench; damp, wet"
U+6D82,涂,tú,83,65,"塗,涂",涂,surname; name of certain rivers
U+6D85,涅,niè,33,30,,,"blacken; black mud, slime"
U+6D87,涇,jīng,4,3,,泾,name of a river
U+6D88,消,xiāo,4631,3911,,,"vanish, die out; melt away"
U+6D89,涉,shè,1037,945,,,"ford stream, wade across"
U+6D8C,涌,yǒng,295,280,,,"surge up, bubble up, gush forth"
U+6D8E,涎,xián,6,6,,,saliva
U+6D91,涑,sù,3,1,,,river in Shansi province
U+6D93,涓,juān,1,1,,,"brook, stream; select; pure"
U+6D95,涕,tì,2,2,,,"tear; snivel, nasal mucus"
U+6D9B,涛,tāo,77,72,"涛,濤",涛,large waves
U+6D9D,涝,lào,28,25,澇,,"inundate, flood; torrent"
U+6D9F,涟,lián,10,10,漣,,flowing water; ripples; weeping
U+6DA0,涠,wéi,1,1,潿,,still water
U+6DA1,涡,wō,37,33,渦,,"swirl, whirlpool, eddy"
U+6DA4,涤,dí,7,7,滌,,"wash, cleanse, purify; sweep"
U+6DA6,润,rùn,1011,779,潤,,"soft, moist; sleek; freshen"
U+6DA7,涧,jiàn,4,4,澗,,"brook, mountain stream"
U+6DA8,涨,zhǎng,3747,2440,漲,,rise in price
U+6DA9,涩,sè,25,21,澀,,"astringent; harsh; uneven, rough"
U+6DAA,涪,fú,8,6,,,river in Sichuan province
U+6DAE,涮,shuàn,11,8,,,rinse; cook or boil in juice
U+6DAF,涯,yá,68,64,,,"shore, bank, water's edge"
U+6DB2,液,yè,387,300,,,"sap, juice, liquid, fluid"
U+6DB5,涵,hán,169,165,,,"soak, wet; tolerate, be lenient"
U+6DB8,涸,hé,16,15,,,"dried up; exhausted, tired; dry"
U+6DBC,涼,liáng,56,36,,凉,"cool, cold; disheartened"
U+6DBF,涿,zhuō,6,4,,,"drip, dribble, trickle"
U+6DC0,淀,diàn,46,36,"淀,澱",淀,"shallow water, swamp; swampy"
U+6DC4,淄,zī,22,12,,,river in Shandong province
U+6DC5,淅,xī,1,1,,,water used wash rice; to wash rice
U+6DC6,淆,xiáo,11,11,,,"confused, in disarray, mixed up"
U+6DC7,淇,qí,42,30,,,river in Henan province
U+6DCB,淋,lín,74,62,,,"drip, soak, drench; perfectly"
U+6DCC,淌,tǎng,25,25,,,trickle; flow down; drip
U+6DD1,淑,shū,24,19,,,"good, pure, virtuous, charming"
U+6DD6,淖,nào,11,10,,,slush; mud
U+6DD8,淘,táo,123,110,,,wash in a sieve; weed out
U+6DDA,淚,lèi,39,35,,泪,"tears; weep, cry"
U+6DDE,淞,sōng,5,5,,,name of a river in Jiangsu
U+6DE0,淠,pì,2,1,,,name of a river in Anhui
U+6DE1,淡,dàn,288,254,,,"weak, watery; insipid, tasteless"
U+6DE4,淤,yū,10,9,,,"mud, sediment; clog up, silt up"
U+6DE5,淥,lù,1,1,,渌,strain; (Cant.) to scald
U+6DE6,淦,gàn,1,1,,,river in Jiangxi province; water leaking into a boat
U+6DE8,淨,jìng,50,42,,,"pure, clean, unspoiled"
U+6DE9,淩,líng,28,24,,,"pass over, cross, traverse"
U+6DEA,淪,lún,12,11,,沦,"be lost; sink, be submerged"
U+6DEB,淫,yín,5,5,,,"obscene, licentious, lewd"
U+6DEC,淬,cuì,11,10,,,"temper; dye; soak; change, alter"
U+6DEE,淮,huái,53,29,,,river in Anhui province
U+6DF1,深,shēn,2296,1953,,,"deep; depth; far; very, extreme"
U+6DF3,淳,chún,81,71,,,"honest, simple, unsophisticated; cyanogen; ethane dinitrile"
U+6DF5,淵,yuān,14,13,,渊,"gulf, abyss, deep"
U+6DF6,淶,lái,1,1,,涞,river in Hebei province; creek
U+6DF7,混,hùn,583,507,,,"to mix, blend, mingle; to bumble along"
U+6DF9,淹,yān,65,63,,,"drown; cover with liquid, steep"
U+6DFA,淺,qiǎn,29,22,,浅,"shallow, not deep; superficial"
U+6DFB,添,tiān,280,261,,,"append, add to; increase"
U+6DFC,淼,miǎo,3,3,,,a wide expanse of water
U+6E05,清,qīng,2092,1726,,,"clear, pure, clean; peaceful"
U+6E08,済,jì,1,1,,,"help, aid, relieve; ferry, cross"
U+6E0A,渊,yuān,34,33,"淵,渊",渊,"surge up, bubble up, gush forth"
U+6E0B,渋,sè,1,1,,,"astringent; harsh; uneven, rough"
U+6E0C,渌,lù,2,1,淥,,strain
U+6E0D,渍,zì,4,4,漬,,"soak, steep; dye; stains; sodden"
U+6E0E,渎,dú,5,5,瀆,,"ditch, sluice, gutter, drain"
U+6E10,渐,jiàn,407,367,漸,,gradually
U+6E11,渑,miǎn,1,1,澠,,name of a river in Shandong
U+6E14,渔,yú,246,171,漁,,to fish; seize; pursue; surname
U+6E15,渕,yuān,1,1,,,"surge up, bubble up, gush forth"
U+6E17,渗,shèn,33,33,滲,,"soak through, infiltrate"
U+6E1A,渚,zhǔ,29,16,,,"small sand bank, islet"
U+6E1B,減,jiǎn,666,489,,减,"decrease, subtract, diminish"
U+6E1D,渝,yú,70,41,,,change; chongqing
U+6E20,渠,qú,106,97,,,"ditch, canal, channel, gutter"
U+6E21,渡,dù,228,192,,,"cross, ferry over; ferry"
U+6E23,渣,zhā,24,21,,,"refuse, dregs, lees, sediment"
U+6E24,渤,bó,38,25,,,swelling; (渤海) the Bohai Sea
U+6E25,渥,wò,9,8,,,"moisten, soak; great, deep; dye; to enrich"
U+6E26,渦,wō,11,9,,涡,"swirl, whirlpool, eddy"
U+6E29,温,wēn,1217,1044,"温,溫",温,lukewarm
U+6E2C,測,cè,547,392,,测,"measure, estimate, conjecture"
U+6E2D,渭,wèi,15,10,,,name of a river in Shanxi
U+6E2F,港,gǎng,3010,1682,,,"port, harbor; small stream; bay"
U+6E32,渲,xuàn,18,18,,,add repeated washes of color
U+6E34,渴,kě,61,60,,,"thirsty, parched; yearn, pine"
U+6E38,游,yóu,3058,1947,,,"to swim; float, drift; wander, roam"
U+6E3A,渺,miǎo,22,21,,,"endlessly long, boundless, vast"
U+6E3C,渼,měi,1,1,,,ripples
U+6E3E,渾,hún,10,9,,浑,"muddy, turbid; blend, merge, mix"
U+6E43,湃,pài,28,27,,,sound of waves; turbulent
U+6E44,湄,méi,24,16,,,"water's edge, shore, bank"
U+6E4A,湊,còu,6,6,,凑,"piece together, assemble"
U+6E4D,湍,tuān,8,8,,,"rapid water current, rapids"
U+6E54,湔,jiān,2,2,,,"wash, cleanse; purge"
U+6E56,湖,hú,1200,731,,,"a lake; Hubei, Hunan; bluish-green"
U+6E58,湘,xiāng,35,23,,,alternate name for Hunan
U+6E5B,湛,zhàn,40,35,,,"deep; profound; clear; tranquil, placid"
U+6E5F,湟,huáng,11,6,,,river in Qinghai province
U+6E67,湧,yǒng,47,44,,,well up; gush forth; rise
U+6E6F,湯,tāng,47,31,,汤,"hot water; soup, gravy, broth"
U+6E7E,湾,wān,3323,2122,"湾,灣",湾,"bay, cove, inlet, bend of stream"
U+6E7F,湿,shī,115,81,濕,,"wet, moist, humid, damp; illness"
U+6E83,溃,kuì,83,81,潰,,flooding river; militarily defeat
U+6E85,溅,jiàn,14,13,濺,,"sprinkle, spray; spill, splash"
U+6E86,溆,xù,1,1,漵,,river in Húnán
U+6E89,溉,gài,21,16,,,"water, irrigate, flood; wash"
U+6E8F,溏,táng,1,1,,,"pool; not hardened, semi-soft"
U+6E90,源,yuán,3641,3013,,,"spring; source, head; surname"
U+6E96,準,zhǔn,434,374,,准,"rule, guideline, standard"
U+6E9C,溜,liū,34,26,,,"slide, glide, slip; slippery"
U+6E9D,溝,gōu,76,65,,沟,"ditch, drain, narrow waterway"
U+6E9F,溟,míng,2,1,,,"drizzling rain; dark, obscure"
U+6EA2,溢,yì,162,152,,,"overflow, brim over; full"
U+6EA5,溥,pǔ,8,5,,,"big, great, vast, wide; widespread"
U+6EA7,溧,lì,2,2,,,river in Anhui and Jiangsu provinces
U+6EAA,溪,xī,170,140,,,"mountain stream, creek"
U+6EAB,溫,wēn,349,283,,温,"lukewarm, warm; tepid, mild"
U+6EAF,溯,sù,82,78,,,"go upstream, go against current; formerly"
U+6EB1,溱,qín,1,1,,,river in Henan
U+6EB6,溶,róng,42,34,,,"to melt, dissolve; overflowing with"
U+6EB7,溷,hùn,1,1,,,"privy, latrine; turbid, dirty"
U+6EBA,溺,nì,17,16,,,drown; submerge in water; indulge
U+6EBC,溼,shī,3,2,,,"damp, moist; dampness, moisture"
U+6EBD,溽,rù,1,1,,,"moist, humid, muggy"
U+6EC1,滁,chú,4,3,,,district in Anhui province
U+6EC2,滂,pāng,2,2,,,torrential; voluminous
U+6EC4,滄,cāng,27,13,,沧,"blue, dark green; cold"
U+6EC5,滅,miè,42,37,,灭,"extinguish; wipe out, exterminate"
U+6EC7,滇,diān,45,28,,,Yunnan province
U+6EC9,滉,huàng,1,1,,,deep
U+6ECB,滋,zī,110,97,,,"grow, multiply, increase; thrive"
U+6ECE,滎,xíng,2,1,,荥,county in Henan; rising and dashing of waves
U+6ED1,滑,huá,996,831,,,"slip, slide; slippery, polished"
U+6ED4,滔,tāo,14,10,,,"overflow; rushing water, a torrent"
U+6ED5,滕,téng,36,24,,,an ancient state in Shandong province; water bursting forth
U+6ED8,滘,jiào,7,6,,,a branching river (used in place names)
U+6ED9,滙,huì,1,1,,,waters converging to one spot; whirling waters; to remit money
U+6EDA,滚,gǔn,136,94,"滚,滾",滚,turn
U+6EDD,滝,lóng,4,4,,,onomatopoeic for the sound of falling rain; an ancient name for Wu Shui; a place in Guangdong
U+6EDE,滞,zhì,217,208,滯,,"block up, obstruct; stagnant"
U+6EDF,滟,yàn,2,2,灧,,"overflowing, billowing; wavy"
U+6EE1,满,mǎn,1451,1253,滿,,"fill; full, satisfied"
U+6EE2,滢,yíng,3,2,瀅,,"clear, pure water; lucid; glossy"
U+6EE4,滤,lǜ,40,32,濾,,"strain out, filter"
U+6EE5,滥,làn,103,98,濫,,"flood, overflow; excessive"
U+6EE6,滦,luán,5,5,"滦,灤",滦,river and county in Hebei province
U+6EE8,滨,bīn,251,164,"滨,濱",滨,"beach, sea coast; river bank"
U+6EE9,滩,tān,146,135,"滩,灘",滩,"bank, a sandbar, shoal; rapids"
U+6EEC,滬,hù,35,24,,沪,Shanghai; river near Shanghai
U+6EEF,滯,zhì,56,52,,滞,"block up, obstruct; stagnant"
U+6EF2,滲,shèn,17,15,,渗,"soak through, infiltrate"
U+6EF4,滴,dī,184,88,,,drip; drop of water
U+6EF7,滷,lǔ,1,1,,"卤,𰛮","thick gravy, sauce, broth; brine"
U+6EFB,滻,chǎn,1,1,,浐,a river in Shaanxi
U+6EFE,滾,gǔn,51,38,,滚,"turn, roll, rotate; boil"
U+6EFF,滿,mǎn,674,547,,满,"fill; full, satisfied"
U+6F01,漁,yú,141,72,,渔,to fish; seize; pursue; surname
U+6F02,漂,piào,148,134,,,"float, drift; tossed about"
U+6F04,漄,yá,2,1,,,
U+6F06,漆,qī,36,29,,,"varnish, lacquer, paint"
U+6F09,漉,lù,4,2,,,"filter, strain; wet, dripping"
U+6F0F,漏,lòu,172,146,,,"leak, drip; funnel; hour glass"
U+6F13,漓,lí,19,17,"漓,灕",漓,river in Guangxi province; water dripping
U+6F14,演,yǎn,1895,1546,,,"perform, put on; exercise"
U+6F15,漕,cáo,3,3,,,transport by water; canal transportation
U+6F20,漠,mò,234,161,,,"desert; aloof, indifferent, cool"
U+6F22,漢,hàn,238,156,,汉,"the Chinese people, Chinese language"
U+6F23,漣,lián,5,5,,涟,flowing water; ripples; weeping
U+6F29,漩,xuán,12,12,,,"eddy, whirlpool"
U+6F2A,漪,yī,16,15,,,ripples on water; swirling
U+6F2B,漫,màn,779,643,,,overflow of water; spreading
U+6F2F,漯,luò,4,3,,,river in northern Shandong
U+6F31,漱,shù,4,4,,,"gargle, rinse; wash, scour"
U+6F32,漲,zhǎng,925,554,,涨,rise in price
U+6F33,漳,zhāng,42,26,,,name of a river in Henan
U+6F38,漸,jiàn,118,106,,渐,gradually; hexagram ䷴
U+6F3E,漾,yàng,16,14,,,"overflow; swirl, ripple; to be tossed by waves"
U+6F3F,漿,jiāng,11,10,,浆,any thick fluid; starch; broth
U+6F41,潁,yǐng,1,1,,颍,river in Anhui
U+6F47,潇,xiāo,10,9,瀟,,sound of beating wind and rain
U+6F4B,潋,liàn,2,2,瀲,,"waves, ripples; overflow"
U+6F4D,潍,wéi,7,4,濰,,county in Shandong province
U+6F51,潑,pō,28,18,,泼,"pour, splash, water, sprinkle; violent, malignant"
U+6F54,潔,jié,52,43,,洁,"clean, purify, pure"
U+6F58,潘,pān,150,128,,,surname; water in which rice has been rinsed; a river that flows into the Han
U+6F5B,潛,qián,68,52,,潜,"hide; hidden, secret, latent"
U+6F5C,潜,qián,474,429,潛,,"hide; hidden, secret, latent"
U+6F5E,潞,lù,1,1,,,a county in Yunnan
U+6F5F,潟,xì,27,20,,,land impregnated with salt from the tide
U+6F62,潢,huáng,2,2,,,"expanse of water, lake, pond"
U+6F64,潤,rùn,270,167,,润,"soft, moist; sleek; freshen"
U+6F66,潦,liáo,3,3,,,to flood; a puddle; without care
U+6F6D,潭,tán,60,42,,,"deep pool, lake; deep, profound"
U+6F6E,潮,cháo,1128,958,,,"tide; moist, wet, damp; flow"
U+6F6F,潯,xún,3,3,,浔,steep bank by stream; jiujiang
U+6F70,潰,kuì,20,17,,溃,flooding river; militarily defeat
U+6F78,潸,shān,1,1,,,weep; tears flowing
U+6F7A,潺,chán,18,9,,,sound of flowing water
U+6F7C,潼,tóng,6,4,,,"high, lofty; damp"
U+6F7F,潿,wéi,1,1,,涠,still water
U+6F80,澀,sè,15,11,,涩,"astringent; harsh; uneven, rough"
U+6F82,澂,chéng,1,1,,,clear and still water
U+6F84,澄,chéng,85,78,,,"purify water by allowing sediment to settle; clear, pure"
U+6F86,澆,jiāo,12,11,,浇,"spray, water, sprinkle"
U+6F87,澇,lào,8,7,,涝,"inundate, flood; torrent"
U+6F88,澈,chè,42,41,,,"thoroughly, completely"
U+6F8D,澍,shù,1,1,,,"timely rain, life-giving rain"
U+6F8E,澎,péng,36,34,,,splatter
U+6F97,澗,jiàn,5,4,,涧,"brook, mountain stream"
U+6F9C,澜,lán,49,43,瀾,,"overflowing; waves, ripples"
U+6FA1,澡,zǎo,26,19,,,"wash, bathe"
U+6FA4,澤,zé,72,54,,泽,"marsh, swamp; grace, brilliance; damp, moist; fertile"
U+6FA7,澧,lǐ,1,1,,,river in northern Hunan province
U+6FB1,澱,diàn,9,9,,淀,"sediment, dregs, precipitate"
U+6FB3,澳,ào,1148,683,,,"inlet, bay; dock, bank"
U+6FC0,激,jī,1313,1237,,,"arouse, excite, incite; quickly"
U+6FC1,濁,zhuó,2,2,,浊,"muddy, turbid, dirty, filthy"
U+6FC3,濃,nóng,116,94,,浓,"thick, strong, concentrated"
U+6FD1,濑,lài,7,7,瀨,,swift current; rapids
U+6FD2,濒,bīn,49,48,瀕,,"approach, be on verge of; near"
U+6FD5,濕,shī,92,59,,湿,"wet, moist, humid, damp; an illness"
U+6FDB,濛,méng,4,4,,蒙,"drizzling, misty, raining"
U+6FDE,濞,bì,2,1,,,a county in Yunnan; the sound made by turbulent water
U+6FDF,濟,jì,949,705,,济,"to help, aid, relieve; to ferry, cross"
U+6FE0,濠,háo,1,1,,,"moat, trench, ditch"
U+6FE1,濡,rú,2,2,,,"immerse, moisten; wet, damp"
U+6FE4,濤,tāo,30,22,,涛,large waves
U+6FEB,濫,làn,17,15,,滥,"flood, overflow; excessive"
U+6FEE,濮,pú,1,1,,,county in Henan province
U+6FEF,濯,zhuó,2,2,,,"wash out, rinse; cleanse"
U+6FF0,濰,wéi,5,4,,潍,county in Shandong province
U+6FF1,濱,bīn,174,108,,滨,"beach, sea coast; river bank"
U+6FFA,濺,jiàn,4,4,,溅,"sprinkle, spray; spill, splash"
U+6FFE,濾,lǜ,7,7,,滤,"strain out, filter"
U+7006,瀆,dú,1,1,,渎,"ditch, sluice, gutter, drain"
U+7009,瀉,xiè,9,8,,泻,"drain off, leak; flow, pour down"
U+700B,瀋,shěn,19,13,,"沈,渖","juice; liquid; water; leak, pour"
U+700F,瀏,liú,4,4,,浏,clear; bright; whistling
U+7011,瀑,pù,141,72,,,"waterfall, cascade; heavy rain"
U+7015,瀕,bīn,13,11,,濒,"approach, be on verge of; near"
U+7018,瀘,lú,5,4,,泸,river in Jiangxi province
U+701A,瀚,hàn,39,36,,,"vast, wide, extensive"
U+701B,瀛,yíng,2,2,,,"sea, ocean"
U+701D,瀝,lì,2,2,,沥,"trickle, drip; strain; dregs"
U+701E,瀞,jìng,2,1,,,pool in a river
U+701F,瀟,xiāo,11,11,,潇,"sound of beating wind and rain; light, ethereal"
U+7023,瀣,xiè,1,1,,,sea mist; vapor
U+7027,瀧,lóng,2,2,,泷,raining; wet; soaked; a river in Guangdong
U+7028,瀨,lài,4,4,,濑,swift current; rapids
U+7030,瀰,mí,9,9,,"㳽,弥",overflow
U+7032,瀲,liàn,1,1,,潋,"waves, ripples; overflow"
U+7039,瀹,yuè,1,1,,,"to boil; to wash, to cleanse, to soak"
U+703E,瀾,lán,38,31,,澜,"overflowing; waves, ripples"
U+704C,灌,guàn,77,60,,,"pour; water; irrigate, flood"
U+7051,灑,sǎ,29,27,,洒,"sprinkle, splash; scatter, throw"
U+7055,灕,lí,7,4,,漓,short name for Guangxi province
U+7058,灘,tān,62,48,,滩,"bank, a sandbar, shoal; rapids"
U+705E,灞,bà,1,1,,,river in Shanxi province
U+7063,灣,wān,685,427,,湾,"a bay, cove, inlet, bend of stream"
U+7064,灤,luán,4,3,,滦,river and county in Hebei province
U+7067,灧,yàn,1,1,,滟,"overflowing, billowing; wavy"
U+7069,灩,yàn,1,1,,,"overflowing, billowing; wavy"
U+706B,火,huǒ,3000,2161,,,"fire, flame; burn; anger, rage"
U+706D,灭,miè,195,170,滅,,"extinguish; wipe out, exterminate"
U+706F,灯,dēng,319,223,"灯,燈",灯,"lantern, lamp"
U+7070,灰,huī,119,104,,,"ashes; dust; lime, mortar"
U+7075,灵,líng,329,299,靈,,"spirit, soul; spiritual world"
U+7076,灶,zào,17,15,"灶,竈",灶,"kitchen stove, cooking stove"
U+7078,灸,jiǔ,15,8,,,cauterize with moxa; moxibustion
U+707C,灼,zhuó,72,66,,,burn; broil; cauterize; bright
U+707D,災,zāi,169,99,,灾,"calamity, disaster, catastrophe"
U+707E,灾,zāi,751,538,"災,灾",灾,"calamity, disaster, catastrophe"
U+707F,灿,càn,26,20,燦,,"vivid, illuminating; bright"
U+7081,炁,qì,1,1,,,"breath, air, steam, gas. weather. used in Taoist charms"
U+7086,炆,wén,1,1,,,"(Cant.) to simmer, cook over a slow fire"
U+7089,炉,lú,132,125,"炉,爐",炉,"fireplace, stove, oven, furnace"
U+708A,炊,chuī,8,8,,,cook; meal
U+708E,炎,yán,185,150,,,"flame, blaze; hot"
U+7092,炒,chǎo,237,182,,,"fry, saute, roast, boil, cook"
U+7095,炕,kàng,4,4,,,the brick-bed in northern China
U+7096,炖,dùn,36,27,,,heat with fire; stew
U+7099,炙,zhì,23,23,,,"roast, broil; toast; cauterize"
U+709C,炜,wěi,5,5,煒,,brilliant red; glowing
U+70AB,炫,xuàn,69,64,,,"shine, glitter; show off, flaunt"
U+70AC,炬,jù,29,16,,,torch
U+70AD,炭,tàn,139,97,,,charcoal; coal; carbon
U+70AE,炮,pào,147,125,,,"large gun, cannon; artillery"
U+70AF,炯,jiǒng,2,1,,,"bright, brilliant, clear; hot"
U+70B3,炳,bǐng,26,23,,,"bright, luminous; glorious"
U+70B7,炷,zhù,1,1,,,"candle wick, lamp wick; stick of incense"
U+70B8,炸,zhà,451,375,,,to fry in oil; to scald; to explode
U+70B9,点,diǎn,3560,3063,"点,點",点,"dot, speck, spot; point, degree"
U+70BA,為,wèi,5036,3842,,为,"do, handle, govern, act; be"
U+70BC,炼,liàn,120,104,煉,,"smelt, refine; distill, condense"
U+70BD,炽,chì,8,8,熾,,"burning-hot, intense; to burn, blaze; splendid, illustrious"
U+70C1,烁,shuò,9,9,爍,,"shine, glitter, sparkle"
U+70C2,烂,làn,113,104,爛,,"rotten, spoiled, decayed"
U+70C8,烈,liè,964,918,,,"fiery, violent, vehement, ardent"
U+70CA,烊,yáng,7,7,,,to smelt; to melt
U+70CF,烏,wū,529,264,,乌,"crow, rook, raven; black, dark"
U+70D8,烘,hōng,21,17,,,"bake, roast; dry by fire"
U+70D9,烙,lào,19,19,,,"brand, burn; branding iron"
U+70DB,烛,zhú,9,9,"烛,燭",烛,"candle, taper; shine, illuminate"
U+70DC,烜,xuǎn,1,1,,,light of the sun; to dry in the sun
U+70DD,烝,zhēng,1,1,,,"rise, steam; many, numerous"
U+70DF,烟,yān,343,256,"烟,煙",烟,"smoke, soot; opium; tobacco, cigarettes"
U+70E4,烤,kǎo,181,130,,,"bake, roast, toast, cook"
U+70E6,烦,fán,106,101,煩,,"bother, vex, trouble; troublesome"
U+70E7,烧,shāo,358,294,燒,,burn; bake; heat; roast
U+70E8,烨,yè,1,1,燁,,"bright, glorious, splendid, flame"
U+70E9,烩,huì,7,7,"烩,燴",烩,"ragout, cook, braise"
U+70EB,烫,tàng,45,38,燙,,"scald, heat; wash; iron clothes"
U+70EC,烬,jìn,1,1,"烬,燼",烬,"cinders, ashes, embers; remnants"
U+70ED,热,rè,2011,1768,"热,熱",热,hot; heat; fever; restless; zeal
U+70EF,烯,xī,31,17,,,alkene
U+70F4,烴,tīng,1,1,,烃,hydrocarbon
U+70F7,烷,wán,37,25,,,alkane
U+70F9,烹,pēng,57,47,,,"boil, cook; quick fry, stir fry"
U+70FD,烽,fēng,9,9,,,signal fire; signal tower
U+7109,焉,yān,4,4,,,"thereupon, then; how? why? where?"
U+710A,焊,hàn,21,15,,,"weld, solder"
U+7110,焐,wù,2,2,,,to warm something cold by touching it with something hot
U+7115,焕,huàn,32,31,煥,,shining
U+7116,焖,mèn,18,15,燜,,"simmer, cook over slow fire"
U+7117,焗,jú,6,4,,,"(Cant.) to roast, bake; to suffocate, stuffy"
U+7119,焙,bèi,11,8,,,dry over slow fire; bake; roast
U+711A,焚,fén,27,26,,,burn
U+7121,無,wú,751,616,,无,"negative, no, not; lack, have no"
U+7126,焦,jiāo,451,426,,,"burned, scorched; anxious, vexed"
U+712F,焯,chāo,10,9,,,boil vegetables for a very short time; scald
U+7130,焰,yàn,56,43,,,"flame, blaze; glowing, blazing"
U+7131,焱,yàn,1,1,,,flames
U+7136,然,rán,4115,3678,,,"yes, certainly; pledge, promise"
U+7147,煇,huī,3,3,,𪸩,"weld, solder"
U+7149,煉,liàn,37,31,,炼,"smelt, refine; distill, condense"
U+714C,煌,huáng,106,82,,,"bright, shining, luminous"
U+714E,煎,jiān,74,56,,,fry in fat or oil; boil in water
U+7159,煙,yān,126,96,,烟,"smoke, soot; opium; tobacco, cigarettes"
U+715C,煜,yù,44,31,,,"bright, shining, brilliant"
U+715E,煞,shā,20,19,,,"malignant deity; baleful, noxious; strike dead"
U+7160,煠,zhá,4,1,,,to fry in fat or oil. to scald
U+7164,煤,méi,209,136,,,"coal, coke, charcoal, carbon"
U+7165,煥,huàn,34,32,,焕,"shining, brilliant, lustrous"
U+7166,煦,xù,7,7,,,"kind, gentle, gracious, genial"
U+7167,照,zhào,1033,915,,,"shine, illumine, reflect"
U+7168,煨,wēi,2,2,,,"to stew, simmer"
U+7169,煩,fán,10,10,,烦,"bother, vex, trouble; troublesome"
U+716E,煮,zhǔ,119,100,,,cook
U+7172,煲,bāo,24,20,,,to heat; to boil a saucepan
U+7178,煸,biān,2,2,,,to stir-fry before broiling or stewing
U+717D,煽,shān,38,38,,,"stir up, incite, agitate, provoke"
U+7184,熄,xī,11,10,,,"put out, extinguish, quash"
U+718A,熊,xióng,770,390,,,a bear; brilliant; bright; surname
U+718F,熏,xūn,9,7,,,"smoke, fog, vapor; smoke, cure"
U+7192,熒,yíng,1,1,,荧,"shine, shimmer; shining, dazzling"
U+7194,熔,róng,52,45,,,"melt, smelt, fuse; mold"
U+7198,熘,liū,1,1,,,to steam
U+7199,熙,xī,35,26,,,"bright, splendid, glorious"
U+719F,熟,shú,340,312,,,well-cooked; ripe; familiar with
U+71A0,熠,yì,31,15,,,bright and sparkling
U+71A8,熨,yùn,3,3,,,"iron, press"
U+71AC,熬,áo,51,49,,,"cook down, to boil; endure"
U+71B1,熱,rè,571,498,,热,hot; heat; fever; restless; zeal
U+71B5,熵,shāng,1,1,,,entropy
U+71B9,熹,xī,4,3,,,"dim light, glimmer; warm, bright"
U+71BE,熾,chì,4,4,,炽,"burning-hot, intense; to burn, blaze; splendid, illustrious"
U+71C1,燁,yè,3,3,,烨,"bright, glorious, splendid, flame"
U+71C3,燃,rán,772,600,,,"burn; light fire, ignite"
U+71C8,燈,dēng,235,129,,灯,"lantern, lamp"
U+71C9,燉,dùn,16,5,,,heat with fire; stew
U+71CA,燊,shēn,1,1,,,luxuriant
U+71D2,燒,shāo,52,48,,烧,burn; bake; heat; roast
U+71D5,燕,yàn,133,94,,,"swallow (bird); comfort, enjoy"
U+71D9,燙,tàng,9,7,,烫,"scald, heat; wash; iron clothes"
U+71DA,燚,yì,1,1,,,used in people's names
U+71DC,燜,mèn,1,1,,焖,"simmer, cook over slow fire"
U+71DF,營,yíng,616,456,,营,"encampment, barracks; manage"
U+71E5,燥,zào,47,45,,,"dry, parched, arid; quick-tempered"
U+71E6,燦,càn,37,24,,灿,"vivid, illuminating; bright"
U+71E7,燧,suì,3,3,,,"flintstone; beacon, signal fire; torch"
U+71ED,燭,zhú,6,5,,烛,"candle, taper; to shine, illuminate"
U+71EE,燮,xiè,8,8,,,"harmonize, blend; adjust"
U+71FB,燻,xūn,1,1,,,"smoke, fog, vapor; smoke, cure"
U+71FF,燿,yào,2,1,,,"shine, dazzle; brilliant, radiant"
U+7206,爆,bào,1158,1042,,,"crackle, pop, burst, explode"
U+720D,爍,shuò,8,4,,烁,"shine, glitter, sparkle"
U+7210,爐,lú,42,34,,炉,"fireplace, stove, oven, furnace"
U+721B,爛,làn,40,36,,烂,"rotten, spoiled, decayed"
U+722A,爪,zhǎo,40,34,,,"claw, nail, talon; animal feet"
U+722C,爬,pá,118,97,,,"crawl, creep; climb; scramble"
U+722D,爭,zhēng,600,478,,争,"to dispute, fight, contend, strive"
U+7230,爰,yuán,5,1,,,"lead on to; therefore, then"
U+7231,爱,ài,1026,871,愛,,"love, be fond of, like"
U+7232,爲,wèi,10,9,,为,"do, handle, govern, act; be"
U+7235,爵,jué,11,9,,,feudal title or rank
U+7236,父,fù,363,304,,,father; Kangxi radical 88
U+7237,爷,yé,97,51,爺,,"father, grandfather"
U+7238,爸,bà,192,96,,,"father, papa"
U+7239,爹,diē,17,11,,,"father, daddy"
U+723A,爺,yé,83,43,,爷,"father, grandfather"
U+723B,爻,yáo,2,1,,,diagrams for divination
U+723D,爽,shuǎng,140,123,,,"happy, cheerful; refreshing"
U+723E,爾,ěr,958,645,,尔,"you; that, those; final particle"
U+7241,牁,kē,5,1,,,"mooring stake; painter, mooring"
U+7242,牂,zāng,5,1,,,"female sheep, ewe"
U+7246,牆,qiáng,51,45,,墙,wall
U+7247,片,piàn,3672,2756,,,"slice, splinter, strip; rad. 91"
U+7248,版,bǎn,1022,859,,,printing blocks; edition
U+724C,牌,pái,1607,1256,,,"signboard, placard"
U+724D,牍,dú,3,3,牘,,"writing tablet; documents, books"
U+7252,牒,dié,9,9,,,"documents, records; dispatch"
U+7258,牘,dú,3,2,,牍,"writing tablet; documents, books"
U+7259,牙,yá,541,406,,,"tooth, molars, teeth; serrated"
U+725B,牛,niú,764,514,,,"cow, ox, bull; Kangxi radical 93; 9th lunar mansion, determinative star β Capricorni (Dabih)"
U+725F,牟,móu,14,14,,,"make; seek, get; barley; low"
U+7260,牠,tā,12,10,,,it; polled cattle
U+7261,牡,mǔ,40,22,,,male of animals; bolt of door
U+7262,牢,láo,86,76,,,"prison; stable, pen; secure"
U+7266,牦,máo,6,5,氂,,tail; hair; yak
U+7267,牧,mù,155,109,,,"tend cattle, shepherd"
U+7269,物,wù,5045,3661,,,"thing, substance, creature"
U+726F,牯,gǔ,5,3,,,cow; bull; ox
U+7272,牲,shēng,66,58,,,sacrificial animal; animal
U+7275,牵,qiān,130,126,牽,,"drag, pull, lead by hand"
U+7279,特,tè,8519,6343,,,"special, unique, distinguished"
U+727A,牺,xī,31,30,犧,,"sacrifice, give up; sacrificial"
U+727D,牽,qiān,55,50,,牵,"drag, pull, lead by hand"
U+7280,犀,xī,48,33,,,"rhinoceros; sharp, well-tempered"
U+7281,犁,lí,34,32,,,plow
U+728A,犊,dú,3,2,犢,,calf; victim of sacrifice
U+728D,犍,jiān,1,1,,,a bullock; a fabulous monster
U+7292,犒,kào,2,2,,,entertain victorious soldiers
U+729B,犛,máo,6,3,,,"a black ox, a yak"
U+729F,犟,jiàng,2,2,,,stubborn
U+72A2,犢,dú,1,1,,犊,calf; victim of sacrifice
U+72A7,犧,xī,19,17,,牺,"sacrifice, give up; sacrificial"
U+72AC,犬,quǎn,55,36,,,dog; radical number 94
U+72AD,犭,quǎn,1,1,,,dog; radical number 94
U+72AF,犯,fàn,528,448,,,"commit crime, violate; criminal"
U+72B6,状,zhuàng,955,887,狀,,form; appearance; shape; official
U+72B8,犸,mǎ,3,3,獁,,mammoth
U+72B9,犹,yóu,122,109,"犹,猶",犹,"like, similar to, just like, as"
U+72C0,狀,zhuàng,181,158,,状,form; appearance; shape; official
U+72C2,狂,kuáng,315,297,,,"insane, mad; violent; wild"
U+72C4,狄,dí,10,9,,,tribe from northern China; surname
U+72C8,狈,bèi,3,3,狽,,a legendary animal with short forelegs which rode a wolf
U+72CD,狍,páo,5,4,,,species of deer found in north China
U+72D0,狐,hú,23,15,,,fox
U+72D7,狗,gǒu,233,132,,,"dog, Canis familiaris"
U+72D9,狙,jū,5,5,,,"an ape, monkey; to spy, watch for; to lie"
U+72DE,狞,níng,2,2,獰,,ferocious appearance; hideous
U+72E0,狠,hěn,44,35,,,"vicious, cruel; severely, extreme"
U+72E1,狡,jiǎo,1,1,,,"cunning, deceitful, treacherous"
U+72E9,狩,shòu,10,7,,,winter hunting; imperial tour
U+72EC,独,dú,1241,1131,"独,獨",独,"alone, single, solitary, only"
U+72ED,狭,xiá,32,32,狹,,"narrow, limited; narrow-minded"
U+72EE,狮,shī,150,109,獅,,lion
U+72F0,狰,zhēng,2,2,猙,,"fierce-looking, ferocious"
U+72F1,狱,yù,86,73,獄,,"prison, jail; case; lawsuit"
U+72F2,狲,sūn,9,4,猻,,monkey
U+72F8,狸,lí,12,7,,,fox
U+72F9,狹,xiá,6,6,,狭,"narrow, limited; narrow-minded; to pinch"
U+72FC,狼,láng,56,45,,,wolf
U+7301,猁,lì,6,4,,,a kind of monkey
U+730E,猎,liè,52,39,獵,,hunt; field sports
U+7315,猕,mí,5,5,"猕,獼",猕,macacus monkey
U+7316,猖,chāng,14,14,,,"mad, wild, reckless, unruly"
U+7317,猗,yī,1,1,,,exclamation of admiration
U+7319,猙,zhēng,1,1,,狰,"fierce-looking, ferocious"
U+731B,猛,měng,280,272,,,"violent, savage, cruel; bold"
U+731C,猜,cāi,148,122,,,"guess, conjecture, suppose; feel"
U+731D,猝,cù,11,11,,,"abruptly, suddenly; abrupt"
U+731E,猞,shē,6,4,,,"a wild cat; 猞猁, a lynx"
U+7322,猢,hú,1,1,,,a kind of monkey found in western China
U+7325,猥,wěi,1,1,,,"vulgar, low, cheap; wanton; obscene"
U+7329,猩,xīng,30,11,,,species of orangutan
U+732A,猪,zhū,210,136,"猪,豬",猪,"pig, hog, wild boar"
U+732B,猫,māo,463,245,"猫,貓",猫,cat
U+732C,猬,wèi,1,1,"猬,蝟",猬,"vulgar; wanton; low; many; varied; a hedgehog, porcupine"
U+732E,献,xiàn,188,175,"献,獻",献,"offer, present; show, display"
U+7334,猴,hóu,228,122,,,"monkey, ape; monkey-like"
U+7336,猶,yóu,51,49,,犹,"like, similar to, just like, as"
U+7337,猷,yóu,2,1,,,"plan, scheme; plan, plot; way"
U+733E,猾,huá,1,1,,,"crafty, cunning, shrewd; deceitful"
U+733F,猿,yuán,11,7,,,ape
U+7344,獄,yù,11,11,,狱,"prison, jail; case; lawsuit"
U+7345,獅,shī,65,44,,狮,lion
U+734E,獎,jiǎng,190,112,,奖,"prize, reward; give award to"
U+7352,獒,áo,1,1,,,"mastiff, large fierce dog"
U+7357,獗,jué,13,13,,,"unruly, wild, violent, lawless"
U+7360,獠,liáo,2,2,,,to hunt at night by torches
U+7368,獨,dú,402,350,,独,"alone, single, solitary, only"
U+736D,獭,tǎ,21,13,獺,,otter
U+7370,獰,níng,1,1,,狞,ferocious appearance; hideous
U+7372,獲,huò,504,429,,获,"obtain, get, receive; seize"
U+7374,獴,měng,2,2,,,mongoose
U+7375,獵,liè,21,15,,猎,hunt; field sports
U+7377,獷,guǎng,2,2,,犷,"fierce, rude, uncivilized"
U+7378,獸,shòu,32,24,,兽,"beast, animal; bestial"
U+737A,獺,tǎ,9,6,,獭,otter
U+737B,獻,xiàn,117,111,,献,"offer, present; show, display"
U+737C,獼,mí,4,2,,猕,macacus monkey
U+737E,獾,huān,6,4,,,the badger
U+7384,玄,xuán,56,41,,,"deep, profound, abstruse; Kangxi radical 95"
U+7387,率,lǜ,3846,2949,,,to lead; ratio; rate; limit
U+7389,玉,yù,389,301,,,"jade, precious stone, gem"
U+738B,王,wáng,1300,1024,,,"king, ruler; royal; surname"
U+7391,玑,jī,1,1,璣,,pearl that is not quite round
U+7395,玕,gān,1,1,,,inferior variety of gem
U+7396,玖,jiǔ,2,2,,,black-colored jade
U+739B,玛,mǎ,240,193,瑪,,agate; cornelian
U+739F,玟,wén,6,3,,,streaks in jade; gem
U+73A5,玥,yuè,4,4,,,mysterious gem; pearl
U+73A9,玩,wán,608,498,,,"play with, joke, enjoy"
U+73AB,玫,méi,92,51,,,rose
U+73AE,玮,wěi,14,12,瑋,,"type of jade; rare, valuable"
U+73AF,环,huán,1210,1085,"环,環",环,jade ring or bracelet; ring
U+73B0,现,xiàn,8762,7567,現,,"appear, manifest, become visible"
U+73B2,玲,líng,38,29,,,tinkling of jade
U+73B7,玷,diàn,1,1,,,flaw in gem; flaw in character
U+73BB,玻,bō,133,100,,,glass
U+73C0,珀,pò,22,19,,,amber
U+73C2,珂,kē,5,5,,,inferior kind of jade
U+73C5,珅,shēn,4,4,,,a kind of jade
U+73C8,珈,jiā,2,2,,,an ornament attached to a woman's hairpin
U+73CA,珊,shān,76,48,,,coral
U+73CD,珍,zhēn,289,251,,,"precious, valuable, rare"
U+73CF,珏,jué,2,2,,,two pieces of jade joined together
U+73D0,珐,fà,1,1,"珐,琺",珐,"enamel, cloisonné"
U+73D1,珑,lóng,1,1,瓏,,a gem cut like dragon
U+73DE,珞,luò,5,5,,,kind of necklace
U+73E0,珠,zhū,393,279,,,"precious stone, gem, jewel, pearl"
U+73ED,班,bān,1452,1052,,,"class, group, grade; squad; job"
U+73EE,珮,pèi,2,2,,,jade ornament
U+73F2,珲,hún,1,1,琿,,"bright, glorious, splendid"
U+73F5,珵,chéng,1,1,,,
U+73FA,珺,jùn,8,6,,,beautiful jade
U+73FE,現,xiàn,2403,2015,,现,"appear, manifest, become visible"
U+7403,球,qiú,7908,5980,,,"ball, sphere, globe; round"
U+7405,琅,láng,19,16,,,a variety of white carnelian; pure
U+7406,理,lǐ,5399,4450,,,"reason, logic; manage"
U+7409,琉,liú,175,69,,,"sparkling stone; glazed, opaque"
U+740A,琊,yá,2,2,,,a place in eastern Shandong
U+7410,琐,suǒ,18,18,瑣,,"trifling, petty; troublesome"
U+7422,琢,zuó,20,20,,,polish jade; cut jade
U+7425,琥,hǔ,6,6,,,jewel in shape of tiger; amber
U+7426,琦,qí,4,4,,,"gem, precious stone, jade"
U+7428,琨,kūn,1,1,,,"beautiful jade, precious stones"
U+742A,琪,qí,29,27,,,type of jade
U+7430,琰,yǎn,2,2,,,"jewel, gem; glitter of gems"
U+7433,琳,lín,50,46,,,"beautiful jade, gem"
U+7434,琴,qín,141,95,,,Chinese lute or guitar
U+7435,琵,pí,24,19,,,guitar-like instrument
U+7436,琶,pá,25,18,,,guitar-like instrument
U+7439,琹,qín,1,1,,,
U+743A,琺,fà,3,2,,珐,"enamel, cloisonné"
U+743C,琼,qióng,136,132,"琼,瓊",琼,"jade; rare, precious; elegant; (Cant.) to coagulate"
U+7444,瑄,xuān,2,2,,,an ornamental piece of jade several inches across with a hole in the center
U+744B,瑋,wěi,4,3,,玮,"type of jade; rare, valuable"
U+7455,瑕,xiá,12,12,,,"flaw in gem; fault, defect"
U+7459,瑙,nǎo,40,30,,𰡻,agate; cornelian
U+745A,瑚,hú,46,29,,,coral; person of virtue
U+745B,瑛,yīng,6,6,,,luster of gem; crystal
U+745C,瑜,yú,43,34,,,flawless gem or jewel
U+745E,瑞,ruì,1128,836,,,felicitous omen; auspicious
U+745F,瑟,sè,94,67,,,"large stringed musical instrument; dignified, massive; sound of wind"
U+7463,瑣,suǒ,1,1,,琐,"fragments; trifling, petty; troublesome"
U+7464,瑤,yáo,15,9,,瑶,precious jade
U+7469,瑩,yíng,32,26,,莹,"lustre of gems; bright, lustrous"
U+746A,瑪,mǎ,76,62,,玛,agate; cornelian
U+746F,瑯,láng,4,3,,,kind of white cornelian
U+7470,瑰,guī,134,91,,,"extraordinary, fabulous; rose"
U+7476,瑶,yáo,18,10,瑤,,precious jade
U+7477,瑷,ài,1,1,璦,,fine quality jade
U+747E,瑾,jǐn,6,6,,,brilliance of gems; fine jade
U+7480,璀,cuǐ,87,77,,,lustre of gems; glitter; shine
U+7483,璃,lí,128,100,,,glass
U+748B,璋,zhāng,1,1,,,jade plaything; jade ornament
U+7490,璐,lù,25,23,,,beautiful variety of jade
U+749C,璜,huáng,2,2,,,a semicircular jade ornament used as a pendant
U+749E,璞,pú,6,4,,,"unpolished gem, uncarved gem"
U+74A3,璣,jī,1,1,,玑,pearl that is not quite round
U+74A7,璧,bì,8,8,,,piece of jade with hole in it
U+74A8,璨,càn,87,77,,,gems; luster of gems; lustrous
U+74B0,環,huán,479,380,,环,jade ring or bracelet; ring
U+74CA,瓊,qióng,31,21,,琼,"jade; rare, precious; elegant"
U+74CF,瓏,lóng,1,1,,珑,a gem cut like dragon
U+74DC,瓜,guā,286,192,,,"melon, gourd, cucumber; Kangxi radical 97"
U+74E2,瓢,piáo,8,8,,,ladle made from dried gourd
U+74E3,瓣,bàn,46,38,,,petal; segment; valves
U+74E6,瓦,wǎ,575,458,,,tile; earthenware pottery; girl
U+74EE,瓮,wèng,6,5,,,earthen jar; jar for ashes
U+74EF,瓯,ōu,4,4,甌,,"bowl, cup; small tray"
U+74F4,瓴,líng,1,1,,,concave channels of tiling a long-necked jar
U+74F6,瓶,píng,170,149,,,"jug, pitcher, vase, jar, bottle"
U+74F7,瓷,cí,166,106,,,"crockery, porcelain, chinaware"
U+7504,甄,zhēn,7,5,,,"to examine, discern; to grade; a surname"
U+750C,甌,ōu,1,1,,瓯,"bowl, cup; small tray"
U+7511,甑,zèng,1,1,,,"boiler for steaming rice, pot"
U+7517,甗,yǎn,1,1,,,earthenware vessel in two parts
U+7518,甘,gān,290,234,,,"sweetness; sweet, tasty"
U+751A,甚,shèn,703,694,,,great extent; considerably
U+751C,甜,tián,265,208,,,"sweet, sweetness"
U+751F,生,shēng,12809,9714,,,"life, living, lifetime; birth"
U+7522,產,chǎn,1365,914,,产,"give birth, bring forth, produce"
U+7523,産,chǎn,1595,918,,产,give birth
U+7525,甥,shēng,1,1,,,"niece, sister's child"
U+7526,甦,sū,67,61,,,"be reborn; resuscitate, revive"
U+7528,用,yòng,10845,8219,,,"use, employ, apply, operate; use"
U+7529,甩,shuǎi,43,41,,,"throw away, discard"
U+752B,甫,fǔ,19,15,,,"begin; man, father; great; a distance of ten li"
U+752C,甬,yǒng,7,5,,,path; river in Ningbo; Ningbo
U+752D,甭,béng,1,1,,,there is no need
U+752F,甯,níng,5,3,,,peaceful
U+7530,田,tián,2579,1538,,,"field, arable land, cultivated"
U+7531,由,yóu,3775,3582,,,"cause, reason; from"
U+7532,甲,jiǎ,407,311,,,"armor, shell; fingernails; 1st heavenly stem"
U+7533,申,shēn,843,725,,,"to state to a superior, report; extend; ninth earthly branch"
U+7535,电,diàn,8063,4800,"电,電",电,electricity; electric; lightning
U+7537,男,nán,1006,818,,,"male, man; son; baron; surname"
U+7538,甸,diàn,305,196,,,suburbs of capital; govern; crops
U+753A,町,tǐng dīng,73,61,,,raised path between fields
U+753B,画,huà,1038,783,"画,畫",画,"a painting, picture, drawing; to draw"
U+7545,畅,chàng,138,133,暢,,"smoothly, freely, unrestrained"
U+7548,畈,fàn,2,2,,,field; farm
U+754C,界,jiè,5238,4366,,,"boundary, limit; domain; society; the world"
U+754F,畏,wèi,26,25,,,"fear, dread, awe, reverence"
U+7551,畑,tián,1,1,,,dry (as opposed to rice) field; used in Japanese names
U+7554,畔,pàn,115,98,,,boundary path dividing fields
U+7559,留,liú,1187,1024,,,"stop, halt; stay, detain, keep"
U+755C,畜,chù,37,27,,,"livestock, domestic animals"
U+755D,畝,mǔ,88,75,,亩,Chinese land measure; fields
U+7562,畢,bì,59,44,,毕,"end, finish, conclude; completed; 19th lunar mansion, determinative star ε Tauri (Ain)"
U+7565,略,lüè,1372,1256,,,"approximately, roughly; outline"
U+756A,番,fān,258,224,,,"to take turns; a turn, a time; to repeat"
U+756B,畫,huà,555,410,,画,"delineate, painting, picture, drawing; draw"
U+756C,畬,shē yú,6,1,,,reclaimed field
U+7570,異,yì,101,88,,异,"different, unusual, strange"
U+7572,畲,shē,2,2,,,to cultivate land by first setting fire to it
U+7574,畴,chóu,9,9,疇,,"farmland, arable land; category"
U+7576,當,dāng,1521,1339,,当,"bear, accept, undertake; just"
U+7578,畸,jī,3,3,,,"odd, fractional, remainder, odds"
U+7579,畹,wǎn,2,1,,,"a unit of area, thirty mou"
U+757F,畿,jī,18,14,,,imperial domain; area near capital
U+7586,疆,jiāng,824,557,,,"boundary, border, frontier"
U+7587,疇,chóu,8,6,,畴,"farmland, arable land; category"
U+758A,疊,dié,95,77,,叠,"repeat, duplicate; repetitious"
U+758B,疋,pǐ,1,1,,,"roll, bolt of cloth; foot"
U+758F,疏,shū,142,133,,,"neglect; careless, lax"
U+7591,疑,yí,837,774,,,"doubt, question, suspect"
U+7597,疗,liáo,704,520,療,,"be healed, cured, recover"
U+7599,疙,gē,5,3,,,"pimple, sore, boil, wart, pustule"
U+759A,疚,jiù,4,4,,,"chronic disease, chronic illness; sorrow"
U+759F,疟,nüè,5,3,瘧,,intermittent fever; malaria
U+75A1,疡,yáng,1,1,瘍,,"ulcers, sores; infection"
U+75A3,疣,yóu,2,2,,,wart; tumor; goiter; papule
U+75A4,疤,bā,4,3,,,"scar, cicatrix; birthmark"
U+75AB,疫,yì,5126,3423,,,"epidemic, plague, pestilence"
U+75AE,疮,chuāng,10,8,瘡,,"tumor, boil, sore, wound"
U+75AF,疯,fēng,106,103,瘋,,"crazy, insane, mentally ill"
U+75B0,疰,zhù,1,1,,,summer-time disease
U+75B1,疱,pào,2,1,"疱,皰",疱,acne
U+75B2,疲,pí,303,294,,,"feel tired, be exhausted; weak"
U+75B4,疴,kē,1,1,"疴,痾",疴,"illness, sickness, disease; pain"
U+75B5,疵,cī,9,9,,,"flaw, fault, defect; disease"
U+75B9,疹,zhěn,10,5,,,measles; rash; fever
U+75BC,疼,téng,47,41,,,"aches, pains; be fond of; love"
U+75BE,疾,jí,321,284,,,"illness, disease, sickness; to hate"
U+75C5,病,bìng,3765,2260,,,"illness, sickness, disease"
U+75C7,症,zhèng,677,481,"症,癥",症,"disease, illness, ailment"
U+75C9,痉,jìng,1,1,痙,,"convulsions, fits"
U+75CA,痊,quán,10,10,,,"be healed, be cured; recover"
U+75CD,痍,yí,5,5,,,"wound, bruise, sore"
U+75D2,痒,yǎng,3,2,"痒,癢",痒,itch
U+75D4,痔,zhì,3,1,,,"hemorrhoids, piles"
U+75D5,痕,hén,66,60,,,scar; mark; trace
U+75D8,痘,dòu,112,65,,,smallpox
U+75DB,痛,tòng,267,232,,,"pain, ache; sorry, sad; bitter"
U+75E0,痠,suān,1,1,,,"aching of limbs, muscular pains"
U+75E4,痤,cuó,1,1,,,a swelling of the lymph nodes
U+75EA,痪,huàn,38,36,瘓,,"paralysis, numbness of limbs"
U+75EB,痫,xián,6,6,癇,,"epilepsy, convulsions"
U+75F0,痰,tán,1,1,,,"phlegm, mucus, spittle"
U+75F4,痴,chī,33,29,,,"foolish, stupid, dumb, silly"
U+75F9,痹,bì,2,2,,,"paralysis, numbness"
U+75FC,痼,gù,1,1,,,chronic disease
U+75FF,痿,wěi,1,1,,,paralysis; impotence
U+7600,瘀,yū,3,3,,,"a hematoma, contusion; extravasated blood"
U+7601,瘁,cuì,2,2,,,"feel tired, be weary, be worn out"
U+760B,瘋,fēng,15,11,,疯,"crazy, insane, mentally ill"
U+760D,瘍,yáng,3,1,,疡,"ulcers, sores; infection"
U+7613,瘓,huàn,5,5,,痪,"paralysis, numbness of limbs"
U+761F,瘟,wēn,22,21,,,"epidemic, plague, pestilence"
U+7620,瘠,jí,3,3,,,"thin, emaciated; barren"
U+7621,瘡,chuāng,5,3,,疮,"tumor, boil, sore, wound"
U+7624,瘤,liú,28,24,,,"tumor, lump, goiter"
U+7626,瘦,shòu,51,42,,,"thin, emaciated, lean; meager"
U+7627,瘧,nüè,2,1,,疟,intermittent fever; malaria
U+7629,瘩,da,5,3,,,pimples
U+762A,瘪,biě,5,5,癟,,"shrivelled up, dried up; vexed"
U+762B,瘫,tān,47,42,癱,,"paralysis, palsy, numbness"
U+763E,瘾,yǐn,37,35,癮,,"rash; addiction, craving, habit"
U+7642,療,liáo,148,91,,疗,"be healed, cured, recover"
U+7647,癇,xián,1,1,,痫,"epilepsy, convulsions"
U+764C,癌,ái,332,162,,,cancer; marmoset
U+7652,癒,yù,40,37,,,"get well, recover"
U+7656,癖,pǐ,1,1,,,"craving, weakness for; indigestion"
U+7661,癡,chī,2,2,,,"silly, foolish, idiotic"
U+7662,癢,yǎng,2,2,,痒,itch
U+766B,癫,diān,8,8,癲,,"crazy, mad; madness, mania, insane"
U+766E,癮,yǐn,4,3,,瘾,"rash; addiction, craving, habit"
U+7671,癱,tān,11,10,,瘫,"paralysis, palsy, numbness"
U+7672,癲,diān,1,1,,癫,"crazy, mad; madness, mania, insanity"
U+7678,癸,guǐ,4,4,,,10th heavenly stem
U+767A,発,fā,1,1,,,"issue, dispatch, send out, emit"
U+767B,登,dēng,1477,1241,,,"rise, mount, board, climb"
U+767C,發,fā,4882,3267,,发,"issue, dispatch, send out, emit"
U+767D,白,bái,1994,1571,,,"white; pure, unblemished; bright"
U+767E,百,bǎi,1758,1525,,,"one hundred; numerous, many"
U+7682,皂,zào,3,3,,,soap; black; menial servant
U+7684,的,de,122196,50167,,,"possessive, adjectival suffix"
U+7686,皆,jiē,188,180,,,"all, every, everybody"
U+7687,皇,huáng,185,146,,,"royal, imperial; ruler, superior"
U+7688,皈,guī,3,1,,,"follow, comply with"
U+768B,皋,gāo,5,3,,,the high land along a river
U+768E,皎,jiǎo,7,3,,,"white; bright, brilliant; clear"
U+7691,皑,ái,22,11,皚,,brilliant white
U+7693,皓,hào,5,5,,,"bright, luminous; clear; hoary"
U+7696,皖,wǎn,14,9,,,Anhui province
U+769A,皚,ái,12,6,,皑,brilliant white
U+76AE,皮,pí,403,319,,,"skin, hide, fur, feather; outer"
U+76B1,皱,zhòu,20,15,"皱,皺",皱,"wrinkles, creases, folds"
U+76B2,皲,jūn,1,1,皸,,"crack, chap"
U+76BA,皺,zhòu,6,4,,皱,"wrinkles, creases, folds"
U+76BF,皿,mǐn,4,4,,,shallow container; rad. no. 108
U+76C2,盂,yú,5,3,,,basin; cup
U+76C3,盃,bēi,46,30,,,"glass, cup"
U+76C5,盅,zhōng,8,6,,,small cup or bowl
U+76C6,盆,pén,114,88,,,"basin, tub, pot, bowl"
U+76C8,盈,yíng,469,393,,,"fill; full, overflowing; surplus"
U+76CA,益,yì,1526,1395,,,"profit, benefit; advantage; hexagram ䷩"
U+76CE,盎,àng,144,127,,,cup; pot; bowl; abundant
U+76CF,盏,zhǎn,20,14,盞,,small cup or container
U+76D0,盐,yán,148,106,鹽,,salt
U+76D1,监,jiān,1201,1051,監,,"supervise, control, direct"
U+76D2,盒,hé,128,102,,,small box or case; casket
U+76D4,盔,kuī,19,17,,,helmet; bowl; basin
U+76D6,盖,gài,408,362,"盖,蓋",盖,"cover, hide, protect"
U+76D7,盗,dào,81,68,盜,,"rob, steal; thief, bandit"
U+76D8,盘,pán,1016,853,盤,,"tray, plate, dish; examine"
U+76DB,盛,shèng,1239,1095,,,"abundant, flourishing; contain; fill"
U+76DC,盜,dào,22,16,,盗,"rob, steal; thief, bandit"
U+76DE,盞,zhǎn,17,10,,盏,"small cup or container; classifier for lamps, etc."
U+76DF,盟,méng,1604,1172,,,"swear; oath, covenant, alliance"
U+76E1,盡,jǐn,122,115,,尽,"exhaust, use up; deplete"
U+76E3,監,jiān,164,132,,监,"supervise, control, direct"
U+76E4,盤,pán,245,188,,盘,"tray, plate, dish; examine"
U+76E5,盥,guàn,1,1,,,wash
U+76E7,盧,lú,68,49,,卢,"cottage, hut; surname; black"
U+76EA,盪,dàng,42,40,,荡,to toss about; to swing; to rock
U+76EE,目,mù,5057,4532,,,"eye; look, see; division, topic; Kangxi radical 109"
U+76EF,盯,dīng,43,42,,,"rivet gaze upon, keep eyes on"
U+76F1,盱,xū,2,2,,,wide open eyes; to gaze in astonishment
U+76F2,盲,máng,75,59,,,"blind; unperceptive, shortsighted"
U+76F4,直,zhí,2685,2467,,,"straight, erect, vertical"
U+76F8,相,xiāng,5762,5160,,,"mutual, reciprocal, each other"
U+76F9,盹,dǔn,3,3,,,to doze; to nap; to nod
U+76FC,盼,pàn,85,79,,,"look, gaze; expect, hope for"
U+76FE,盾,dùn,151,113,,,"shield, shield-shaped object; currency sign for Dutch guilder"
U+7701,省,shěng,2074,1788,,,"province; save, economize"
U+7708,眈,dān,8,4,,,"gloat, stare at; to delay, to loiter, to hinder"
U+7709,眉,méi,90,78,,,eyebrows; upper margin of book
U+770B,看,kàn,4297,3732,,,"look, see; examine, scrutinize"
U+7719,眙,yí,2,2,,,to gaze at
U+771E,眞,zhēn,1,1,,,"real, actual, true, genuine"
U+771F,真,zhēn,1467,1329,,,"real, actual, true, genuine"
U+7720,眠,mián,86,57,,,"close eyes, sleep; hibernate"
U+7728,眨,zhǎ,20,19,,,wink
U+7729,眩,xuàn,3,3,,,"to confuse; dizzy, dazed, disoriented"
U+772F,眯,mī,16,5,,,be blinded
U+7736,眶,kuàng,12,12,,,eye socket; rim of eye
U+7737,眷,juàn,19,17,,,"take interest in, care for"
U+7738,眸,móu,4,4,,,pupil of eye; eye
U+773A,眺,tiào,18,17,,,"look at, gaze at, scan, survey"
U+773C,眼,yǎn,1151,1006,,,"eye; eyelet, hole, opening"
U+773E,眾,zhòng,592,508,,众,"masses, people, multitude, crowd"
U+7740,着,zhe,4403,3992,"着,著",着,"make move, take action"
U+7741,睁,zhēng,15,12,睜,,open eyes; stare
U+774F,睏,kùn,8,7,,困,"be tired, sleepy"
U+7750,睐,lài,70,69,睞,,squint at; sidelong glance
U+7752,睒,shǎn,6,3,,,"to glance at, to peep; glittering; to shine"
U+775B,睛,jīng,82,76,,,eyeball; pupil of eye
U+775C,睜,zhēng,2,2,,睁,to open the eyes; stare
U+775E,睞,lài,16,16,,睐,squint at; sidelong glance
U+7761,睡,shuì,201,149,,,"sleep, doze"
U+7762,睢,suī,2,1,,,"gaze at, stare at; uninhibited"
U+7763,督,dū,270,254,,,"supervise, oversee, direct"
U+7766,睦,mù,15,14,,,"friendly, amiable, peaceful"
U+776B,睫,jié,34,30,,,eyelashes
U+776C,睬,cǎi,2,2,,,notice; pay attention to
U+7779,睹,dǔ,55,55,,,"look at, gaze at; observe"
U+777D,睽,kuí,12,10,,,"to squint; to stare at; unusual, strange; hexagram ䷥"
U+777E,睾,gāo,2,1,,,testicle
U+777F,睿,ruì,13,11,,,"shrewd, astute, clever, keen"
U+7784,瞄,miáo,142,140,,,take aim at; look at
U+7785,瞅,chǒu,2,1,,,to see; to look at; to gaze
U+778E,瞎,xiā,3,3,,,"blind, reckless; rash"
U+7792,瞒,mán,28,25,瞞,,"deceive, lie; eyes half-closed"
U+779E,瞞,mán,2,2,,瞒,"deceive, lie; eyes half-closed"
U+77A0,瞠,chēng,3,3,,,"look at, stare at, gaze at"
U+77A5,瞥,piē,2,2,,,take fleeting glance at
U+77A7,瞧,qiáo,18,10,,,"glance at, look at, see"
U+77A9,瞩,zhǔ,77,77,矚,,"watch carefully, stare at, focus on"
U+77AA,瞪,dèng,8,6,,,stare at
U+77AC,瞬,shùn,224,212,,,"wink, blink; in a wink, a flash"
U+77AD,瞭,liào liǎo,5,5,瞭,"了,瞭","bright, clear; clear-sighted"
U+77B0,瞰,kàn,94,76,,,"watch, spy; overlook; look down"
U+77B3,瞳,tóng,4,4,,,pupil of eye
U+77BB,瞻,zhān,33,30,,,look; look out for; respect
U+77BF,瞿,qú,3,2,,,surname
U+77C7,矇,méng,1,1,,蒙,"stupid, ignorant; blind"
U+77CD,矍,jué,1,1,,,look about in fright or alarm
U+77D7,矗,chù,26,26,,,"straight, upright, erect, lofty"
U+77DA,矚,zhǔ,20,20,,瞩,"watch carefully, stare at, focus on"
U+77DB,矛,máo,86,83,,,"spear, lance; Kangxi radical 110"
U+77E2,矢,shǐ,20,19,,,"arrow, dart; vow, swear"
U+77E3,矣,yǐ,5,5,,,particle of completed action
U+77E5,知,zhī,2465,2242,,,"know, perceive, comprehend"
U+77E9,矩,jǔ,19,16,,,"carpenter's square, ruler, rule"
U+77EB,矫,jiǎo,8,8,"矫,矯",矫,"correct, rectify, straighten out"
U+77ED,短,duǎn,1623,1392,,,"short; brief; deficient, lacking"
U+77EE,矮,ǎi,13,12,,,"short, dwarf; low"
U+77EF,矯,jiǎo,9,7,,矫,"correct, rectify, straighten out"
U+77F3,石,shí,1826,1309,,,"stone, rock, mineral; Kangxi radical 112"
U+77F6,矶,jī,94,76,磯,,jetty; submerged rock; eddy
U+77FD,矽,xì,61,47,,,(obsolete form of 硅)
U+77FF,矿,kuàng,405,259,礦,,"mine; mineral, ore"
U+7801,码,mǎ,601,491,碼,,"number, numerals; yard; symbol"
U+7802,砂,shā,83,65,,,"sand; pebbles, gravel; gritty"
U+780C,砌,qì,6,5,,,"to build, pile up; stone steps, brick walk"
U+780D,砍,kǎn,46,42,,,"hack, chop, cut, fell"
U+7812,砒,pī,2,1,,,"(obsolete form of 砒); white arsenic, arsenic trioxide"
U+7814,研,yán,3169,2502,,,"grind, rub; study, research"
U+7816,砖,zhuān,105,71,磚,,"tile, brick"
U+781A,砚,yàn,3,3,硯,,inkstone
U+781D,砝,fǎ,4,4,,,balance weights
U+7825,砥,dǐ,8,8,,,a whetstone; to polish
U+7827,砧,zhēn,1,1,,,anvil; flat stone
U+7830,砰,pēng,1,1,,,"sound of crashing stones, bang!"
U+7832,砲,pào,5,5,,,"gun, cannon"
U+7834,破,pò,2357,2065,,,"break, ruin, destroy; rout"
U+7837,砷,shēn,4,4,,,"arsenic (element 33, As)"
U+7838,砸,zá,50,49,,,"smash, crush, break; pound, mash"
U+783A,砺,lì,3,3,礪,,whetstone; sharpen
U+783E,砾,lì,5,5,礫,,"gravel, pebbles"
U+7840,础,chǔ,520,500,礎,,"foundation stone, plinth"
U+7843,硃,zhū,1,1,,朱,a red mole; cinnabar
U+7845,硅,guī,293,239,,,"silicon (element 14, Si)"
U+784F,硏,yán,1,1,,,grind
U+7850,硐,dòng,1,1,,,(variant of 洞) cave; chamber; pit
U+7852,硒,xī,2,2,,,"selenium (element 34, Se)"
U+7855,硕,shuò,58,53,碩,,"great, eminent; large, big"
U+785D,硝,xiāo,26,23,,,"saltpeter, niter; to tan"
U+786B,硫,liú,36,23,,,"sulfur (element 16, S)"
U+786C,硬,yìng,499,442,,,"hard, firm, strong; obstinate"
U+786E,确,què,1824,1703,"确,確",确,"sure, certain; real, true"
U+786F,硯,yàn,2,2,,砚,inkstone
U+787C,硼,péng,4,4,,,"borax, boron"
U+7881,碁,qí,4,4,,,chess; any game similar to chess
U+7887,碇,dìng,2,2,,,anchor
U+7889,碉,diāo,5,2,,,room made of stone; watchtower
U+788C,碌,lù,46,44,,,"rough, uneven, rocky; mediocre"
U+788D,碍,ài,267,258,"碍,礙",碍,"obstruct, hinder, block, deter"
U+788E,碎,suì,153,135,,,"break, smash; broken, busted"
U+7891,碑,bēi,156,136,,,stone tablet; gravestone
U+7897,碗,wǎn,203,169,,,"bowl, small dish"
U+789A,碚,bèi,2,2,,,suburb
U+789B,碛,qì,2,1,磧,,sand and gravel
U+789F,碟,dié,32,23,,,"small dish, plate"
U+78A7,碧,bì,187,164,,,"jade; green, blue"
U+78A9,碩,shuò,37,32,,硕,"great, eminent; large, big"
U+78AD,碭,dàng,1,1,,砀,brilliantly colored stone with veined patterns in it
U+78B0,碰,pèng,169,158,,,"collide, bump into"
U+78B1,碱,jiǎn,8,7,,,"alkaline, alkali, lye, salt"
U+78B2,碲,dì,2,2,,,"tellurium (element 52, Te)"
U+78B3,碳,tàn,589,386,,,"carbon (element 6, C)"
U+78B4,碴,chá,2,2,,,chipped edge of a container
U+78BA,確,què,344,323,,确,"sure, certain; real, true"
U+78BC,碼,mǎ,154,130,,码,"number, numerals; yard; symbol"
U+78BE,碾,niǎn,15,15,,,"roller, crush; roll"
U+78C1,磁,cí,212,125,,,magnetic; magnetism; porcelain
U+78C5,磅,bàng,87,81,,,pound; weigh
U+78CA,磊,lěi,20,19,,,pile of rocks or stones; great
U+78CB,磋,cuō,157,125,,,"polish, buff; scrutinize"
U+78D0,磐,pán,13,12,,,"large rock, boulder; firm"
U+78D5,磕,kē,8,6,,,"hit; collide, knock into; sound"
U+78DA,磚,zhuān,58,31,,砖,"tile, brick"
U+78E1,磡,kàn,2,2,,,"cliff, ledge, bank; step"
U+78E7,磧,qì,2,1,,碛,sand and gravel; rocks exposed at low tide; to crush
U+78E8,磨,mó,95,84,,,grind; polish; rub; wear out; a millstone
U+78EC,磬,qìng,2,2,,,musical instrument; musical stone
U+78EF,磯,jī,27,15,,矶,jetty; submerged rock; eddy
U+78F4,磴,dèng,3,2,,,"steps on ledge, cliff, or hill"
U+78F7,磷,lín,35,28,,,"phosphorus (element 15, P)"
U+78FA,磺,huáng,3,3,,,sulphur; brimstone
U+7901,礁,jiāo,161,110,,,reef; jetty; submerged rocks
U+790E,礎,chǔ,198,180,,础,"foundation stone, plinth"
U+7911,礑,dàng,2,2,,,
U+7919,礙,ài,42,40,,碍,"obstruct, hinder, block, deter"
U+7926,礦,kuàng,131,73,,矿,"mine; mineral, ore"
U+792A,礪,lì,2,2,,砺,whetstone; sharpen
U+792B,礫,lì,2,1,,砾,"gravel, pebbles, potsherds"
U+7931,礱,lóng,1,1,,砻,"grind, sharpen; mill"
U+7934,礴,bó,36,32,,,"fill, extend"
U+793A,示,shì,8344,7594,,,"show, manifest; demonstrate; Kangxi radical 113"
U+793C,礼,lǐ,397,316,"礼,禮",礼,social custom; manners; courtesy; rites
U+793E,社,shè,2953,2549,,,"god of the soil and altars to him; group of families; company, society"
U+7940,祀,sì,32,29,,,"to sacrifice, worship"
U+7941,祁,qí,59,34,,,"pray; numerous, ample, abundant"
U+7947,祇,qí,5,3,,,"the spirit of the earth; (same as 只) only, merely, but"
U+7948,祈,qí,110,94,,,"pray; entreat, beseech"
U+7949,祉,zhǐ,34,32,,,"happiness, blessings, good luck"
U+794E,祎,yī,7,6,禕,,excellent
U+7950,祐,yòu,4,4,,,"divine intervention, protection"
U+7955,祕,mì,4,4,,,"mysterious, secret, abstruse"
U+7956,祖,zǔ,380,311,,,"ancestor, forefather; grandfather"
U+795A,祚,zuò,1,1,,,"throne; bless; blessing, happiness"
U+795B,祛,qū,10,9,,,"expel, disperse, exorcise"
U+795C,祜,hù,2,2,,,"blessing, happiness, prosperity"
U+795D,祝,zhù,729,611,,,pray for happiness or blessings
U+795E,神,shén,1821,1492,,,"spirit, god, supernatural being"
U+7960,祠,cí,19,13,,,ancestral temple; offer sacrifice
U+7965,祥,xiáng,236,192,,,"good luck, good omen; happiness"
U+7968,票,piào,2319,1645,,,slip of paper or bamboo; ticket
U+796D,祭,jì,190,148,,,"sacrifice to, worship"
U+796F,祯,zhēn,4,2,禎,,"lucky, auspicious, good omen"
U+7977,祷,dǎo,10,9,"祷,禱",祷,"pray; entreat, beg, plead; prayer"
U+7978,祸,huò,63,59,禍,,"misfortune, calamity, disaster"
U+797A,祺,qí,5,4,,,"good luck, good fortune"
U+797F,祿,lù,14,7,,禄,"blessing, happiness, prosperity"
U+7980,禀,bǐng,10,10,"禀,稟",禀,"report to, petition"
U+7981,禁,jìn,1258,1035,,,"restrict, prohibit, forbid"
U+7984,禄,lù,14,13,祿,,"blessing, happiness, prosperity"
U+7985,禅,chán,7,6,禪,,"meditation, contemplation"
U+798D,禍,huò,7,7,,祸,"misfortune, calamity, disaster"
U+798E,禎,zhēn,1,1,,祯,"lucky, auspicious, good omen"
U+798F,福,fú,2177,1647,,,"happiness, good fortune, blessing"
U+7995,禕,yī,3,1,,祎,"excellent, rare; beautiful, fine"
U+79A6,禦,yù,18,16,,御,"defend, resist, hold out against"
U+79A7,禧,xǐ,14,13,,,happiness; congratulations
U+79AA,禪,chán,12,9,,禅,"meditation, contemplation (dhyana); to level ground for altar; abdicate"
U+79AE,禮,lǐ,153,123,,礼,social custom; manners; courtesy; rites
U+79B1,禱,dǎo,5,5,,祷,"pray; entreat, beg, plead; prayer"
U+79B9,禹,yǔ,8,7,,,legendary hsia dynasty founder
U+79BA,禺,yú,1,1,,,district; mountain in Zhejiang
U+79BB,离,lí,1561,1389,離,,rare beast; strange; elegant
U+79BD,禽,qín,89,63,,,"birds, fowl; surname; capture"
U+79BE,禾,hé,19,13,,,grain still on stalk; rice plant
U+79BF,禿,tū,1,1,,秃,"bald, bare, stripped"
U+79C0,秀,xiù,480,411,,,"ear of grain; flowering, luxuriant; refined, elegant, graceful"
U+79C1,私,sī,559,493,,,"private, personal; secret"
U+79C3,秃,tū,8,8,"禿,秃",秃,bald
U+79C6,秆,gǎn,6,4,"秆,稈",秆,straw; stalk of grain
U+79C8,秈,xiān,1,1,,籼,non-glutinous long grain rice
U+79C9,秉,bǐng,41,39,,,"grasp, hold; bundle; authority"
U+79CB,秋,qiū,1000,659,"秋,鞦",秋,"autumn, fall; year"
U+79CD,种,zhǒng,4033,3162,"种,種",种,"seed; race, breed; to plant"
U+79D1,科,kē,4920,3929,,,"section, department, science"
U+79D2,秒,miǎo,423,382,,,beard of grain or corn; a second
U+79D8,秘,mì,569,504,,,"secret, mysterious, abstruse"
U+79DF,租,zū,328,221,,,"rent, lease; rental; tax"
U+79E3,秣,mò,3,3,,,"fodder, horse feed; feed horse"
U+79E4,秤,chèng,2,2,,,"balance, scale, steelyard"
U+79E6,秦,qín,204,128,,,feudal state of Qin; the Qin dynasty (from which the name 'China' comes)
U+79E7,秧,yāng,38,23,,,"rice seedlings, young rice plants"
U+79E9,秩,zhì,123,116,,,order; orderly; salary; decade
U+79ED,秭,zǐ,5,3,,,one billion; also used for higher powers of ten; a county in Hubei province
U+79EF,积,jī,1653,1308,積,,"accumulate, store up, amass"
U+79F0,称,chēng,4108,3840,"称,稱",称,"call; name, brand; address; say"
U+79F8,秸,jiē,4,2,,,"stalks of millet, corn"
U+79FB,移,yí,1171,965,,,"change place, shift; move about"
U+79FD,秽,huì,3,3,穢,,"dirty, unclean; immoral, obscene"
U+7A00,稀,xī,558,358,,,"rare, unusual, scarce; sparse"
U+7A05,稅,shuì,884,433,,税,"taxes, revenue, duty; tax"
U+7A08,稈,gǎn,1,1,,秆,stalk of grain; straw
U+7A0B,程,chéng,3219,2781,,,"journey, trip; schedule, agenda"
U+7A0D,稍,shāo,77,73,,,"little, slightly; rather"
U+7A0E,税,shuì,1921,1260,稅,,taxes
U+7A14,稔,rěn,8,8,,,"ripe grain; harvest; to know, be familiar with"
U+7A17,稗,bài,1,1,,,"darnels, weeds, tares small"
U+7A19,稙,zhī,1,1,,,grain ready for grinding
U+7A1A,稚,zhì,11,11,,,"young, immature; childhood"
U+7A1C,稜,léng,3,3,,,"corner, edge, angle; square block"
U+7A1E,稞,kē,9,5,,,grain ready for grinding; grain
U+7A1F,稟,bǐng,4,4,,禀,"report to, petition"
U+7A20,稠,chóu,14,11,,,"dense, crowded, packed; soupy"
U+7A23,稣,sū,15,15,穌,,"revive, to rise again; collect"
U+7A2E,種,zhǒng,705,545,,种,seed; race; offspring; to plant
U+7A31,稱,chēng,768,700,,称,"call; name, brand; address; say"
U+7A33,稳,wěn,910,846,"稳,穩",稳,"stable, firm, solid, steady"
U+7A37,稷,jì,2,1,,,god of cereals; minister of agriculture
U+7A3B,稻,dào,223,136,,,"rice growing in field, rice plant"
U+7A3C,稼,jià,1,1,,,sow grain; sheaves of grain
U+7A3D,稽,jī,11,9,,,"examine, investigate; delay"
U+7A3F,稿,gǎo,133,122,,,"draft, manuscript, rough copy"
U+7A40,穀,gǔ,27,22,,谷,"corn, grain, cereal; lucky"
U+7A46,穆,mù,166,143,,,"majestic, solemn, reverent; calm"
U+7A4C,穌,sū,1,1,,稣,"revive, to rise again; collect"
U+7A4D,積,jī,477,381,,积,"accumulate, store up, amass"
U+7A4E,穎,yǐng,30,23,,颖,rice tassel; sharp point; clever
U+7A57,穗,suì,21,18,,,ear of grain; tassel; Guangzhou
U+7A69,穩,wěn,335,290,,稳,"stable, firm, solid, steady"
U+7A6B,穫,huò,70,64,,获,"harvest, cut grain"
U+7A74,穴,xué,32,24,,,"cave, den, hole; Kangxi radical 116"
U+7A76,究,jiū,2365,1964,,,"examine, investigate"
U+7A77,穷,qióng,85,79,"穷,窮",穷,"poor, destitute, impoverished"
U+7A79,穹,qióng,21,18,,,high and vast; elevated; arched
U+7A7A,空,kōng,4436,3162,,,"empty, hollow, bare, deserted"
U+7A7F,穿,chuān,674,585,,,"penetrate, pierce, drill; wear"
U+7A81,突,tū,2051,1870,,,"suddenly, abruptly, unexpectedly"
U+7A83,窃,qiè,110,89,"窃,竊",窃,"secretly, stealthily; steal; thief"
U+7A84,窄,zhǎi,108,103,,,"narrow, tight; narrow-minded"
U+7A88,窈,yǎo,2,2,,,"obscure, secluded; refined"
U+7A8D,窍,qiào,5,5,竅,,"hole, opening, aperture"
U+7A91,窑,yáo,18,14,窯,,kiln; coal mine pit
U+7A92,窒,zhì,12,12,,,"stop up, obstruct"
U+7A95,窕,tiǎo,2,2,,,"slender; quiet and modest, charming"
U+7A96,窖,jiào,15,11,,,"pit, cellar"
U+7A97,窗,chuāng,155,126,,,window
U+7A98,窘,jiǒng,19,19,,,embarrassed; hard-pressed
U+7A9C,窜,cuàn,9,9,竄,,"run away; revise, edit; expel"
U+7A9D,窝,wō,36,27,窩,,"nest; cave, den; hiding place"
U+7A9F,窟,kū,78,35,,,"hole, cave; cellar; underground"
U+7AA5,窥,kuī,48,42,窺,,"peep, watch, spy on, pry"
U+7AA6,窦,dòu,2,2,竇,,"surname; hole, burrow; corrupt"
U+7AA8,窨,yìn,1,1,,,"a cellar, a store-room"
U+7AA9,窩,wō,7,6,,窝,"nest; cave, den; hiding place"
U+7AAA,窪,wā,3,3,,洼,hollow; pit; depression; swamp
U+7AAE,窮,qióng,18,18,,穷,"poor, destitute, impoverished"
U+7AAF,窯,yáo,15,10,,窑,kiln; coal mine pit
U+7ABA,窺,kuī,6,6,,窥,"peep, watch, spy on, pry"
U+7ABF,窿,lóng,4,4,,,"mine shaft; cavity, hole"
U+7AC4,竄,cuàn,3,2,,窜,"run away; revise, edit; expel"
U+7AC5,竅,qiào,1,1,,窍,"hole, opening, aperture"
U+7AC7,竇,dòu,1,1,,窦,"surname; hole, burrow; corrupt"
U+7ACA,竊,qiè,26,19,,窃,"secretly, stealthily; steal; thief"
U+7ACB,立,lì,3494,2974,,,"stand; let stand; establish, set"
U+7AD6,竖,shù,13,13,"竪,豎",,"perpendicular, vertical; erect"
U+7AD9,站,zhàn,1869,1411,,,"stand up; a stand, station"
U+7ADC,竜,lóng,1,1,,,dragon; symbolic of emperor
U+7ADE,竞,jìng,1548,1387,競,,"contend, vie, compete"
U+7ADF,竟,jìng,382,379,,,"finally, after all, at last"
U+7AE0,章,zhāng,375,327,,,"composition; chapter, section"
U+7AE3,竣,jùn,39,31,,,"terminate, end, finish; quit"
U+7AE5,童,tóng,574,476,,,"child, boy, servant boy; virgin"
U+7AED,竭,jié,43,42,,,put forth great effort; exhaust
U+7AEF,端,duān,1395,1165,,,"end, extreme; head; beginning"
U+7AF6,競,jìng,361,307,,竞,"contend, vie, compete"
U+7AF9,竹,zhú,209,161,,,bamboo; flute; Kangxi radical 118
U+7AFA,竺,zhú,9,5,,,India; bamboo; surname
U+7AFF,竿,gān,20,19,,,bamboo pole; penis
U+7B03,笃,dǔ,5,4,篤,,"deep, true, sincere, genuine"
U+7B08,笈,jí,3,3,,,bamboo box used carry books
U+7B0B,笋,sǔn,21,19,"笋,筍",笋,bamboo shoots
U+7B11,笑,xiào,273,235,,,"smile, laugh, giggle; snicker"
U+7B14,笔,bǐ,519,450,"笔,筆",笔,writing brush; write; stroke
U+7B19,笙,shēng,19,11,,,small gourd-shaped musical instrument
U+7B1B,笛,dí,22,18,,,bamboo flute; whistle
U+7B1E,笞,chī,1,1,,,bamboo rod used for beatings
U+7B20,笠,lì,6,6,,,bamboo hat; bamboo covering
U+7B26,符,fú,321,305,,,"i.d. tag, tally, symbol, charm"
U+7B28,笨,bèn,11,11,,,"foolish, stupid, dull; awkward"
U+7B2C,第,dì,6156,5108,,,"sequence, number; grade, degree"
U+7B39,笹,shì,3,1,,,small bamboo
U+7B3A,笺,jiān,4,4,箋,,"note, memo; stationery; comments"
U+7B3C,笼,lóng,110,100,籠,,cage; cage-like basket
U+7B46,筆,bǐ,81,67,,笔,writing brush; write; stroke
U+7B49,等,děng,8067,6989,,,"rank, grade; to wait; equal, “and so forth”"
U+7B4B,筋,jīn,41,40,,,muscles; tendons
U+7B4D,筍,sǔn,17,12,,笋,bamboo shoot; joint; tendon
U+7B4F,筏,fá,12,11,,,raft
U+7B50,筐,kuāng,11,9,,,bamboo basket or chest
U+7B51,筑,zhù,332,285,"筑,築",筑,ancient lute; build
U+7B52,筒,tǒng,37,29,,,thick piece of bamboo; pipe
U+7B54,答,dá,524,468,,,"answer, reply; return; assent to"
U+7B56,策,cè,2485,2144,,,"scheme, plan; to whip; urge"
U+7B5B,筛,shāi,67,59,篩,,"sieve, filter, screen; sift"
U+7B5D,筝,zhēng,20,11,箏,,stringed musical instrument; kite
U+7B60,筠,yún,2,2,,,bamboo skin; bamboo
U+7B71,筱,xiǎo,4,4,,,dwarf bamboo; diminutive in person's name
U+7B75,筵,yán,1,1,,,feast
U+7B77,筷,kuài,26,23,,,chopsticks
U+7B79,筹,chóu,274,256,籌,,"chip, tally, token; raise money"
U+7B7E,签,qiān,764,636,"簽,籤",,"sign, endorse; slip of paper"
U+7B80,简,jiǎn,547,503,簡,,"simple, terse, succinct, a letter"
U+7B87,箇,gè,1,1,,,"numerary adjunct, piece; single"
U+7B8B,箋,jiān,1,1,,笺,"note, memo; stationery; comments"
U+7B8D,箍,gū,10,10,,,"hoop; bind, surround"
U+7B8F,箏,zhēng,6,6,,筝,stringed musical instrument; kite
U+7B94,箔,bó,22,13,,,reed screen; frame for growing silkworms
U+7B95,箕,jī,1,1,,,"sieve; dust pan, garbage bag; 7th lunar mansion, determinative star γ² Sagittarii (Alnasl)"
U+7B97,算,suàn,1685,1340,,,"count, calculate, figure; plan"
U+7B9C,箜,kōng,2,2,,,ancient string music instrument
U+7B9D,箝,qián,1,1,,,"tweezers, pliers, tongs, pincers"
U+7BA1,管,guǎn,4093,3474,,,"pipe, tube, duct; woodwind music"
U+7BA9,箩,luó,2,2,"箩,籮",箩,bamboo basket
U+7BAC,箬,ruò,7,5,,,the cuticle of the bamboo a broad-leaved bamboo
U+7BAD,箭,jiàn,536,342,,,arrow; type of bamboo
U+7BB1,箱,xiāng,457,326,,,"case, box, chest, trunk"
U+7BC0,節,jié,1191,789,,节,"knot, node, joint; section; hexagram ䷻"
U+7BC1,篁,huáng,2,2,,,bamboo grove; bamboo
U+7BC4,範,fàn,177,158,,范,"pattern, model, rule, law"
U+7BC6,篆,zhuàn,8,4,,,"seal script; seal, official stamp"
U+7BC7,篇,piān,252,231,,,"chapter, section, essay, article"
U+7BC9,築,zhú,128,104,,筑,"build, erect; building"
U+7BCC,篌,hóu,2,2,,,ancient musical instrument; harp
U+7BD1,篑,kuì,4,4,簣,,a bamboo basket for carrying earth
U+7BD3,篓,lǒu,4,4,"篓,簍",篓,bamboo basket
U+7BDD,篝,gōu,14,10,,,bamboo basket; bamboo frame
U+7BE0,篠,xiǎo,1,1,,,dwarf bamboo; diminutive in person's name
U+7BE1,篡,cuàn,14,12,,,usurp
U+7BE4,篤,dǔ,2,2,,笃,"deep, true, sincere, genuine"
U+7BE9,篩,shāi,7,6,,筛,"sieve, filter, screen; sift"
U+7BEA,篪,chí,6,6,,,a bamboo flute with seven holes
U+7BEE,篮,lán,115,77,籃,,basket
U+7BF1,篱,lí,2,2,"篱,籬",篱,bamboo or wooden fence; hedge
U+7BF7,篷,péng,29,23,,,"awning, covering; sail; boat"
U+7BFE,篾,miè,2,2,,,bamboo splints or slats
U+7C07,簇,cù,12,11,,,"swarm, crowd together, cluster"
U+7C0B,簋,guǐ,4,2,,,a square basket of bamboo for holding grain used at sacrifices
U+7C0C,簌,sù,4,2,,,(of flower petals) falling
U+7C0D,簍,lǒu,3,1,,篓,bamboo basket
U+7C0F,簏,lù,1,1,,,"a box, a basket"
U+7C21,簡,jiǎn,90,77,,简,"simple, terse, succinct; letter"
U+7C27,簧,huáng,5,5,,,reed of woodwind instrument
U+7C2A,簪,zān,9,7,,,"hairpin, clasp; wear in hair"
U+7C37,簷,yán,3,3,,,eaves of house; brim
U+7C38,簸,bǒ,11,11,,,winnower
U+7C3D,簽,qiān,251,173,,签,"sign, endorse; slip of paper"
U+7C3E,簾,lián,4,3,,帘,"a blind, screen, curtain"
U+7C3F,簿,bù,50,44,,,"register, account book, notebook"
U+7C41,籁,lài,3,3,籟,,bamboo flute; pipe; various sound
U+7C43,籃,lán,43,33,,篮,basket
U+7C4C,籌,chóu,59,53,,筹,"chip, tally, token; raise money"
U+7C4D,籍,jí,467,384,,,"record, register, list; census"
U+7C5F,籟,lài,3,2,,籁,bamboo flute; pipe; various sound
U+7C60,籠,lóng,22,20,,笼,cage; cage-like basket
U+7C64,籤,qiān,14,13,,签,tally; lot; marker
U+7C6C,籬,lí,3,2,,篱,bamboo or wooden fence; hedge
U+7C6E,籮,luó,1,1,,箩,bamboo basket
U+7C72,籲,yù,65,60,,吁,appeal; request; implore
U+7C73,米,mǐ,2820,1875,,,hulled or husked uncooked rice
U+7C7B,类,lèi,1406,1229,類,,"class, group, kind, category"
U+7C7D,籽,zǐ,29,21,,,"seed, pip, pit, stone"
U+7C84,粄,bǎn,1,1,,,
U+7C89,粉,fěn,521,414,,,"powder, face powder; plaster"
U+7C91,粑,bā,10,4,,,"bread, cake; tsamba (Tibetan barley bread)"
U+7C92,粒,lì,110,91,,,grain; small particle
U+7C95,粕,pò,4,4,,,"lees, dregs, sediments left after distilling liquor"
U+7C97,粗,cū,80,72,,,"rough, thick, course; rude"
U+7C98,粘,zhān,36,32,,,"viscous, mucous; glutinous"
U+7C9B,粛,sù,1,1,,,pay respects; reverently
U+7C9F,粟,sù,4,4,,,unhusked millet; grain
U+7CA4,粤,yuè,77,65,粵,,Guangdong and Guangxi provinces; initial particle
U+7CA5,粥,zhōu,31,23,,,"rice gruel, congee"
U+7CA7,粧,zhuāng,9,7,,,toilet; make-up; dress up; adorn
U+7CAA,粪,fèn,17,12,糞,,"manure, dung, excrement, night soil"
U+7CAE,粮,liáng,330,229,"粮,糧",粮,"food, grain, provisions"
U+7CB1,粱,liáng,11,8,,,better varieties of millet
U+7CB3,粳,jīng,1,1,,,non-glutinous rice
U+7CB5,粵,yuè,53,38,,粤,Guangdong and Guangxi provinces; initial particle
U+7CB9,粹,cuì,57,55,,,pure; unadulterated; select
U+7CBC,粼,lín,28,14,,,clear like water; crystalline
U+7CBD,粽,zòng,116,54,,,dumpling made of glutinous rice
U+7CBE,精,jīng,1483,1359,,,essence; semen; spirit
U+7CBF,粿,guǒ,23,15,,,rice cake
U+7CC5,糅,róu,3,3,,,"blend, mix; mixed"
U+7CCA,糊,hú,75,66,,,"paste, stick on with paste"
U+7CCD,糍,cí,3,3,,,food made of crushed and cooked rice
U+7CD5,糕,gāo,231,189,,,"cakes, pastry"
U+7CD6,糖,táng,369,238,,,sugar; candy; sweets
U+7CD7,糗,qiǔ,2,2,,,parched wheat or rice; broken grain
U+7CD9,糙,cāo,8,8,,,"coarse, harsh, rough, unpolished rice"
U+7CDC,糜,mí,1,1,,,"rice gruel, congee; mashed rice"
U+7CDE,糞,fèn,2,2,,粪,"manure, dung, night soil"
U+7CDF,糟,zāo,135,127,,,"sediment, dregs; pickle"
U+7CE0,糠,kāng,1,1,,,"chaff, bran, husks; poor"
U+7CE7,糧,liáng,114,53,,粮,"food, grain, provisions"
U+7CEF,糯,nuò,60,50,,,"glutinous rice; glutinous, sticky"
U+7CF0,糰,tuán,3,3,,"团,𰪶",rice ball
U+7CF8,糸,mì,7,4,,,silk; Kangxi radical 120
U+7CFB,系,xì,3778,3209,"係,系,繫",系,"system; line, link, connection"
U+7CFE,糾,jiū,32,29,,纠,"investigate, inspect"
U+7D00,紀,jì,515,384,,纪,"record, annal, historical account"
U+7D04,約,yuē,1311,1009,,约,"treaty, agreement, covenant"
U+7D05,紅,hóng,485,352,,红,"red, vermillion; blush, flush"
U+7D09,紉,rèn,1,1,,纫,"thread needle, sew stitch, string"
U+7D0A,紊,wěn,7,7,,,"confused, disorder"
U+7D0B,紋,wén,36,31,,纹,"line, streak, stripe; wrinkle"
U+7D0D,納,nà,239,175,,纳,"admit, take, receive, accept"
U+7D10,紐,niǔ,242,189,,纽,"knot; button; handle, knob; tie"
U+7D13,紓,shū,2,2,,纾,"loosen, relax, relieve; extricate"
U+7D14,純,chún,159,140,,纯,"pure, clean, simple"
U+7D17,紗,shā,17,14,,纱,"gauze, thin silk; yarn, thread"
U+7D19,紙,zhǐ,93,66,,纸,paper
U+7D1A,級,jí,742,592,,级,"level, rank, class; grade"
U+7D1B,紛,fēn,221,122,,纷,"in disorder, scattered, tangled"
U+7D1C,紜,yún,1,1,,纭,"confused, in disorder; numerous"
U+7D20,素,sù,996,901,,,white (silk); plain; vegetarian; formerly; normally
U+7D21,紡,fǎng,16,14,,纺,"spin, reel, weave; reeled pongee"
U+7D22,索,suǒ,1328,1022,,,"large rope, cable; rules, laws; to demand, to exact; to search, inquire; isolated"
U+7D25,紥,zā,1,1,,,"tie, fasten, bind"
U+7D27,紧,jǐn,1530,1448,緊,,"tense, tight, taut; firm, secure"
U+7D2B,紫,zǐ,152,133,,,"purple, violet; amethyst; surname"
U+7D2E,紮,zā,38,38,,,"tie, fasten, bind"
U+7D2F,累,lèi,801,715,"累,纍",累,"tired; implicate, involve; bother"
U+7D30,細,xì,142,117,,细,"fine, tiny; slender, thin"
U+7D33,紳,shēn,2,1,,绅,"girdle; tie, bind; gentry"
U+7D39,紹,shào,174,158,,绍,"continue, carry on; hand down; to join"
U+7D42,終,zhōng,281,261,,终,"end; finally, in the end"
U+7D44,組,zǔ,904,657,,组,"class; section, department"
U+7D46,絆,bàn,6,6,,绊,"loop, catch; fetter, shackle"
U+7D4C,経,jīng,1,1,,,classic works; pass through
U+7D50,結,jié,591,518,,结,"knot, tie; join, connect"
U+7D55,絕,jué,179,167,,绝,"cut, sever, break off, terminate"
U+7D5E,絞,jiǎo,1,1,,绞,"twist, wring; intertwine; winch"
U+7D61,絡,luò,136,110,,络,"enmesh, wrap around; web, net"
U+7D62,絢,xuàn,45,35,,绚,"variegated, adorned; brilliant"
U+7D66,給,gěi,385,349,,给,"give; by, for"
U+7D68,絨,róng,13,11,,绒,"silk, cotton, or woolen fabric"
U+7D6E,絮,xù,15,14,,,"waste cotton, raw silk or cotton"
U+7D71,統,tǒng,1363,1044,,统,"govern, command, control; unite"
U+7D72,絲,sī,162,130,,丝,silk; fine thread; wire; strings
U+7D79,絹,juàn,2,2,,绢,kind of thick stiff silk
U+7D81,綁,bǎng,10,9,,绑,"bind, tie, fasten"
U+7D89,綉,tòu,1,1,,绣,embroider; embroidery; ornament
U+7D8F,綏,suī,9,9,,绥,"soothe, appease, pacify; carriage harness"
U+7D91,綑,kǔn,1,1,,,"coil, roll, bundle, tie up"
U+7D93,經,jīng,2114,1578,,经,classic works; pass through
U+7D99,継,jì,1,1,,,"continue, maintain, carry on"
U+7D9C,綜,zōng,120,109,,综,arrange threads for weaving
U+7DA0,綠,lǜ,282,204,,绿,green; chlorine
U+7DA2,綢,chóu,30,28,,绸,"silk cloth, satin damask"
U+7DA6,綦,qí,6,3,,,dark grey. variegated. superlative
U+7DAC,綬,shòu,1,1,,绶,silk ribbon attached as a seal
U+7DAD,維,wéi,427,333,,维,"maintain, preserve, safeguard"
U+7DB1,綱,gāng,10,10,,纲,"heavy rope, hawser; main points"
U+7DB2,網,wǎng,1129,896,,网,"net, web; network"
U+7DB4,綴,zhuì,24,23,,缀,"patch together, link, connect"
U+7DB8,綸,lún,11,7,,纶,green silk thread or tassel
U+7DBA,綺,qǐ,1,1,,绮,"fine thin silk; elegant, beautiful"
U+7DBB,綻,zhàn,62,51,,绽,"ripped seam, rend, crack"
U+7DBD,綽,chuò,2,1,,绰,"graceful, delicate; spacious"
U+7DBE,綾,líng,1,1,,绫,"thin silk, damask silk"
U+7DBF,綿,mián,38,36,,绵,"cotton wad; wool; soft, downy"
U+7DCA,緊,jǐn,295,256,,紧,"tense, tight, taut; firm, secure"
U+7DCB,緋,fēi,1,1,,绯,"scarlet, dark red, crimson; purple"
U+7DD2,緒,xù,42,42,,绪,end of thread; thread
U+7DD9,緙,kè,1,1,,缂,the woof of a woven item
U+7DDA,線,xiàn,801,558,,"线,缐","thread, line, wire; clue"
U+7DDD,緝,jī,6,4,,缉,to sew in close stitches
U+7DDE,緞,duàn,3,3,,缎,satin
U+7DE0,締,dì,22,22,,缔,"tie, join, connect; connection"
U+7DE3,緣,yuán,101,91,,缘,"hem, margin; reason, cause; karma, fate"
U+7DE8,編,biān,97,77,,编,"knit, weave; arrange; compile"
U+7DE9,緩,huǎn,198,165,,缓,"slow, leisurely; to postpone, delay"
U+7DEC,緬,miǎn,98,53,,缅,"distant, remote; think of"
U+7DEF,緯,wěi,37,28,,纬,woof; parallels of latitude
U+7DF2,緲,miǎo,3,3,,缈,"indistinct, dim; minute; distant"
U+7DF4,練,liàn,167,134,,练,"practice, drill, exercise, train"
U+7DFB,緻,zhì,25,24,,"致,𰬫","delicate, fine; dense"
U+7E08,縈,yíng,4,4,,萦,"entangle, entwine, coil"
U+7E1B,縛,fù,1,1,,缚,to tie
U+7E23,縣,xiàn,609,471,,县,"county, district, subdivision"
U+7E2B,縫,fèng,20,17,,缝,"sew, mend"
U+7E2E,縮,suō,186,168,,缩,"contract, draw in, reduce"
U+7E31,縱,zòng,61,51,,纵,"indulge in, give free reign to"
U+7E37,縷,lǚ,10,8,,缕,"thread; detailed, precise"
U+7E39,縹,piǎo,3,3,,缥,light blue silk; dim; misty
U+7E3D,總,zǒng,1782,1313,,总,"collect; overall, altogether"
U+7E3E,績,jī,155,140,,绩,spin; achievements
U+7E41,繁,fán,546,494,,,"complicated, complex, difficult"
U+7E43,繃,běng bēng,3,3,,绷,"bind, draw firmly, strap"
U+7E45,繅,sāo,1,1,,缫,"draw, reel silk from cocoons; elegant compositions"
U+7E46,繆,móu,2,2,,缪,"wind around, bind; prepare"
U+7E54,織,zhī,418,322,,织,"weave, knit; organize, unite"
U+7E55,繕,shàn,7,6,,缮,"repair, mend; rewrite, transcribe"
U+7E5A,繚,liáo,20,17,,缭,"wind round, rap around, bind"
U+7E5E,繞,rào,131,126,,绕,entwine; wind around; surround
U+7E61,繡,xiù,24,19,,"绣,𰬩",embroider; embroidery; ornament
U+7E69,繩,shéng,45,40,,绳,"rope, string, cord; measure, restrain"
U+7E6A,繪,huì,97,83,,绘,"draw, sketch, paint"
U+7E6B,繫,xì,62,53,,系,"attach, connect, unite, fasten"
U+7E6D,繭,jiǎn,6,2,,茧,"cocoon; callus, blister"
U+7E73,繳,jiǎo,21,15,,缴,"deliver, submit; hand over"
U+7E79,繹,yì,26,25,,绎,"to unravel or unreel silk; to interpret, explain"
U+7E7C,繼,jì,348,327,,继,"continue, maintain, carry on"
U+7E7D,繽,bīn,10,9,,缤,"flourishing, thriving, abundant"
U+7E82,纂,zuǎn,2,2,,,"edit, compile; topknot, chignon"
U+7E8C,續,xù,1190,1037,,续,"continue, carry on; succeed"
U+7E8D,纍,léi,3,3,,累,"bind, wind about; link, join"
U+7E8F,纏,chán,10,10,,缠,"wrap, wind around; tie, bind"
U+7E93,纓,yīng,3,3,,缨,"a chin strap, tassel; to annoy, bother"
U+7E96,纖,xiān,34,22,,纤,"fine, delicate; minute; graceful"
U+7E9C,纜,lǎn,20,14,,缆,"hawser, heavy-duty rope, cable"
U+7E9F,纟,sī,1,1,糹,,silk; Kangxi radical 120
U+7EA0,纠,jiū,90,83,糾,,"investigate, inspect"
U+7EA1,纡,yū,1,1,紆,,"bend, turn, twist; distort"
U+7EA2,红,hóng,1244,995,紅,,"red, vermillion; blush, flush"
U+7EA4,纤,xiān,96,61,"縴,纖",,"fine, delicate; minute; graceful"
U+7EA6,约,yuē,4299,3678,約,,"treaty, agreement, covenant"
U+7EA7,级,jí,2227,1971,級,,"level, rank, class; grade"
U+7EAA,纪,jì,1296,1161,紀,,"record, annal, historical account"
U+7EAC,纬,wěi,35,33,緯,,woof; parallels of latitude
U+7EAD,纭,yún,3,3,紜,,"confused, in disorder; numerous"
U+7EAE,纮,hóng,4,4,紘,,"string; vast, expansive"
U+7EAF,纯,chún,597,457,純,,"pure, clean, simple"
U+7EB0,纰,pī,1,1,紕,,spoiled silk; hem of dress; mista
U+7EB1,纱,shā,40,38,紗,,"gauze, thin silk; yarn, thread"
U+7EB2,纲,gāng,28,25,綱,,"heavy rope, hawser; main points"
U+7EB3,纳,nà,1314,1150,納,,"admit, take, receive, accept"
U+7EB5,纵,zòng,82,78,縱,,"indulge in, give free reign to"
U+7EB6,纶,lún,2,2,綸,,green silk thread or tassel
U+7EB7,纷,fēn,842,474,紛,,"in disorder, scattered, tangled"
U+7EB8,纸,zhǐ,302,235,紙,,paper
U+7EB9,纹,wén,107,80,紋,,"line, streak, stripe; wrinkle"
U+7EBA,纺,fǎng,22,18,紡,,"spin, reel, weave; reeled pongee"
U+7EBD,纽,niǔ,454,406,紐,,"knot; button; handle, knob; tie"
U+7EBE,纾,shū,14,14,紓,,"loosen, relax, relieve; extricate"
U+7EBF,线,xiàn,1743,1471,"綫,線",,"line, thread, wire; clue"
U+7EC3,练,liàn,406,354,練,,"to practice, drill, exercise, train"
U+7EC4,组,zǔ,2087,1771,組,,"class; section, department"
U+7EC6,细,xì,690,568,細,,"fine, tiny; slender, thin"
U+7EC7,织,zhī,920,838,織,,"weave, knit; organize, unite"
U+7EC8,终,zhōng,1188,1127,終,,"end; finally, in the end"
U+7ECA,绊,bàn,17,16,絆,,"loop, catch; fetter, shackle"
U+7ECC,绌,chù,2,2,絀,,"sew, stitch; insufficient"
U+7ECD,绍,shào,258,251,紹,,"continue, carry on; join"
U+7ECE,绎,yì,49,48,繹,,to unravel or unreel silk; to interpret
U+7ECF,经,jīng,8398,6584,經,,classic works; pass through
U+7ED1,绑,bǎng,78,74,綁,,"bind, tie, fasten"
U+7ED2,绒,róng,25,19,絨,,"silk, cotton, or woolen fabric"
U+7ED3,结,jié,2370,2185,結,,"knot, tie; join, connect"
U+7ED5,绕,rào,344,332,繞,,entwine; wind around; surround
U+7ED8,绘,huì,150,124,繪,,"draw, sketch, paint"
U+7ED9,给,gěi,1788,1688,給,,"give; by, for"
U+7EDA,绚,xuàn,64,61,絢,,"variegated, adorned; brilliant"
U+7EDB,绛,jiàng,1,1,絳,,deep red; river in Shanxi province
U+7EDC,络,luò,780,674,絡,,"enmesh, wrap around; web, net"
U+7EDD,绝,jué,747,712,"絕,絶",,"to cut, sever, break off, terminate"
U+7EDE,绞,jiǎo,13,13,絞,,"twist, wring; intertwine; winch"
U+7EDF,统,tǒng,4930,4128,統,,"govern, command, control; unite"
U+7EE2,绢,juàn,10,8,絹,,kind of thick stiff silk
U+7EE3,绣,xiù,54,34,"綉,繡",,embroider; embroidery; ornament
U+7EE5,绥,suí,4,4,綏,,"soothe, appease, pacify"
U+7EE6,绦,tāo,5,4,"絛,縧",,"silk cord, ribbon"
U+7EE7,继,jì,1556,1509,繼,,"continue, maintain, carry on"
U+7EE9,绩,jì,638,562,績,,spin; achievements
U+7EEA,绪,xù,295,284,緒,,"end of thread; thread, clue"
U+7EEB,绫,líng,3,3,綾,,"thin silk, damask silk"
U+7EED,续,xù,4343,3959,續,,"continue, carry on; succeed"
U+7EEE,绮,qǐ,2,2,綺,,"fine thin silk; elegant, beautiful"
U+7EEF,绯,fēi,3,3,緋,,"scarlet, dark red, crimson; purple"
U+7EF0,绰,chuò,10,10,綽,,"graceful, delicate; spacious"
U+7EF3,绳,shéng,117,80,繩,,"rope, string, cord; control"
U+7EF4,维,wéi,1271,1130,維,,"maintain, preserve, safeguard"
U+7EF5,绵,mián,67,65,綿,,"cotton wad; wool; soft, downy"
U+7EF6,绶,shòu,2,2,綬,,silk ribbon attached as a seal
U+7EF7,绷,bēng,11,11,"綳,繃",,"bind, draw firmly, strap"
U+7EF8,绸,chóu,18,18,綢,,"silk cloth, satin damask"
U+7EFB,绻,quǎn,1,1,綣,,"affectionate, solicitous"
U+7EFC,综,zōng,297,283,綜,,arrange threads for weaving
U+7EFD,绽,zhàn,94,89,綻,,"ripped seam, rend, crack"
U+7EFF,绿,lǜ,432,364,"綠,緑",,green; chlorine
U+7F00,缀,zhuì,32,32,綴,,"patch together, link, connect"
U+7F02,缂,kè,2,1,緙,,the woof of a woven item
U+7F04,缄,jiān,2,2,緘,,"seal, close; bind; letter"
U+7F05,缅,miǎn,250,153,緬,,"distant, remote; think of"
U+7F06,缆,lǎn,47,35,纜,,"hawser, heavy-duty rope, cable"
U+7F07,缇,tí,1,1,緹,,"reddish color, red, brown"
U+7F08,缈,miǎo,9,8,緲,,"indistinct, dim; minute; distant"
U+7F09,缉,jī,43,35,緝,,to sew in close stitches
U+7F0E,缎,duàn,2,2,緞,,satin
U+7F13,缓,huǎn,1170,1059,緩,,"slow, leisurely; to postpone, delay"
U+7F14,缔,dì,36,36,締,,"tie, join, connect; connection"
U+7F15,缕,lǚ,19,17,縷,,"thread; detailed, precise"
U+7F16,编,biān,321,276,編,,"knit, weave; arrange; compile"
U+7F18,缘,yuán,367,347,緣,,"hem, margin; reason, cause; fate"
U+7F1A,缚,fù,12,12,縛,,to tie
U+7F1B,缛,rù,1,1,縟,,"decorative, adorned, elegant"
U+7F1D,缝,fèng,58,55,縫,,"sew, mend"
U+7F20,缠,chán,38,31,纏,,"wrap, wind around; tie, bind"
U+7F23,缣,jiān,5,5,縑,,fine silk
U+7F24,缤,bīn,15,15,繽,,"flourishing, thriving, abundant"
U+7F25,缥,piāo,9,8,縹,,light blue silk; dim; misty
U+7F26,缦,màn,1,1,縵,,"plain silk; simple, plain"
U+7F28,缨,yīng,6,4,纓,,"a chin strap; tassel; to annoy, bother"
U+7F29,缩,suō,814,737,縮,,"contract, draw in, reduce"
U+7F2A,缪,móu,9,8,繆,,"wind around, bind; prepare"
U+7F2C,缬,xié,1,1,纈,,patterned silk; tie knot
U+7F2D,缭,liáo,29,28,繚,,"wind round, rap around, bind"
U+7F2E,缮,shàn,5,5,繕,,"repair, mend; rewrite, transcribe"
U+7F30,缰,jiāng,2,2,"繮,韁",,"reins, bridle"
U+7F31,缱,qiǎn,1,1,繾,,"attached to, inseparable; entangled"
U+7F34,缴,jiǎo,71,62,繳,,"deliver, submit; hand over"
U+7F38,缸,gāng,11,11,,,"earthenware jug, crock; cistern"
U+7F3A,缺,quē,1225,1092,,,"be short of, lack; gap, deficit"
U+7F3D,缽,bō,4,3,,钵,earthenware basin; alms bowl
U+7F42,罂,yīng,1,1,罌,,long necked jar or bottle
U+7F44,罄,qìng,28,28,,,"exhaust, run out, use up; empty"
U+7F48,罈,tán,1,1,,坛,"an earthenware jar, a jug"
U+7F4D,罍,léi,1,1,,,large earthenware wine jar
U+7F50,罐,guàn,78,64,,,"jar, jug, pitcher, pot"
U+7F51,网,wǎng,3405,2794,"網,网",网,net; network; Kangxi radical 122
U+7F54,罔,wǎng,13,11,,,net; deceive; libel; negative
U+7F55,罕,hǎn,368,346,,,"rare, scarce; surname"
U+7F57,罗,luó,3124,2186,"罗,羅",罗,net for catching birds; gauze
U+7F5A,罚,fá,317,262,罰,,"penalty, fine; punish, penalize"
U+7F61,罡,gāng,2,2,,,"the stars making up the handle of the Big Dipper (Alkaid, Mizar, and Alioth)"
U+7F62,罢,bà,186,132,"罢,罷",罢,"cease, finish, stop; give up"
U+7F69,罩,zhào,278,209,,,basket for catching fish; cover
U+7F6A,罪,zuì,524,414,,,"crime, sin, vice; evil; hardship"
U+7F6E,置,zhì,1053,923,,,"place, lay out; set aside"
U+7F70,罰,fá,27,20,,罚,"penalty, fine; punish, penalize"
U+7F72,署,shǔ,962,862,,,public office
U+7F75,罵,mà,6,6,,骂,"accuse, blame, curse, scold"
U+7F77,罷,bà,29,13,,罢,"cease, finish, stop; give up"
U+7F79,罹,lí,63,60,,,"sorrow, grief; incur, meet with"
U+7F7D,罽,jì,20,4,,,a kind of woolen fabric
U+7F81,羁,jī,24,21,羈,,"halter; restrain, hold, control"
U+7F85,羅,luó,577,368,,罗,net for catching birds; gauze
U+7F88,羈,jī,2,2,,羁,"halter; restrain, hold, control"
U+7F8A,羊,yáng,316,202,,,"sheep, goat; Kangxi radical 123"
U+7F8C,羌,qiāng,25,23,,,Qiang nationality; surname
U+7F8E,美,měi,28786,17403,,,"beautiful, pretty; pleasing"
U+7F94,羔,gāo,14,9,,,"lamb, kid"
U+7F9A,羚,líng,69,38,,,species of antelope
U+7F9E,羞,xiū,24,23,,,"disgrace, shame; ashamed; shy"
U+7FA1,羡,xiàn,21,21,,,"envy, admire; praise; covet"
U+7FA4,群,qún,1357,1176,,,"group, crowd, multitude, mob"
U+7FA8,羨,xiàn,8,6,,,"envy, admire; praise; covet"
U+7FA9,義,yì,665,407,,义,"right conduct, righteousness"
U+7FAF,羯,jié,17,15,,,"wether, castrated ram; deer skin"
U+7FB2,羲,xī,10,6,,,surname
U+7FB9,羹,gēng,22,21,,,"soup, broth"
U+7FBD,羽,yǔ,189,148,,,"feather, plume; wings; Kangxi radical 124"
U+7FBF,羿,yì,1,1,,,legendary archer
U+7FC1,翁,wēng,122,115,,,"old man; father, father-in-law"
U+7FC3,翃,hóng,1,1,,,fly
U+7FC5,翅,chì,77,55,,,wings; fin
U+7FCA,翊,yì,14,12,,,"flying; assist, help; respect"
U+7FCE,翎,líng,2,2,,,feather; plume; wing
U+7FD2,習,xí,831,493,,习,practice; flapping wings
U+7FD4,翔,xiáng,69,57,,,"soar, glide, hover; detailed"
U+7FD8,翘,qiào,9,8,翹,,"turn up, lift, elevate, raise"
U+7FDF,翟,dí,14,11,,,surname; a kind of pheasant; plumes
U+7FE0,翠,cuì,103,93,,,color green; kingfisher
U+7FE1,翡,fěi,18,16,,,"kingfisher; emerald, jade"
U+7FE9,翩,piān,46,34,,,"fly, flutter"
U+7FF0,翰,hàn,72,65,,,"writing brush, pen, pencil"
U+7FF1,翱,áo,13,13,,,"soar, roam"
U+7FF9,翹,qiào,2,2,,翘,"turn up, lift, elevate, raise"
U+7FFB,翻,fān,706,618,,,"flip over, upset, capsize"
U+7FFC,翼,yì,152,121,,,"wings; fins on fish; shelter; 27th lunar mansion, determinative star α Crateris (Alkes)"
U+7FFE,翾,xuān,2,1,,,fly; to flit
U+8000,耀,yào,167,149,,,"shine, sparkle, dazzle; glory"
U+8001,老,lǎo,2035,1562,,,"old, aged; experienced; Kangxi radical 125"
U+8003,考,kǎo,1714,1394,,,"examine, test; investigate"
U+8004,耄,mào,3,3,,,"elderly person; very old, senile"
U+8005,者,zhě,8053,6792,,,that which; he who; those who
U+8006,耆,qí,1,1,,,"man of sixty; aged, old"
U+800B,耋,dié,3,3,,,aged; in one's eighties
U+800C,而,ér,5859,5409,,,and; and then; and yet; but; Kangxi radical 126
U+800D,耍,shuǎ,33,32,,,"frolic, play, amuse, play with"
U+8010,耐,nài,264,226,,,"endure, bear; resist; patient"
U+8015,耕,gēng,115,92,,,"plow, cultivate"
U+8017,耗,hào,303,269,,,"consume, use up; waste, squander"
U+8018,耘,yún,10,10,,,weed
U+8019,耙,bà pá,10,5,,,rake
U+8026,耦,ǒu,6,5,,,plow side by side; team of two
U+8033,耳,ěr,396,292,,,"ear; merely, only; handle; Kangxi radical 128"
U+8036,耶,yé,207,179,,,used in transliteration
U+8038,耸,sǒng,10,10,聳,,"urge on; rise up; stir, excite"
U+803B,耻,chǐ,19,19,"恥,耻",耻,"shame, humiliation; ashamed"
U+803D,耽,dān,7,7,,,indulge in; be negligent
U+803F,耿,gěng,29,22,,,"bright, shining; have guts"
U+8042,聂,niè,6,4,聶,,whisper; surname
U+8046,聆,líng,31,31,,,"listen, hear"
U+804A,聊,liáo,232,192,,,"somewhat, slightly, at least"
U+804B,聋,lóng,2,2,聾,,deaf
U+804C,职,zhí,956,814,"职,職",职,"duty, profession; office, post"
U+8054,联,lián,3910,3256,"联,聯",联,"connect, join; associate, ally"
U+8056,聖,shèng,90,63,,圣,"holy, sacred; sage, saint"
U+8058,聘,pìn,272,225,,,"engage, employ; betroth"
U+805A,聚,jù,714,637,,,"assemble, meet together, collect"
U+805E,聞,wén,573,521,,闻,hear; smell; make known; news
U+806A,聪,cōng,73,68,聰,,"intelligent, clever, bright"
U+806F,聯,lián,1234,867,,联,"connect, join; associate, ally"
U+8070,聰,cōng,37,35,,聪,"intelligent, clever, bright"
U+8072,聲,shēng,376,323,,声,"sound, voice, noise; tone; music"
U+8073,聳,sǒng,6,6,,耸,"urge on; rise up; stir, excite; to raise up; lofty"
U+8076,聶,niè,6,4,,聂,whisper; surname
U+8077,職,zhí,149,128,,职,"duty, profession; office, post"
U+8079,聹,níng,2,1,,聍,earwax
U+807D,聽,tīng,174,145,,听,"hear, listen; understand; obey"
U+807F,聿,yù,2,2,,,"writing brush, pencil; thereupon; Kangxi radical 129"
U+8083,肃,sù,143,126,肅,,pay respects; reverently
U+8085,肅,sù,91,62,,肃,pay respects; reverently
U+8086,肆,sì,117,115,,,"indulge; excess; numeral four; particle meaning now, therefore; shop"
U+8087,肇,zhào,27,24,,,"begin, commence, originate"
U+8089,肉,ròu,918,586,,,flesh; meat; Kangxi radical 130
U+808B,肋,lèi lè,13,12,,,ribs; chest
U+808C,肌,jī,82,67,,,muscle tissue; meat on bones
U+8096,肖,xiào,155,117,,,"look like, resemble, be like"
U+8098,肘,zhǒu,21,21,,,the elbow; help a person shoulder a load
U+809A,肚,dù,40,35,,,belly; abdomen; bowels
U+809B,肛,gāng,6,5,,,anus
U+809D,肝,gān,46,38,,,liver
U+80A0,肠,cháng,98,76,腸,,intestines; emotions; sausage
U+80A1,股,gǔ,7536,4392,,,"thighs, haunches, rump; share"
U+80A2,肢,zhī,47,36,,,human limbs; animal feet
U+80A4,肤,fū,51,42,膚,,"skin; superficial, shallow"
U+80A5,肥,féi,288,207,,,"fat, plump, obese; fertile"
U+80A9,肩,jiān,86,76,,,shoulders; to shoulder; bear
U+80AA,肪,fáng,20,17,,,animal fat
U+80AE,肮,āng,6,6,"肮,骯",肮,dirty
U+80AF,肯,kěn,344,307,,,"willing; consent to, permit"
U+80B2,育,yù,1074,829,,,"produce, give birth to; educate"
U+80B4,肴,yáo,43,39,"肴,餚",肴,cooked or prepared meat
U+80BA,肺,fèi,92,73,,,lungs
U+80BD,肽,tài,1,1,,,peptide
U+80BE,肾,shèn,27,19,腎,,"kidneys; testes, gizzard"
U+80BF,肿,zhǒng,39,34,腫,,swell; swollen; swelling
U+80C0,胀,zhàng,1247,991,脹,,"swell, inflate, expand"
U+80C1,胁,xié,538,512,脅,,"ribs, armpits; flank; threaten"
U+80C3,胃,wèi,77,63,,,"stomach; gizzard of fowl; 17th lunar mansion, determinative star 35 Arietis"
U+80C4,胄,zhòu,1,1,,,"helmet, headpiece; descendant"
U+80C6,胆,dǎn,69,59,"胆,膽",胆,"gall bladder; bravery, courage"
U+80CC,背,bèi,1171,1098,,,back; back side; behind; betray
U+80CE,胎,tāi,163,105,,,"unborn child, embryo, fetus"
U+80D6,胖,pàng,78,62,,,"fat, obese; fatty"
U+80D7,胗,zhēn,1,1,,,gizzard
U+80DA,胚,pēi,8,6,,,embryo; unfinished things
U+80DB,胛,jiǎ,1,1,,,"the shoulder, shoulder blade"
U+80DC,胜,shèng,655,597,"勝,胜",胜,"victory; excel, be better than"
U+80DE,胞,bāo,450,312,,,"womb, placenta, fetal membrane"
U+80E1,胡,hú,383,312,"胡,衚,鬍",胡,"recklessly, foolishly; wildly"
U+80E4,胤,yìn,1,1,,,"heir, successor; progeny, posterity"
U+80E7,胧,lóng,11,10,朧,,condition or appearance of moon
U+80EA,胪,lú,1,1,臚,,arrange in order; display
U+80F0,胰,yí,27,17,,,pancreas; soap
U+80F1,胱,guāng,1,1,,,bladder
U+80F3,胳,gē,9,7,,,"armpit, arms"
U+80F4,胴,dòng,4,3,,,the large intestine; the body
U+80F6,胶,jiāo,133,94,膠,,"glue, gum, resin, rubber; sound; shin bone"
U+80F8,胸,xiōng,47,42,,,"breast, bosom, chest; thorax"
U+80FA,胺,àn,18,18,,,amine
U+80FD,能,néng,16055,12246,,,"to be able; can, permitted to; ability"
U+8102,脂,zhī,100,81,,,"fat, grease, lard; grease"
U+8105,脅,xié,86,72,,胁,ribs; armpits; flank; threaten
U+8106,脆,cuì,191,177,,,"crisp; fragile, frail; brittle"
U+8107,脇,xié,1,1,,,"ribs, armpits; flank; threaten"
U+8108,脈,mài,109,76,,脉,"blood vessels, veins, arteries"
U+8109,脉,mài,130,121,"脈,脉",脉,"blood vessels, veins, arteries"
U+810A,脊,jǐ,76,56,,,"spine, backbone; ridge"
U+810D,脍,kuài,2,2,"脍,膾",脍,minced meat or fish
U+810F,脏,zàng,123,109,"臟,髒",,"internal organs, viscera; dirty"
U+8110,脐,qí,3,3,臍,,abdominal area of crab; navel
U+8111,脑,nǎo,634,517,腦,,brain
U+8113,脓,nóng,1,1,膿,,pus
U+8116,脖,bó,35,33,,,neck
U+811A,脚,jiǎo,280,253,"脚,腳",脚,"leg, foot; base, leg, foundation"
U+811E,脞,cuǒ,3,1,,,minced meat; trifles
U+8129,脩,xiū,2,1,,,dried meat (used as teachers payment in ancient times)
U+812B,脫,tuō,107,91,,脱,"take off, peel off, strip"
U+812F,脯,pú,6,5,,,dried meat; preserved fruits
U+8131,脱,tuō,541,496,脫,,take off
U+8133,脳,nǎo,2,1,,,brain
U+8137,脷,lì,5,2,,,(Cant.) tongue
U+8138,脸,liǎn,212,189,臉,,face; cheek; reputation
U+8139,脹,zhàng,62,54,,胀,"swell, inflate, expand"
U+813E,脾,pí,8,6,,,"spleen, pancreas; disposition"
U+8146,腆,tiǎn,5,5,,,prosperous; good; protruding
U+8148,腈,jīng,1,1,,,nitrile
U+814A,腊,là,124,90,"腊,臘",腊,year-end sacrifice; dried meat
U+814B,腋,yè,2,1,,,armpit
U+814C,腌,yān,25,20,,,"salt, pickle; be dirty"
U+814E,腎,shèn,8,5,,肾,"kidneys; testes, gizzard"
U+8150,腐,fǔ,219,173,,,"rot, decay, spoil; rotten"
U+8154,腔,qiāng,45,32,,,chest cavity; hollow in body
U+8155,腕,wàn,31,26,,,wrist
U+8165,腥,xīng,19,17,,,"raw meat; rank, strong-smelling"
U+8166,腦,nǎo,157,124,,脑,brain
U+8169,腩,nǎn,10,9,,,(Cant.) fatty meat on a cow's belly; abdomen; to boil meat
U+816B,腫,zhǒng,1,1,,肿,swell; swollen; swelling
U+816E,腮,sāi,5,4,,,lower part of face; jaw; gills of a fish
U+8170,腰,yāo,97,85,,,waist; kidney
U+8171,腱,jiàn,9,6,,,tendons
U+8173,腳,jiǎo,123,107,,脚,"foot; base, leg, foundation"
U+8178,腸,cháng,16,11,,肠,intestines; emotions; sausage
U+8179,腹,fù,96,86,,,"stomach, belly, abdomen; inside"
U+817A,腺,xiàn,41,30,,,gland
U+817B,腻,nì,56,53,膩,,"greasy, oily, dirty; smooth"
U+817C,腼,miǎn,4,4,腼,腼,modest
U+817E,腾,téng,370,302,騰,,fly; gallop; run; prance; rise
U+817F,腿,tuǐ,119,94,,,"legs, thighs"
U+8180,膀,bǎng,19,18,,,upper arm; shoulder; wing
U+818A,膊,bó,6,5,,,"shoulders, upper arms"
U+818F,膏,gāo,18,13,,,"grease, fat; paste, ointment"
U+8198,膘,biāo,4,4,,,fat; rump
U+819A,膚,fū,9,9,,肤,"skin; superficial, shallow"
U+819B,膛,táng,2,2,,,"chest; hollow space, cavity"
U+819C,膜,mó,110,75,,,membrane; to kneel and worship
U+819D,膝,xī,29,22,,,knee
U+81A0,膠,jiāo,52,30,,胶,"glue, gum, resin, rubber"
U+81A6,膦,lìn,1,1,,,organophosphine
U+81A8,膨,péng,379,351,,,"to swell; swollen, bloated, inflated"
U+81A9,膩,nì,9,9,,腻,"greasy, oily, dirty; smooth"
U+81B3,膳,shàn,20,15,,,"meals, provisions, board"
U+81BA,膺,yīng,2,2,,,"breast, chest; undertake, bear"
U+81BB,膻,shān,6,4,,,a rank odor; a technical term from Chinese medicine for the center of the chest
U+81BD,膽,dǎn,15,15,,胆,"gall bladder; bravery, courage"
U+81BE,膾,kuài,1,1,,脍,minced meat or fish
U+81BF,膿,nóng,1,1,,脓,pus
U+81C0,臀,tún,3,3,,,buttocks
U+81C2,臂,bì,74,68,,,arm
U+81C3,臃,yōng,9,8,,,swell up; swelling; fat
U+81C6,臆,yì,3,3,,,"chest, breast, bosom; thought"
U+81C9,臉,liǎn,53,45,,脸,face; cheek; reputation
U+81CA,臊,sāo,3,3,,,"rancid; rank, fetid; bashful"
U+81CD,臍,qí,6,2,,脐,abdominal area of crab; navel
U+81D8,臘,là,43,27,,腊,year-end sacrifice; dried meat
U+81DA,臚,lú,2,1,,胪,arrange in order; display
U+81DF,臟,zàng,21,15,,脏,"internal organs, viscera"
U+81E3,臣,chén,92,78,,,"minister, statesman, official; Kangxi radical 131"
U+81E5,臥,wò,24,18,,,lie down; crouch
U+81E8,臨,lín,304,277,,临,"draw near, approach; descend; hexagram ䷒"
U+81EA,自,zì,8465,7121,,,"self, private, personal; from; Kangxi radical 132"
U+81ED,臭,chòu,48,30,,,"smell, stink, emit foul odor"
U+81F3,至,zhì,7688,6688,,,"reach, arrive; extremely, very; Kangxi radical 133"
U+81F4,致,zhì,2787,2645,"緻,致",致,"send, deliver, present; cause"
U+81FA,臺,tái,147,114,,台,"tower, lookout; stage, platform"
U+81FB,臻,zhēn,12,9,,,"reach, arrive; utmost, superior"
U+81FC,臼,jiù,2,2,,,mortar; bone joint socket; Kangzi radical 134
U+8200,舀,yǎo,3,3,,,"dip, ladle; ladle"
U+8202,舂,chōng,5,2,,,grind in mortar
U+8205,舅,jiù,6,3,,,"mother's brother, uncle"
U+8206,舆,yú,154,145,輿,,"cart, palanquin, sedan chair"
U+8207,與,yǔ,2731,2205,,与,"and; with; to; for; give, grant"
U+8208,興,xìng,353,264,,兴,"thrive, prosper, flourish"
U+8209,舉,jǔ,1221,1036,,举,"raise, lift up; recommend"
U+820A,舊,jiù,96,74,,旧,"old, ancient; former, past"
U+820C,舌,shé,66,61,,,tongue; clapper of bell; Kangxi radical 135
U+820D,舍,shě shè,125,105,"捨,舍",舍,"house, dwelling; dwell, reside"
U+8212,舒,shū,133,127,,,"open up, unfold, stretch out; comfortable, easy"
U+8214,舔,tiǎn,12,12,,,lick with tongue; taste
U+8216,舖,pù,36,29,,,"store, shop"
U+821C,舜,shùn,13,7,,,"legendary ruler, last of the Five Emperors"
U+821E,舞,wǔ,833,607,,,"dance, posture, prance; brandish"
U+821F,舟,zhōu,599,371,,,"boat, ship; Kangxi radical 137"
U+8222,舢,shān,1,1,,,sampan
U+822A,航,háng,3904,2131,,,"sail; navigate; ship, boat"
U+822B,舫,fǎng,10,7,,,"fancy boat, yacht"
U+822C,般,bān,366,362,,,"sort, manner, kind, category"
U+8230,舰,jiàn,347,262,艦,,warship
U+8231,舱,cāng,199,141,艙,,hold of ship; cabin
U+8235,舵,duò,27,25,,,"rudder, helm"
U+8236,舶,bó,118,99,,,"large, ocean-going vessel"
U+8237,舷,xián,14,11,,,"the sides of a boat, bulwarks; a gunwale"
U+8238,舸,gě,3,3,,,"large boat, barge"
U+8239,船,chuán,1653,985,,,"ship, boat, vessel"
U+823E,舾,xī,1,1,,,(Cant.) equipment on a ship
U+8247,艇,tǐng,185,140,,,"small boat, dugout, punt"
U+824F,艏,shǒu,1,1,,,bow of a ship
U+8258,艘,sōu,476,373,,,"counter for ships, vessels"
U+8259,艙,cāng,84,50,,舱,hold of ship; cabin
U+8266,艦,jiàn,166,90,,舰,warship
U+826E,艮,gěn,3,2,,,Kangxi radical 138; trigram ☶; hexagram ䷳
U+826F,良,liáng,564,499,,,"good, virtuous, respectable"
U+8270,艰,jiān,156,155,艱,,"difficult, hard; distressing"
U+8271,艱,jiān,14,13,,艰,"difficult, hard; distressing"
U+8272,色,sè,2872,2226,,,"color, tint, hue, shade; form, body; beauty, desire for beauty; Kangxi radical 139"
U+8273,艳,yàn,156,144,"艳,艷",艳,"beautiful, sexy, voluptuous"
U+8277,艷,yàn,70,67,,艳,"beautiful, sexy, voluptuous"
U+8279,艹,cǎo,1,1,,,grass; Kangxi radical 140
U+827A,艺,yì,487,385,藝,,"art; talent, ability; craft"
U+827B,艻,lè,1,1,,,
U+827E,艾,ài,180,146,,,"artemisia, mugwort"
U+8282,节,jié,2341,1812,節,,"knot, node, joint; section"
U+828A,芊,qiān,8,6,,,exuberant and vigorous foliage
U+828B,芋,yù,55,32,,,taro
U+828D,芍,sháo,4,2,,,peony; water chestnuts
U+8292,芒,máng,142,96,,,Miscanthus sinensis
U+8299,芙,fú,20,18,,,hibiscus
U+829C,芜,wú,10,10,蕪,,luxurious growth of weeds
U+829D,芝,zhī,234,156,,,sesame; a purplish or brown mushroom thought to have miraculous powers; 'a divine and felicitous plant' (Karlgren)
U+82A1,芡,qiàn,13,5,,,plant allied to the waterlily
U+82A5,芥,jiè,14,11,,,mustard plant; mustard; tiny
U+82A6,芦,lú,35,27,"芦,蘆",芦,"rushes, reeds"
U+82AB,芫,yán,1,1,,,Daphne genkwa
U+82AC,芬,fēn,199,154,,,"fragrance, aroma; perfume"
U+82AD,芭,bā,35,27,,,plantain or banana palm; fragrant
U+82AE,芮,ruì,27,26,,,"tiny, small; water's edge"
U+82AF,芯,xīn,1734,1220,,,pith from rush (Juncus effusus)
U+82B1,花,huā,2786,1777,,,flower; blossoms
U+82B3,芳,fāng,84,73,,,fragrant; virtuous; beautiful
U+82B7,芷,zhǐ,3,2,,,angelica
U+82B8,芸,yún,2,2,"芸,蕓",芸,"rue, herb used to keep insects away; to cut grass or weeds; art, talent, ability, craft, technique, performance, acting, trick, stunt"
U+82B9,芹,qín,8,6,,,celery
U+82BD,芽,yá,66,58,,,"bud, sprout, shoot"
U+82C7,苇,wěi,2,2,葦,,reed
U+82CB,苋,xiàn,3,2,莧,,amaranth
U+82CD,苍,cāng,56,52,蒼,,blue; green
U+82CF,苏,sū,1124,982,"囌,苏,蘇",苏,"revive, resurrect; a species of thyme; transliteration of 'Soviet'"
U+82D1,苑,yuàn,34,25,,,"pasture, park, garden; mansion"
U+82D2,苒,rǎn,2,1,,,"lush; successively, in order"
U+82D3,苓,líng,1,1,,,"fungus, tuber; licorice"
U+82D4,苔,tái,3,2,,,"moss, lichen"
U+82D7,苗,miáo,2034,1212,,,sprouts; Miao nationality
U+82DB,苛,kē,23,23,,,"small, petty; harsh, rigorous"
U+82DE,苞,bāo,12,11,,,"a variety of rush; firm, enduring; to burst forth"
U+82DF,苟,gǒu,5,4,,,"careless, frivolous; illicit; grammatical particle: if, but, if only; surname; grass name"
U+82E5,若,ruò,680,624,,,"if, supposing, assuming; similar"
U+82E6,苦,kǔ,351,313,,,"bitter; hardship, suffering"
U+82EF,苯,běn,9,8,,,benzene; luxuriant
U+82F1,英,yīng,3947,2853,,,"petal, flower, leaf; brave, a hero; England, English"
U+82F7,苷,gān,2,1,,,licorice
U+82F9,苹,píng,2251,1559,"苹,蘋",苹,artemisia; duckweed; apple
U+8301,茁,zhuó,3,3,,,"to sprout, flourish; sprouts appearing above-ground; vigorous"
U+8302,茂,mào,168,139,,,"thick, lush, dense; talented"
U+8303,范,fàn,586,562,"範,范",范,surname; bee-like insect
U+8304,茄,jiā,88,62,,,eggplant
U+8305,茅,máo,80,54,,,"reeds, rushes, grass; surname"
U+8309,茉,mò,14,12,,,white jasmine
U+830E,茎,jīng,2,2,莖,,"stem, stalk"
U+830F,茏,lóng,2,2,蘢,,tall grass; water-weeds
U+8317,茗,míng,1,1,,,tea; tea plant
U+831C,茜,qiàn,4,4,,,"madder, Rubia cordifolia; reeds"
U+8327,茧,jiǎn,8,5,繭,,"cocoon; callus, blister"
U+8328,茨,cí,221,173,,,"thatching; caltrop, Tribulus terrestris"
U+832B,茫,máng,68,56,,,"vast, boundless, widespread"
U+832C,茬,chá,4,4,,,harvest
U+832F,茯,fú,1,1,,,China root; Wolfiporia extensa
U+8331,茱,zhū,2,2,,,dogwood
U+8332,茲,zī,135,94,,兹,"now, here; this; time, year"
U+8334,茴,huí,5,2,,,"fennel, aniseed"
U+8335,茵,yīn,18,17,,,"a cushion, mattress; wormwood; Skimmia japon"
U+8336,茶,chá,538,270,,,tea
U+8338,茸,róng,7,4,,,"soft, downy; buds, sprouts"
U+8339,茹,rú,7,6,,,roots; vegetables; eat; bear
U+8340,荀,xún,1,1,,,surname; ancient state; plant
U+8346,荆,jīng,12,11,"荆,荊",荆,thorns; brambles; my wife; cane
U+8347,荇,xìng,2,1,,,"a water plant, Nymphoides peltalum"
U+8349,草,cǎo,681,484,,,"grass, straw, thatch, herbs"
U+834A,荊,jīng,12,8,,荆,thorns; brambles; my wife; cane
U+8350,荐,jiàn,93,88,"荐,薦",荐,"repeat, reoccur; recommend"
U+8352,荒,huāng,155,140,,,"wasteland, desert; uncultivated"
U+8354,荔,lì,67,33,,,lichee
U+835A,荚,jiá,4,4,莢,,pods of leguminous plants; pods
U+835E,荞,qiáo,14,5,蕎,,buckwheat
U+835F,荟,huì,6,6,薈,,"luxuriant, flourishing, abundant"
U+8360,荠,jì,1,1,薺,,water-chestnuts; caltrop
U+8361,荡,dàng,321,304,"盪,蕩",,"pond, pool; wash away, cleanse"
U+8363,荣,róng,295,267,"榮,荣",荣,"glory, honor; flourish, prosper"
U+8364,荤,hūn,1,1,葷,,meat diet; strong smelling
U+8367,荧,yíng,5,4,熒,,"shine, shimmer; shining, dazzling"
U+836B,荫,yīn,5,5,蔭,,"shade, shelter; protect"
U+836F,药,yào,928,568,"葯,藥",,leaf of Dahurian angelica plant; medicine
U+8373,荳,dòu,2,1,,,"beans, peas; bean-shaped"
U+8377,荷,hé,571,404,,,"lotus, water lily; Holland"
U+8378,荸,bí,1,1,,,water chestnut
U+837B,荻,dí,1,1,,,"reed, Miscanthus saccariflorus"
U+837C,荼,tú,25,24,,,"thistle, sowthistle; bitter"
U+837D,荽,suī,1,1,,,coriander
U+8385,莅,lì,2,2,"莅,蒞",莅,"attend, be present; arrive at"
U+8386,莆,pú,25,17,,,a kind of legendary tree
U+8389,莉,lì,84,65,,,white jasmine
U+838A,莊,zhuāng,78,60,,庄,"village, hamlet; villa; surname"
U+838E,莎,shā,149,118,,,"kind of sedge grass, used anciently for raincoats"
U+8392,莒,jǔ,2,1,,,a Zhou-dynasty vassal state in modern Shandong; (archaic) taro
U+8393,莓,méi,66,36,,,moss; edible berries
U+8396,莖,jīng,1,1,,茎,"stem, stalk"
U+8398,莘,shēn,5,2,,,long; numerous; wild ginger
U+839E,莞,guǎn,16,14,,,"smiling; a kind of aquatic herb, clubrush, Scirpus lacustris"
U+83A0,莠,yǒu,2,2,,,"weeds, tares; undesirable, evil"
U+83AA,莪,é,25,24,,,artemisia
U+83AB,莫,mò,516,461,,,"do not, is not, can not; negative"
U+83B1,莱,lái,277,251,萊,,"goosefoot, weed; fallow field"
U+83B2,莲,lián,220,151,蓮,,"lotus, water lily; paradise"
U+83B4,莴,wō,1,1,萵,,lettuce
U+83B7,获,huò,1962,1831,"獲,穫",,"obtain, get, receive; seize"
U+83B9,莹,yíng,41,38,瑩,,"luster of gems; bright, lustrous"
U+83BA,莺,yīng,8,8,鶯,,"oriole, green finch; Sylvia species (various)"
U+83BD,莽,mǎng,20,10,,,"thicket, underbrush; poisonous"
U+83C1,菁,jīng,6,6,,,flower of leek family; turnip
U+83C5,菅,jiān,21,16,,,"coarse grass, Themedia forskalii"
U+83C7,菇,gū,50,42,,,mushrooms
U+83CA,菊,jú,40,27,,,chrysanthemum
U+83CC,菌,jūn,170,110,,,"mushroom; germ, microbe"
U+83CF,菏,hé,9,6,,,river in Shandong province
U+83D6,菖,chāng,5,3,,,"iris, sweet flag, calamus"
U+83D8,菘,sōng,2,1,,,"celery, cabbage"
U+83DC,菜,cài,910,542,,,"vegetables; dish, order; food"
U+83E0,菠,bō,32,26,,,spinach and similar greens
U+83E1,菡,hàn,2,2,,,"buds, lotus buds"
U+83E9,菩,pú,4,4,,,"herb, aromatic plant"
U+83EF,華,huá,1566,1100,,华,flowery; illustrious; Chinese
U+83F1,菱,líng,225,157,,,"water-chestnut, water caltrop"
U+83F2,菲,fēi,2468,1502,,,"fragrant, luxuriant; the Philippines"
U+83F8,菸,yān,1,1,,,to fade; withered or dried leaves; (same as 烟 煙) tobacco
U+83FD,菽,shū,2,1,,,"beans and peas, collectively"
U+8401,萁,qí,5,4,,,"beakstalk, stalks of pulse"
U+8403,萃,cuì,7,7,,,"dense, thick, close-set; to collect together; hexagram ䷬"
U+8404,萄,táo,250,164,,,grapes
U+840A,萊,lái,72,54,,莱,"goosefoot, weed; fallow field"
U+840C,萌,méng,412,359,,,"bud, sprout"
U+840D,萍,píng,42,29,,,"duckweed; wandering, traveling"
U+840E,萎,wěi wēi,139,133,,,"wither, wilt"
U+840F,萏,dàn,1,1,,,lotus
U+841D,萝,luó,56,44,"萝,蘿",萝,type of creeping plant; turnip
U+8424,萤,yíng,9,7,螢,,"glow-worm, luminous insect"
U+8425,营,yíng,1839,1568,營,,"encampment, barracks; manage"
U+8426,萦,yíng,10,10,縈,,"entangle, entwine, coil"
U+8427,萧,xiāo,74,64,蕭,,common artemisia; dejected
U+8428,萨,sà,490,392,薩,,Buddhist gods or immortals
U+8429,萩,qiū,2,2,,,scandent hop; tree
U+842C,萬,wàn,2270,1423,,万,ten thousand; innumerable
U+8431,萱,xuān,5,3,,,"day-lily, Hemerocallis flava"
U+8438,萸,yú,2,2,,,dogwood
U+843D,落,luò,1747,1607,,,"fall, drop; net income, surplus"
U+8446,葆,bǎo,1,1,,,"reserve, preserve; conceal"
U+8449,葉,yè,142,108,,叶,"leaf, petal; page of book; period"
U+8457,著,zhù zhe,1156,1048,著,"着,著",manifest; (Cant.) to wear
U+845A,葚,rèn,3,1,,,mulberry fruit
U+845B,葛,gé,39,33,,,edible bean; surname
U+8461,葡,pú,268,174,,,grapes
U+8463,董,dǒng,512,429,,,"direct, supervise; surname"
U+8466,葦,wěi,3,3,,苇,reed
U+8469,葩,pā,3,3,,,flowers
U+846B,葫,hú,32,23,,,bottle-gourd
U+846C,葬,zàng,82,58,,,"bury, inter"
U+8471,葱,cōng,116,80,"葱,蔥",葱,"scallions, leeks, green onions"
U+8473,葳,wēi,1,1,,,"luxuriant, flourishing; used for various plants"
U+8475,葵,kuí,49,29,,,sunflower; measure
U+8477,葷,hūn,2,2,,荤,meat diet; strong smelling
U+8482,蒂,dì,252,226,,,peduncle or stem of plants
U+848B,蒋,jiǎng,38,28,蔣,,surname; Hydropyrum latifolium
U+8490,蒐,sōu,1,1,,,"collect, gather, assemble; seek; spring hunt; assemble for war"
U+8497,蒗,làng,1,1,,,(寧蒗) Ninglong Yi Autonomous County in Yunnan
U+8499,蒙,méng,700,554,"懞,濛,矇,蒙","蒙,𰰡",cover; ignorant; suffer; Mongolia; hexagram ䷃
U+849C,蒜,suàn,63,40,,,garlic
U+84A8,蒨,qiàn,1,1,,,"lush vegetation, luxuriant growth"
U+84AF,蒯,kuǎi,2,1,,,a rush
U+84B2,蒲,pú,38,32,,,type of rush; vine
U+84B3,蒳,nà,1,1,,𰱌,
U+84B8,蒸,zhēng,229,188,,,steam; evaporate
U+84BC,蒼,cāng,21,21,,苍,blue; green
U+84BF,蒿,hāo,2,2,,,"mugwort, artemisia; give off"
U+84C0,蓀,sūn,1,1,,荪,"aromatic grass; iris, flower"
U+84C1,蓁,zhēn,2,2,,,"abundant, luxuriant vegetation"
U+84C4,蓄,xù,255,198,,,"store, save, hoard, gather"
U+84C9,蓉,róng,35,25,,,"hibiscus; Chengdu, Sichuan"
U+84CA,蓊,wěng,3,3,,,luxuriant vegetation; lush
U+84CB,蓋,gài,140,126,,盖,"cover, hide, protect"
U+84D1,蓑,suō,2,2,,,"rain coat made of straw, coir, etc."
U+84D3,蓓,bèi,9,7,,,bud
U+84D6,蓖,bì,1,1,,,"castor-oil plant, Ricinus communis"
U+84DD,蓝,lán,382,312,藍,,blue; indigo plant; surname
U+84DF,蓟,jì,2,1,薊,,"genus Cirsium, thistles; surname"
U+84E5,蓥,yíng,2,2,鎣,,polish
U+84EC,蓬,péng,107,103,,,type of raspberry; fairyland
U+84EE,蓮,lián,91,50,,莲,"lotus, water lily; paradise"
U+84FC,蓼,liǎo,4,2,,,"smartweed, polygonum"
U+8511,蔑,miè,11,11,"蔑,衊",蔑,"disdain, disregard; slight"
U+8513,蔓,màn,167,162,,,"creeping plants, tendrils, vines"
U+8514,蔔,bó,15,12,,卜,radish; other root vegetables
U+8517,蔗,zhè,16,13,,,sugar cane
U+851A,蔚,wèi,103,82,,,"luxuriant, thick; ornamental"
U+8521,蔡,cài,149,132,,,surname; species of tortoise
U+8523,蔣,jiǎng,12,8,,蒋,surname; Hydropyrum latifolium
U+8525,蔥,cōng,22,19,,葱,"scallions, onions, leeks"
U+8526,蔦,niǎo,1,1,,茑,the convolvulus; parasitic plants such as mistletoe; Ribes ambiguum
U+852C,蔬,shū,142,98,,,"vegetables, greens"
U+852D,蔭,yīn,9,9,,荫,"shade, shelter; protect"
U+8535,蔵,zāng,1,1,,,"hide, conceal; hoard, store up"
U+8537,蔷,qiáng,3,3,薔,,rose
U+853B,蔻,kòu,5,4,,,"肉豆蔻 nutmeg, 豆蔻 cardamon"
U+853C,蔼,ǎi,3,2,藹,,"lush; affable, friendly"
U+853D,蔽,bì,40,40,,,"cover, hide, conceal; shelter"
U+8543,蕃,bō fān,1,1,,,foreign things
U+8549,蕉,jiāo,37,28,,,banana; plantain
U+854A,蕊,ruǐ,10,8,,,"unopened flowers, flower buds"
U+854E,蕎,qiáo,2,2,,荞,buckwheat
U+8559,蕙,huì,1,1,,,species of fragrant orchid
U+8564,蕤,ruí,2,2,,,"drooping leaves; fringe soft, delicate"
U+8568,蕨,jué,2,1,,,"Pteris aquilina, common bracken"
U+8569,蕩,dàng,22,18,,荡,"pond, pool; wash away, cleanse"
U+856A,蕪,wú,15,9,,芜,luxurious growth of weeds
U+856D,蕭,xiāo,26,19,,萧,common artemisia; sighing of wind; mournful; dejected
U+8572,蕲,qí,1,1,蘄,,variety of Artemisia
U+8574,蕴,yùn,60,58,"藴,蘊",,"to collect, gather, store; profound"
U+857E,蕾,lěi,67,58,,,"buds, unopened flowers"
U+8584,薄,báo bó,175,146,,,"thin, slight, weak; poor, stingy"
U+8585,薅,hāo,5,4,,,to weed; to eradicate
U+8587,薇,wēi,32,24,,,"Osmunda regalis, a species of fern"
U+8588,薈,huì,2,2,,荟,"luxuriant, flourishing, abundant"
U+858A,薊,jì,1,1,,蓟,"genus Cirsium, thistles; surname"
U+858F,薏,yì,2,2,,,seed of Job's tears; lotus seed
U+8591,薑,jiāng,3,3,,姜,ginger
U+8599,薙,tì,2,1,,,weed; shave
U+859B,薛,xuē,25,20,,,kind of marsh grass; feudal state
U+85A6,薦,jiàn,20,17,,荐,"offer, present; recommend"
U+85A9,薩,sà,252,167,,萨,"transliteration of 'sat' in 'bodhisattva,' etc."
U+85AA,薪,xīn,511,366,,,"fuel, firewood; salary"
U+85AF,薯,shǔ,94,58,,,"yam, tuber, potato"
U+85B0,薰,xūn,16,12,,,a medicinal herb; to cauterize
U+85B9,薹,tái,1,1,,,"Cyperus rotundus, nut grass"
U+85BA,薺,jì,1,1,,荠,water-chestnuts; caltrop
U+85C9,藉,jí,76,75,藉,"借,藉","mat, pad; rely on; pretext"
U+85CD,藍,lán,149,122,,蓝,blue; indigo plant; surname
U+85CF,藏,cáng,1381,925,,,"hide, conceal; hoard, store up"
U+85D0,藐,miǎo,1,1,,,"disregard, slight, disdain"
U+85D3,藓,xiǎn,1,1,蘚,,"moss, lichen"
U+85D5,藕,ǒu,21,12,,,lotus root
U+85DD,藝,yì,361,253,,艺,"art; talent, ability; craft"
U+85E4,藤,téng,131,113,,,"rattan, cane; creeper plant"
U+85E5,藥,yào,223,107,,药,"drugs, pharmaceuticals, medicine"
U+85E9,藩,fān,15,10,,,fence; boundary; outlying border
U+85F9,藹,ǎi,1,1,,蔼,"lush; affable, friendly"
U+85FA,藺,lìn,4,2,,蔺,rush used in making mats; surname
U+85FB,藻,zǎo,26,17,,,"splendid, magnificent; algae"
U+8606,蘆,lú,32,21,,芦,"rushes, reeds"
U+8607,蘇,sū,316,209,,苏,"revive, resurrect; a species of thyme; transliteration of 'Soviet'"
U+860A,蘊,yùn,57,52,,蕴,"collect, gather, store; profound; (Budd.) skandha"
U+860B,蘋,píng,276,143,,"苹,𬞟",apple
U+8611,蘑,mó,33,29,,,type of edible mushroom
U+8622,蘢,lóng,6,6,,茏,tall grass; water-weeds
U+862D,蘭,lán,416,288,,"兰,𬞕","orchid; elegant, graceful"
U+8638,蘸,zhàn,13,12,,,dip (a brush); remarry
U+863F,蘿,luó,18,15,,萝,type of creeping plant; turnip
U+864E,虎,hǔ,441,244,,,"tiger; brave, fierce; surname"
U+864F,虏,lǔ,4,4,虜,,"to capture, imprison, seize; a prison"
U+8650,虐,nüè,92,92,,,"cruel, harsh, oppressive"
U+8651,虑,lǜ,741,724,慮,,"be concerned, worry about"
U+8654,虔,qián,3,3,,,act with reverence; reverent
U+8655,處,chù,601,505,,处,"place, locale; department"
U+865A,虚,xū,224,195,虛,,false
U+865B,虛,xū,42,37,,虚,"false, worthless; empty, hollow; 11th lunar mansion, determinative star β Aquarii (Sadalsuud)"
U+865E,虞,yú,17,13,,,"concerned about, anxious, worried"
U+865F,號,hào,911,558,,号,"mark, sign; symbol; number"
U+8667,虧,kuī,44,31,,亏,"lose, fail; damage; deficient"
U+866B,虫,chóng,119,75,"虫,蟲",虫,"insects, worms; Kangxi radical 142"
U+866C,虬,qiú,2,2,"虬,虯",虬,young dragon
U+8671,虱,shī,5,4,,,louse; bug; parasite
U+8679,虹,hóng,167,136,,,rainbow
U+867B,虻,méng,3,2,,,"horsefly, gadfly"
U+867D,虽,suī,678,672,雖,,"although, even if"
U+867E,虾,xiā,170,113,"虾,蝦",虾,"shrimp, prawn"
U+8680,蚀,shí,42,40,蝕,,nibble away; erode; eclipse
U+8681,蚁,yǐ,118,77,"蚁,蟻",蚁,ants
U+8682,蚂,mǎ,106,71,螞,,ant; leech
U+868A,蚊,wén,32,19,,,mosquito; gnat
U+868C,蚌,bàng,10,7,,,"oysters, mussels; mother-of-pearl"
U+8693,蚓,yǐn,1,1,,,earthworm
U+8695,蚕,cán,16,16,"蚕,蠶",蚕,silkworms
U+869D,蚝,háo,17,13,,,oyster; hairy and poisonous caterpillars
U+86A3,蚣,gōng,2,1,,,centipede
U+86A4,蚤,zǎo,2,2,,,flea; louse
U+86AC,蚬,xiǎn,7,7,蜆,,a variety of bivalves
U+86AF,蚯,qiū,1,1,,,earthworm
U+86B1,蚱,zhà,4,4,,,grasshopper; (edible) locust; cicada
U+86B5,蚵,hé,1,1,,,oyster
U+86B6,蚶,hān,9,5,,,"kind of clam, Arca inflata"
U+86BA,蚺,rán,1,1,,,a boa constrictor
U+86C0,蛀,zhù,2,1,,,"insects that eat books, clothes"
U+86C6,蛆,qū,1,1,,,maggots
U+86C7,蛇,shé,246,158,,,snake
U+86CB,蛋,dàn,555,343,,,eggs; term of abuse
U+86CE,蛎,lì,8,3,蠣,,oyster
U+86CF,蛏,chēng,1,1,蟶,,razor clam
U+86D0,蛐,qū,6,2,,,cricket; worm
U+86D9,蛙,wā,40,27,,,frog
U+86DB,蛛,zhū,32,23,,,spider
U+86DF,蛟,jiāo,20,15,,,scaly dragon with four legs
U+86E4,蛤,há,17,9,,,clam
U+86EE,蛮,mán,19,19,"蛮,蠻",蛮,"barbarians; barbarous, savage"
U+86F0,蛰,zhé,18,11,"蛰,蟄",蛰,to hibernate
U+86F3,蛳,sī,8,5,螄,,kind of snail with spiral shell
U+86F8,蛸,shāo,3,1,,,long legged spider; octopus; chrysalis of mantis
U+86F9,蛹,yǒng,1,1,,,"chrysalis, larva"
U+86FB,蛻,tuì,11,11,,蜕,"molt, exuviate, shed"
U+86FE,蛾,é,6,5,,,moth
U+8700,蜀,shǔ,33,22,,,"one of the Three Kingdoms, established by Liu Bei"
U+8702,蜂,fēng,71,54,,,"bee, wasp, hornet"
U+8703,蜃,shèn,3,3,,,marine monster which can change its shape; water spouts; clams
U+8707,蜇,zhē,2,1,,,jellyfish
U+8708,蜈,wú,2,1,,,centipede
U+8709,蜉,fú,1,1,,,mayfly
U+870A,蜊,lí,11,5,,,clam
U+870D,蜍,chú,3,3,,,toad
U+8712,蜒,yán,62,59,,,millipede
U+8713,蜓,tíng,14,10,,,dragonfly
U+8715,蜕,tuì,7,7,蛻,,molt
U+8717,蜗,wō,6,4,蝸,,"a snail, Eulota callizoma"
U+8718,蜘,zhī,27,21,,,spider
U+871A,蜚,fēi,4,4,,,cockroach
U+871C,蜜,mì,128,94,,,honey; sweet; nectar
U+8721,蜡,là,13,12,"蜡,蠟",蜡,"wax; candle; waxy, glazed; maggot; (same as 䄍) meaning imperial harvest"
U+8722,蜢,měng,3,3,,,grasshopper
U+8725,蜥,xī,9,7,,,lizard
U+8729,蜩,tiáo,1,1,,,"cicada, broad locust"
U+8731,蜱,pí,3,1,,,"a tick, mite"
U+8734,蜴,yì,2,2,,,lizard
U+8737,蜷,quán,2,2,,,creep like a worm; curl one's body
U+873B,蜻,qīng,12,10,,,dragonfly
U+873F,蜿,wān,62,59,,,"creep, crawl"
U+8747,蝇,yíng,7,7,蠅,,flies
U+8748,蝈,guō,1,1,蟈,,small green frog; cicada
U+8749,蝉,chán,38,35,蟬,,cicada; continuous
U+874E,蝎,xiē,2,2,,,scorpion
U+8755,蝕,shí,15,15,,蚀,nibble away; erode; eclipse
U+8757,蝗,huáng,3,3,,,kind of locust
U+8759,蝙,biān,9,8,,,bat
U+8760,蝠,fú,14,9,,,bat
U+8763,蝣,yóu,1,1,,,"Ephemera strigata, mayfly"
U+8766,蝦,xiā,35,20,,虾,"shrimp, prawn"
U+8774,蝴,hú,59,30,,,butterfly
U+8776,蝶,dié,102,54,,,butterfly
U+8778,蝸,wō,8,1,,蜗,snail
U+877C,蝼,lóu,1,1,"蝼,螻",蝼,"a mole cricket, Gryllotalpa africana"
U+877E,蝾,róng,1,1,蠑,,lizard
U+8782,螂,láng,25,14,,,"mantis, dung beetle"
U+8783,螃,páng,28,24,,,crab
U+8784,螄,sī,3,2,,蛳,snail
U+8788,螈,yuán,1,1,,,a silkworm
U+878D,融,róng,1806,1489,,,"melt, fuse; blend, harmonize"
U+879E,螞,mǎ,4,4,,蚂,ant; leech
U+87A2,螢,yíng,12,10,,萤,"glowworm, luminous insect"
U+87A8,螨,mǎn,4,2,蟎,,insect
U+87AD,螭,chī,2,2,,,a dragon whose horns have not grown; cruel
U+87AF,螯,áo,6,5,,,nippers
U+87B3,螳,táng,16,8,,,mantis
U+87BA,螺,luó,84,58,,,spiral shell; conch; spiral
U+87BD,螽,zhōng,1,1,,,katydid
U+87C0,蟀,shuài,7,5,,,cricket
U+87C4,蟄,zhé,3,2,,蛰,to hibernate
U+87C6,蟆,má,1,1,,,"frog, toad"
U+87CB,蟋,xī,8,6,,,cricket
U+87D1,蟑,zhāng,10,7,,,cockroach
U+87D2,蟒,mǎng,6,5,,,"python, boa constrictor"
U+87E0,蟠,pán,7,5,,,"coil; coiling, curling; occupy"
U+87EC,蟬,chán,10,9,,蝉,cicada; continuous
U+87F2,蟲,chóng,21,17,,虫,worms; insects
U+87F6,蟶,chēng,1,1,,蛏,razor clam
U+87F9,蟹,xiè,121,58,,,crab
U+87FB,蟻,yǐ,6,5,,蚁,ants
U+87FE,蟾,chán,6,5,,,toad
U+8805,蠅,yíng,4,2,,蝇,flies
U+8815,蠕,rú,1,1,,,"to squirm, wriggle"
U+881F,蠟,là,8,6,,蜡,"wax; candle; waxy, glazed"
U+8822,蠢,chǔn,20,15,,,wriggle; stupid; silly; fat
U+8831,蠱,gǔ,1,1,,蛊,poison; venom; harm; bewitch; hexagram ䷑
U+8836,蠶,cán,10,4,,蚕,silkworm
U+883B,蠻,mán,3,3,,蛮,"barbarians; barbarous, savage"
U+8840,血,xuè,513,418,,,blood; Kangxi radical 143
U+8845,衅,xìn,52,46,"衅,釁",衅,consecrate sacrificial vessels by smearing blood; rift
U+8846,衆,zhòng,2,2,,众,"multitude, crowd; masses, public"
U+884A,衊,miè,5,5,,蔑,"smear, slander; defile"
U+884C,行,xíng,15650,12062,,,"go; walk; move, travel; circulate; Kangxi radical 144"
U+884D,衍,yǎn,59,54,,,"overflow, spill over, spread out"
U+8853,術,shù,961,710,,术,"art, skill, special feat; method, technique"
U+8854,衔,xián,46,43,銜,,"bit; hold in mouth, bite; gag"
U+8857,街,jiē,1326,1161,,,"street, road, thoroughfare"
U+8859,衙,yá,1,1,,,public office; official residence
U+885B,衛,wèi,606,306,,卫,"guard, protect, defend"
U+885D,衝,chōng,186,164,,冲,"rush against, charge ahead"
U+8861,衡,héng,398,369,,,"measure, weigh, judge, consider"
U+8862,衢,qú,13,9,,,"highway; thoroughfare, intersection"
U+8863,衣,yī,419,303,,,"clothes, clothing; cover, skin; Kangxi radical 145"
U+8865,补,bǔ,725,600,"补,補",补,"mend, patch, fix, repair, restore"
U+8868,表,biǎo,9237,7997,"表,錶",表,"show, express, manifest, display"
U+886B,衫,shān,16,14,,,shirt; robe; gown; jacket
U+886C,衬,chèn,28,26,襯,,underwear; inner garments
U+8870,衰,shuāi,386,343,,,"decline, falter, decrease; weaken"
U+8877,衷,zhōng,52,51,,,"heart, from bottom of one's heart"
U+887D,衽,rèn,1,1,,,lapel; hidden lapel of coat
U+887F,衿,jīn,1,1,,,collar or lapel of garment
U+8881,袁,yuán,22,19,,,robe; surname
U+8882,袂,mèi,15,15,,,sleeves
U+8884,袄,ǎo,8,8,"袄,襖",袄,"outer garments; coat, jacket"
U+8885,袅,niǎo,9,5,裊,,curling upwards; wavering gently
U+8888,袈,jiā,1,1,,,Buddhist cassock
U+888B,袋,dài,144,118,,,"pocket, bag, sack, pouch"
U+888D,袍,páo,31,25,,,"long gown, robe, cloak"
U+8892,袒,tǎn,7,7,,,strip; lay bare; bared; naked
U+8896,袖,xiù,195,179,,,sleeve; put something in sleeve
U+889C,袜,wà,6,6,"袜,襪",袜,"socks, stockings"
U+88A2,袢,pàn,1,1,,,robe
U+88A4,袤,mào,18,18,,,"longitude, lengthwise; length"
U+88AB,被,bèi,5781,5109,,,passive indicator 'by'; bedding
U+88AD,袭,xí,658,582,襲,,"raid, attack; inherit"
U+88B1,袱,fú,5,5,,,a piece of cloth used wrap bundles
U+88C1,裁,cái,1601,1233,,,cut out; decrease
U+88C2,裂,liè,300,271,,,"split, crack, break open; rend"
U+88C5,装,zhuāng,1452,1156,裝,,"dress, clothes, attire; fill"
U+88C6,裆,dāng,1,1,襠,,crotch or seat of pants; pants
U+88CA,裊,niǎo,6,3,,袅,curling upwards; wavering gently
U+88CF,裏,lǐ,106,96,,里,"inside, interior, within"
U+88D4,裔,yì,239,164,,,"progeny, descendants, posterity"
U+88D5,裕,yù,197,179,,,"abundant, rich, plentiful"
U+88D8,裘,qiú,3,3,,,fur garments; surname
U+88D9,裙,qún,37,28,,,"skirt, apron, petticoat"
U+88DC,補,bǔ,216,150,,补,"mend, patch, fix, repair, restore"
U+88DD,裝,zhuāng,658,467,,装,"dress, clothes; decorate; fill"
U+88DF,裟,shā,1,1,,,a cassock or robe of a monk
U+88E1,裡,lǐ,471,403,裡,"裡,里","inside, interior, within"
U+88E4,裤,kù,56,47,褲,,"trousers, pants"
U+88E8,裨,bì,3,3,,,"aid, benefit, help; supplement"
U+88F1,裱,biǎo,1,1,,,to mount maps or scrolls to paste
U+88F3,裳,shang,8,8,,,clothes; skirt; beautiful
U+88F4,裴,péi,12,8,,,surname; look of a flowing gown
U+88F8,裸,luǒ,42,36,,,"bare, nude; undress, strip"
U+88F9,裹,guǒ,154,141,,,"wrap, bind; encircle, confine"
U+88FD,製,zhì,795,596,,制,"make, manufacture; produce"
U+88FE,裾,jū,1,1,,,"lapel, border of garment; skirt"
U+8902,褂,guà,2,2,,,"jacket, overcoat, coat; gown"
U+8907,複,fù,76,68,,复,"repeat, double, overlap"
U+8910,褐,hè,9,9,,,"coarse woolen cloth; dull, dark"
U+8912,褒,bāo,5,5,,,"praise, commend, honor, cite"
U+8925,褥,rù,3,1,,,"mattress, cushion; bedding"
U+892A,褪,tuì,21,21,,,"strip, undress; fall off; fade"
U+892B,褫,chǐ,2,2,,,"strip, tear off, undress"
U+8932,褲,kù,4,3,,裤,"trousers, pants"
U+8936,褶,zhě,9,9,,,"pleat, crease, wrinkles"
U+893B,褻,xiè,1,1,,亵,"dirty, ragged; slight, insult, treat with disrespect"
U+8944,襄,xiāng,10,8,,,"aid, help, assist; undress"
U+8956,襖,ǎo,4,4,,袄,"outer garments; coat, jacket"
U+895F,襟,jīn,18,17,,,"lapel, collar"
U+8966,襦,rú,1,1,,,"short coat, jacket; fine silk fabric"
U+896A,襪,wà,1,1,,袜,"socks, stockings"
U+896C,襬,bǎi,1,1,,"䙓,摆",lower part of a robe
U+896F,襯,chèn,23,20,,衬,underwear; inner garments
U+8972,襲,xí,157,131,,袭,"raid, attack; inherit"
U+897F,西,xī,6364,4768,,,west(ern); westward; occident; Kangxi radical 146
U+8981,要,yào,9258,7855,,,"necessary, essential; necessity"
U+8983,覃,tán,10,10,,,"reach to, spread to; extensive"
U+8986,覆,fù,369,347,覆,"复,覆",cover; tip over; return; reply
U+898B,見,jiàn,635,523,,见,"see, observe, behold; perceive; Kangxi radical 147"
U+898F,規,guī,657,528,,规,"rules, regulations, customs, law"
U+8993,覓,mì,56,53,,觅,seek; search
U+8996,視,shì,696,587,,视,"look at, inspect, observe, see"
U+89A6,覦,yú,2,2,,觎,"desire strongly, covet, long for"
U+89A7,覧,lǎn,1,1,,,"look at, inspect; perceive"
U+89AA,親,qīn,237,203,,亲,"relatives, parents; intimate"
U+89AC,覬,jì,2,2,,觊,"covet, long for, desire"
U+89B2,覲,jìn,6,2,,觐,have imperial audience
U+89BA,覺,jué,104,94,,觉,to wake up from sleep; conscious
U+89BD,覽,lǎn,193,164,,览,"look at, inspect; perceive"
U+89C0,觀,guān,903,749,,观,"see, observe, view; appearance; hexagram ䷓"
U+89C1,见,jiàn,1499,1413,見,,"see, observe, behold; perceive"
U+89C2,观,guān,1958,1739,觀,,"see, observe, view; appearance"
U+89C4,规,guī,2181,1979,規,,"rules, regulations, customs, law"
U+89C5,觅,mì,50,49,覓,,seek; search
U+89C6,视,shì,2900,2388,視,,"look at, inspect, observe, see"
U+89C8,览,lǎn,265,224,覽,,"look at, inspect; perceive"
U+89C9,觉,jué,548,504,覺,,to wake up from sleep; conscious
U+89CA,觊,jì,2,2,覬,,"covet, long for, desire"
U+89CB,觋,xí,1,1,覡,,wizard
U+89CE,觎,yú,2,2,覦,,"desire strongly, covet, long for"
U+89D1,觑,qù,8,8,覷,,"peep at; watch, spy on"
U+89D2,角,jiǎo,905,802,,,"horn; angle, corner; point; Kangxi radical 148; 1st lunar mansion, determinative star Spica"
U+89DA,觚,gū,1,1,,,"jug, winecup, goblet; square"
U+89E3,解,jiě,3258,2955,,,"loosen, unfasten, untie; explain; hexagram ䷧"
U+89E6,触,chù,439,408,觸,,"butt, ram, gore; touch"
U+89F4,觴,shāng,3,3,,觞,wine vessel; propose toast; feast
U+89F8,觸,chù,97,90,,触,"touch; butt, ram, gore"
U+8A00,言,yán,2325,2061,,,"words, speech; speak, say; Kangxi radical 149"
U+8A02,訂,dìng,160,108,,订,draw up agreement; arrange
U+8A03,訃,fù,1,1,,讣,obituary; give notice of death
U+8A08,計,jì,1485,1199,,计,"plan, plot; stratagem; scheme"
U+8A0A,訊,xùn,132,117,,讯,inquire; ask; examine; reproach
U+8A0E,討,tǎo,151,136,,讨,"to discuss; ask for, beg; demand; dun; marry"
U+8A13,訓,xùn,110,87,,训,"teach, instruct; exegesis"
U+8A15,訕,shàn,1,1,,讪,"abuse, slander; vilify; ridicule"
U+8A17,託,tuō,63,60,,讬,"entrust, rely on; commission"
U+8A18,記,jì,1069,842,,记,"record; keep in mind, remember"
U+8A1B,訛,é,3,3,,讹,"swindle, cheat; erroneous, wrong"
U+8A1D,訝,yà,9,8,,讶,"express surprise, be surprised"
U+8A1F,訟,sòng,28,20,,讼,"accuse; argue, dispute; litigate; hexagram ䷅"
U+8A23,訣,jué,9,9,,诀,"take leave of, bid farewell"
U+8A2A,訪,fǎng,878,671,,访,"visit; ask, inquire"
U+8A2D,設,shè,1256,940,,设,"build; establish; display; particle of hypothesis, supposing"
U+8A31,許,xǔ,237,203,,许,"allow, permit; promise; betroth"
U+8A34,訴,sù,132,92,,诉,accuse; sue; inform; narrate
U+8A36,訶,hē,1,1,,诃,"scold loudly, curse, abuse"
U+8A3A,診,zhěn,23,13,,诊,"examine patient, diagnose"
U+8A3B,註,zhù,56,49,,"注,𬣣",explain; annotate; make entry
U+8A46,詆,dǐ,4,4,,诋,"slander, condemn, reproach"
U+8A50,詐,zhà,45,27,,诈,"cheat, defraud, swindle; trick; to feign"
U+8A55,評,píng,295,266,,评,"appraise, criticize, evaluate"
U+8A5B,詛,zǔ,1,1,,诅,"curse; swear, pledge"
U+8A5D,詝,zhǔ,1,1,,𬣞,
U+8A5E,詞,cí,88,75,,词,"words; phrase, expression"
U+8A60,詠,yǒng,18,13,,"咏,𰵞","sing, hum, chant"
U+8A61,詡,xǔ,3,3,,诩,"boast, brag; popular, well known; to flatter"
U+8A62,詢,xún,48,47,,询,"inquire into, ask about; consult"
U+8A66,試,shì,472,317,,试,"test, try, experiment"
U+8A69,詩,shī,168,113,,诗,"poetry; poem, verse, ode"
U+8A6E,詮,quán,12,12,,诠,"explain, expound, comment on"
U+8A71,話,huà,474,391,,话,"speech, talk, language; dialect"
U+8A72,該,gāi,677,625,,该,"should, ought to, need to"
U+8A73,詳,xiáng,30,30,,详,"detailed, complete, thorough"
U+8A79,詹,zhān,30,28,,,"surname; talk too much, verbose"
U+8A7C,詼,huī,3,3,,诙,"tease, joke with; ridicule, mock"
U+8A87,誇,kuā,17,12,,夸,"exaggerate; brag, boast; flaunt"
U+8A89,誉,yù,187,180,"誉,譽",誉,"fame, reputation; praise"
U+8A8A,誊,téng,1,1,謄,,"copy, transcribe"
U+8A8C,誌,zhì,199,191,,"志,𰵧",write down; record; magazine
U+8A8D,認,rèn,642,587,,认,"recognize, know, understand"
U+8A93,誓,shì,134,127,,,"swear, pledge; oath"
U+8A95,誕,dàn,54,47,,诞,"to bear children, give birth; birth"
U+8A98,誘,yòu,18,17,,诱,"persuade, entice, induce; guide"
U+8A9E,語,yǔ,332,249,,语,"language, words; saying, expression"
U+8AA0,誠,chéng,55,54,,诚,"sincere, honest; true, real"
U+8AA1,誡,jiè,2,2,,诫,"warn, admonish; warning"
U+8AA4,誤,wù,86,77,,误,"err, make mistake; interfere"
U+8AA6,誦,sòng,7,5,,诵,"recite, chant, repeat"
U+8AA8,誨,huì,1,1,,诲,"teach, instruct; encourage, urge"
U+8AAA,說,shuō,506,451,,说,"speak, say, talk; scold, upbraid"
U+8AAC,説,shuō,159,147,,说,speak
U+8AB0,誰,shuí shéi,68,66,,谁,who? whom? whose? anyone?
U+8AB2,課,kè,91,80,,课,lesson; course; classwork
U+8AB9,誹,fěi,2,1,,诽,"slander, vilify, condemn"
U+8ABC,誼,yì,81,64,,谊,"friendship; appropriate, suitable"
U+8ABF,調,diào,877,677,,调,"transfer, move, change; tune"
U+8AC7,談,tán,505,381,,谈,talk; conversation; surname
U+8AC9,諉,wěi,1,1,,诿,"pass buck, lay blame on others"
U+8ACB,請,qǐng,284,252,,请,"ask, request; invite; please"
U+8AD2,諒,liàng,18,14,,谅,"excuse, forgive; guess, presume"
U+8AD6,論,lùn,615,484,,论,debate; discuss; discourse
U+8ADC,諜,dié,12,7,,谍,an intelligence report; to spy; spying
U+8AE1,諡,shì,1,1,,,"posthumous name, posthumous title"
U+8AE6,諦,dì,3,3,,谛,"careful, attentive"
U+8AE7,諧,xié,44,42,,谐,"harmonize, agree; joke, jest"
U+8AED,諭,yù,1,1,,谕,"proclaim, instruct; edict"
U+8AEE,諮,zī,21,20,,谘,"consult, confer; communicate in"
U+8AF7,諷,fěng fèng,5,5,,讽,"recite, incant; satirize"
U+8AF8,諸,zhū,38,36,,诸,"several, various"
U+8AFA,諺,yàn,2,2,,谚,"proverb, maxim"
U+8AFE,諾,nuò,116,91,,诺,"promise; assent, approve"
U+8B00,謀,móu,60,48,,谋,"plan, scheme; stratagem"
U+8B01,謁,yè,4,3,,谒,"visit, pay respects to"
U+8B02,謂,wèi,103,93,,谓,"say, tell; call, name; be called"
U+8B07,謇,jiǎn,1,1,,,stutter; speak out boldly
U+8B0A,謊,huǎng,13,10,,谎,lie
U+8B0E,謎,mí,13,13,,谜,"riddle, conundrum; puzzle"
U+8B10,謐,mì,11,11,,谧,"calm, quiet, still; cautious"
U+8B17,謗,bàng,2,1,,谤,"slander, libel"
U+8B19,謙,qiān,13,9,,谦,"humble, modest; hexagram ䷎"
U+8B1B,講,jiǎng,219,185,,讲,explain; discuss; talk
U+8B1D,謝,xiè,106,81,,谢,thank; decline
U+8B20,謠,yáo,11,9,,谣,"sing; folksong, ballad; rumor"
U+8B2B,謫,zhé,1,1,,谪,"charge, blame; disgrace; demote; punish"
U+8B2C,謬,miù,13,13,,谬,"error, exaggeration; erroneous"
U+8B39,謹,jǐn,21,21,,谨,"prudent, cautious; attentive"
U+8B41,譁,huá,3,3,,,"noise, uproar; clamor, hubbub"
U+8B49,證,zhèng,419,344,,证,"proof, evidence; testify, verify"
U+8B58,識,shí shì,189,166,,识,"recognize, understand, know"
U+8B5A,譚,tán,17,13,,谭,surname; to talk
U+8B5C,譜,pǔ,31,27,,谱,"register, list, table; musical score"
U+8B5F,譟,zào,1,1,,𬤨,"clamor, noise, din; slander"
U+8B66,警,jǐng,2338,1908,,,"guard, watch; alert, alarm"
U+8B6C,譬,pì,9,8,,,"metaphor, simile, example"
U+8B6F,譯,yì,57,32,,译,translate; decode; encode
U+8B70,議,yì,789,556,,议,"consult, talk over, discuss"
U+8B74,譴,qiǎn,34,31,,谴,"reprimand, scold, abuse"
U+8B77,護,hù,571,429,,护,"protect, guard, defend, shelter"
U+8B7D,譽,yù,127,117,,誉,"fame, reputation; praise"
U+8B80,讀,dú,110,90,,读,"read, study; pronounce"
U+8B8A,變,biàn,647,532,,变,"change, transform, alter; rebel"
U+8B93,讓,ràng,535,487,,让,"allow, permit, yield, concede"
U+8B9A,讚,zàn,100,97,,𬤮,"praise, commend, eulogize"
U+8BA0,讠,yán,1,1,訁,,simplified Kangxi radical 149
U+8BA1,计,jì,6117,5202,計,,"plan, plot; stratagem; scheme"
U+8BA2,订,dìng,667,522,訂,,draw up agreement; arrange
U+8BA3,讣,fù,5,5,訃,,obituary; give notice of death
U+8BA4,认,rèn,2790,2606,認,,"recognize, know, understand"
U+8BA5,讥,jī,1,1,譏,,"ridicule, jeer, mock; inspect"
U+8BA6,讦,jié,1,1,訐,,"expose other's secrets, pry"
U+8BA8,讨,tǎo,687,649,討,,"to discuss; ask for, beg; demand; dun; marry"
U+8BA9,让,ràng,2616,2457,讓,,"allow, permit, yield, concede"
U+8BAC,讬,tuō,3,3,託,,"entrust, rely on; commission"
U+8BAD,训,xùn,375,325,訓,,"teach, instruct; exegesis"
U+8BAE,议,yì,3650,2974,議,,"consult, talk over, discuss"
U+8BAF,讯,xùn,550,464,訊,,inquire; ask; examine; reproach
U+8BB0,记,jì,1601,1436,記,,"record; keep in mind, remember"
U+8BB2,讲,jiǎng,415,370,講,,explain; discuss; talk
U+8BB3,讳,huì,9,9,諱,,conceal; shun; regard as taboo
U+8BB4,讴,ōu,2,1,謳,,sing; songs
U+8BB6,讶,yà,46,43,訝,,"express surprise, be surprised"
U+8BB7,讷,nè,1,1,訥,,slow of speech; mumble; stammer
U+8BB8,许,xǔ,1964,1844,許,,"allow, permit; promise; betroth"
U+8BB9,讹,é,5,4,訛,,"swindle, cheat; erroneous, wrong"
U+8BBA,论,lùn,1908,1705,論,,debate; discuss; discourse
U+8BBC,讼,sòng,231,197,訟,,"accuse; argue, dispute; litigate"
U+8BBD,讽,fěng fèng,50,47,諷,,"recite, incant; satirize"
U+8BBE,设,shè,3430,2764,設,,build; establish; display
U+8BBF,访,fǎng,1676,1430,訪,,"visit; ask, inquire"
U+8BC0,诀,jué,37,35,訣,,"take leave of, bid farewell"
U+8BC1,证,zhèng,1643,1435,證,,"prove, confirm, verify; proof"
U+8BC3,诃,hē,1,1,訶,,"scold loudly, curse, abuse"
U+8BC4,评,píng,1067,978,評,,"appraise, criticize, evaluate"
U+8BC5,诅,zǔ,2,2,詛,,"curse; swear, pledge"
U+8BC6,识,shí shì,757,691,識,,"recognize, understand, know"
U+8BC8,诈,zhà,278,207,詐,,"cheat, defraud, swindle; trick"
U+8BC9,诉,sù,836,730,訴,,accuse; sue; inform; narrate
U+8BCA,诊,zhěn,490,403,診,,"examine patient, diagnose"
U+8BCB,诋,dǐ,5,5,詆,,"slander, condemn, reproach"
U+8BCD,词,cí,287,239,詞,,"words; phrase, expression"
U+8BCF,诏,zhào,3,3,詔,,"decree, proclaim; imperial decree"
U+8BD1,译,yì,152,113,譯,,translate; decode; encode
U+8BD5,试,shì,1570,1313,試,,"test, try, experiment"
U+8BD7,诗,shī,267,216,詩,,"poetry; poem, verse, ode"
U+8BD9,诙,huī,1,1,詼,,"tease, joke with; ridicule, mock"
U+8BDA,诚,chéng,171,155,誠,,"sincere, honest; true, real"
U+8BDB,诛,zhū,2,2,誅,,"execute, kill, put to death; punish"
U+8BDD,话,huà,1263,1120,話,,"speech, talk, language; dialect"
U+8BDE,诞,dàn,253,210,誕,,"bear children, give birth; birth"
U+8BDF,诟,gòu,4,4,詬,,"abuse, scold, berate, insult"
U+8BE0,诠,quán,21,21,詮,,"explain, expound, comment on"
U+8BE1,诡,guǐ,6,6,詭,,"deceive, cheat, defraud; sly"
U+8BE2,询,xún,206,193,詢,,"inquire into, ask about; consult"
U+8BE3,诣,yì,1,1,詣,,"reach; achievement, accomplishment"
U+8BE5,该,gāi,4538,4008,該,,"should, ought to, need to"
U+8BE6,详,xiáng,156,154,詳,,"detailed, complete, thorough"
U+8BE7,诧,chà,4,4,詫,,"be surprised, be shocked"
U+8BE9,诩,xǔ,2,2,詡,,"boast, brag; popular, well-known"
U+8BEB,诫,jiè,9,9,誡,,"warn, admonish; warning"
U+8BEC,诬,wū,4,4,誣,,make false accusation; defame
U+8BED,语,yǔ,802,580,語,,"language, words; saying, expression"
U+8BEE,诮,qiào,1,1,誚,,"criticize, scold, blame, ridicule"
U+8BEF,误,wù,428,384,誤,,"err, make mistake; interfere"
U+8BF1,诱,yòu,80,79,誘,,"persuade, entice, induce; guide"
U+8BF2,诲,huì,1,1,誨,,"teach, instruct; encourage, urge"
U+8BF4,说,shuō,5340,4832,"說,説",,"speak, say, talk; scold, upbraid"
U+8BF5,诵,sòng,8,8,誦,,"recite, chant, repeat"
U+8BF7,请,qǐng,991,871,請,,"ask, request; invite; please"
U+8BF8,诸,zhū,130,126,諸,,"various, all, these; surname"
U+8BF9,诹,zōu,1,1,諏,,"consult, confer; select, choose"
U+8BFA,诺,nuò,640,582,諾,,"promise; assent, approve"
U+8BFB,读,dú,530,478,讀,,"read, study; pronounce"
U+8BFD,诽,fěi,12,12,誹,,"slander, vilify, condemn"
U+8BFE,课,kè,363,317,課,,lesson; course; classwork
U+8C01,谁,shéi,272,250,誰,,who? whom? whose? anyone?
U+8C03,调,diào,3657,3133,調,,"transfer, move, change; tune"
U+8C04,谄,chǎn,2,2,諂,,"flatter, truckle, toady"
U+8C05,谅,liàng,29,28,諒,,"excuse, forgive; guess, presume"
U+8C06,谆,zhūn,4,2,諄,,"patient, earnest; earnestly"
U+8C08,谈,tán,1101,959,談,,talk; conversation; surname
U+8C0A,谊,yì,52,43,誼,,"friendship; appropriate, suitable"
U+8C0B,谋,móu,185,163,謀,,"plan, scheme; stratagem"
U+8C0C,谌,chén,1,1,諶,,"sincere, faithful; surname"
U+8C0D,谍,dié,87,79,諜,,an intelligence report; to spy; spying
U+8C0E,谎,huǎng,26,22,謊,,lie
U+8C0F,谏,jiàn,1,1,諫,,"remonstrate, admonish"
U+8C10,谐,xié,70,68,諧,,"harmonize, agree; joke, jest"
U+8C12,谒,yè,11,11,謁,,"visit, pay respects"
U+8C13,谓,wèi,155,154,謂,,"say, tell; call, name; be called"
U+8C15,谕,yù,11,8,諭,,"proclaim, instruct; edict"
U+8C18,谘,zī,2,2,諮,,"consult, confer; communicate in"
U+8C19,谙,ān,3,3,諳,,"versed in, fully acquainted with"
U+8C1A,谚,yàn,6,6,諺,,"proverb, maxim"
U+8C1B,谛,dì,5,5,諦,,"careful, attentive"
U+8C1C,谜,mí,36,33,謎,,"riddle, conundrum; puzzle"
U+8C22,谢,xiè,213,176,謝,,thank; decline
U+8C23,谣,yáo,52,46,"謠,謡",,"sing; folksong, ballad; rumor"
U+8C24,谤,bàng,13,13,謗,,"slander, libel"
U+8C26,谦,qiān,12,12,謙,,"humble, modest"
U+8C27,谧,mì,23,23,謐,,"calm, quiet, still; cautious"
U+8C28,谨,jǐn,187,184,謹,,"prudent, cautious; attentive"
U+8C29,谩,màn,3,3,謾,,"deceive, insult"
U+8C2C,谬,miù,12,12,謬,,"error, exaggeration; erroneous"
U+8C2D,谭,tán,25,24,譚,,surname
U+8C31,谱,pǔ,113,97,譜,,"list, table; musical score"
U+8C32,谲,jué,1,1,譎,,"cunning, crafty, sly, wily"
U+8C34,谴,qiǎn,108,100,譴,,"reprimand, scold, abuse"
U+8C35,谵,zhān,1,1,譫,,talkative; incoherent talk
U+8C36,谶,chèn,1,1,讖,,"prophecy, hint, omen"
U+8C37,谷,gǔ,1458,1115,"穀,谷",谷,"valley, gorge, ravine; Kangxi radical 150"
U+8C41,豁,huō,107,91,,,"open up, clear; exempt"
U+8C46,豆,dòu,488,317,,,"beans, peas; bean-shaped; Kangxi radical 151"
U+8C47,豇,jiāng,1,1,,,a small kidney bean
U+8C48,豈,qǐ,2,2,,岂,how? what?
U+8C49,豉,chǐ,11,8,,,fermented beans
U+8C4C,豌,wān,6,5,,,peas
U+8C4E,豎,shù,11,10,,竖,vertical; perpendicular; upright
U+8C50,豐,fēng,598,384,,丰,"abundant, lush, bountiful, plenty; hexagram ䷶"
U+8C54,豔,yàn,7,7,,,"plump, voluptuous, beautiful"
U+8C5A,豚,tún,77,46,,,"small pig, suckling pig; shuffle one's feet"
U+8C61,象,xiàng,2182,1936,,,"elephant; ivory; figure, image"
U+8C6A,豪,háo,352,310,,,"brave, heroic, chivalrous"
U+8C6B,豫,yù,65,56,,,"relaxed, comfortable, at ease; hexagram ䷏"
U+8C6C,豬,zhū,39,26,,猪,"pig, hog"
U+8C79,豹,bào,170,93,,,"leopard, panther; surname"
U+8C7A,豺,chái,3,1,,,"wolf; cruel, wicked, mean"
U+8C82,貂,diāo,2,2,,,"marten, sable, mink"
U+8C8C,貌,mào,136,122,,,"countenance, appearance"
U+8C93,貓,māo,225,112,,猫,cat
U+8C98,貘,mò,5,2,,,tapir
U+8C9D,貝,bèi,165,120,,贝,"sea shell; money, currency; Kangxi radical 154"
U+8C9E,貞,zhēn,3,3,,贞,"virtuous, chaste, pure; loyal"
U+8CA0,負,fù,268,232,,负,"load, burden; carry, bear"
U+8CA1,財,cái,410,298,,财,"wealth, valuables, riches"
U+8CA2,貢,gòng,89,78,,贡,"offer tribute; tribute, gifts"
U+8CA7,貧,pín,17,16,,贫,"poor, impoverished, needy"
U+8CA8,貨,huò,859,572,,货,"goods, commodities, products"
U+8CA9,販,fàn,12,10,,贩,"peddler, hawker, street merchant"
U+8CAA,貪,tān,3,3,,贪,"greedy, covet; covetous"
U+8CAB,貫,guàn,74,64,,贯,a string of 1000 coins; to go through
U+8CAC,責,zé,216,192,,责,"one's responsibility, duty"
U+8CB3,貳,èr,1,1,,贰,accounting numeral for two
U+8CB4,貴,guì,213,153,,贵,"expensive, costly, valuable"
U+8CB6,貶,biǎn,168,121,,贬,"decrease, lower; censure, criticize"
U+8CB7,買,mǎi,427,318,,"买,𧹒","buy, purchase; bribe, persuade"
U+8CB8,貸,dài,37,24,,贷,lend; borrow; pardon
U+8CBB,費,fèi,687,463,,费,"expenses, expenditures, fee"
U+8CBC,貼,tiē,152,98,,贴,"paste to, stick on; attached to"
U+8CBF,貿,mào,604,375,,贸,"trade, barter; mixed; rashly"
U+8CC0,賀,hè,130,96,,贺,congratulate; send present
U+8CC3,賃,lìn,8,8,,赁,"rent, hire; hired person"
U+8CC7,資,zī,1843,1111,,资,property; wealth; capital
U+8CC8,賈,jiǎ,24,20,,贾,"surname; merchant; buy, trade"
U+8CCA,賊,zéi,2,2,,贼,"thief, traitor"
U+8CD1,賑,zhèn,5,2,,赈,"relieve, aid distressed; rich"
U+8CD2,賒,shē,1,1,,赊,buy and sell on credit; distant
U+8CD3,賓,bīn,241,173,,宾,"guest, visitor; surname; submit"
U+8CDC,賜,cì,1,1,,赐,"give, bestow favors; appoint"
U+8CDE,賞,shǎng,179,150,,赏,"reward, grant, bestow; appreciate"
U+8CE0,賠,péi,18,14,,赔,"indemnify, suffer loss"
U+8CE1,賡,gēng,4,3,,赓,continue
U+8CE2,賢,xián,19,11,,贤,"virtuous, worthy, good; able"
U+8CE3,賣,mài,198,168,,卖,sell; betray; show off
U+8CE4,賤,jiàn,1,1,,贱,"mean, low; cheap, worthless"
U+8CE6,賦,fù,49,45,,赋,tax; give; endow; army; diffuse
U+8CEA,質,zhì,462,364,,质,"matter, material, substance"
U+8CEC,賬,zhàng,29,26,,"账,𧹔","accounts; bill, debt; credit"
U+8CED,賭,dǔ,11,9,,赌,"bet, gamble, wager; compete"
U+8CF4,賴,lài,153,119,,赖,"rely, depend on; accuse falsely"
U+8CFA,賺,zhuàn,31,29,,赚,"make money, earn; gain, profit"
U+8CFC,購,gòu,562,390,,购,"buy, purchase; hire"
U+8CFD,賽,sài,927,472,,赛,"compete, contend; contest, race"
U+8D08,贈,zèng,42,37,,赠,"give present; bestow, confer"
U+8D0A,贊,zàn,29,24,,赞,"help, support, assist, aid"
U+8D0F,贏,yíng,64,61,,赢,"win; surplus, gain, profit"
U+8D16,贖,shú,1,1,,赎,"buy, redeem; ransom; atone for"
U+8D1B,贛,gàn,22,11,,赣,Jiangxi province; places therein
U+8D1D,贝,bèi,432,348,貝,,"sea shell; money, currency"
U+8D1E,贞,zhēn,25,23,貞,,"virtuous, chaste, pure; loyal"
U+8D1F,负,fù,888,821,負,,"load, burden; carry, bear"
U+8D21,贡,gòng,152,136,貢,,"offer tribute; tribute, gifts"
U+8D22,财,cái,2151,1709,財,,"wealth, valuables, riches"
U+8D23,责,zé,822,755,責,,"one's responsibility, duty"
U+8D24,贤,xián,45,40,賢,,"virtuous, worthy, good; able"
U+8D25,败,bài,391,371,敗,,"be defeated, decline, fail"
U+8D26,账,zhàng,270,223,賬,,"accounts; bill, debt; credit"
U+8D27,货,huò,2750,2117,貨,,"goods, commodities, products"
U+8D28,质,zhì,1201,1073,質,,"matter, material, substance"
U+8D29,贩,fàn,182,147,販,,"peddler, hawker, street merchant"
U+8D2A,贪,tān,82,71,貪,,"be greedy, covet; covetous"
U+8D2B,贫,pín,115,99,貧,,"poor, impoverished, needy"
U+8D2C,贬,biǎn,303,224,貶,,"decrease, lower; censure, criticize"
U+8D2D,购,gòu,2228,1820,購,,"buy, purchase; hire"
U+8D2E,贮,zhù,1,1,貯,,"store, stockpile, hoard"
U+8D2F,贯,guàn,88,79,貫,,a string of 1000 coins; to go through
U+8D31,贱,jiàn,5,5,賤,,"mean, low; cheap, worthless"
U+8D32,贲,bēn,1,1,賁,,forge ahead; energetic; surname
U+8D34,贴,tiē,541,423,貼,,"paste to, stick on; attached to"
U+8D35,贵,guì,510,447,貴,,"expensive, costly, valuable"
U+8D37,贷,dài,476,365,貸,,lend; borrow; pardon
U+8D38,贸,mào,1558,1230,貿,,"trade, barter; mixed; rashly"
U+8D39,费,fèi,3124,2510,費,,"expenses, expenditures, fee"
U+8D3A,贺,hè,176,150,賀,,congratulate; send present
U+8D3B,贻,yí,4,4,貽,,"give to, hand down, bequeath"
U+8D3C,贼,zéi,14,13,賊,,"thief, traitor; kill"
U+8D3E,贾,jiǎ,68,62,賈,,"surname; merchant; buy, trade"
U+8D3F,贿,huì,35,28,賄,,"bribe; bribes; riches, wealth"
U+8D41,赁,lìn,34,30,賃,,"rent, hire; hired person"
U+8D42,赂,lù,13,12,賂,,bribe; give present
U+8D43,赃,zāng,4,4,"贓,贜",,"booty, loot, stolen goods; bribe"
U+8D44,资,zī,7764,5450,資,,property; wealth; capital
U+8D48,赈,zhèn,4,4,賑,,"relieve, aid distressed; rich"
U+8D4A,赊,shē,2,2,賒,,"buy and sell on credit, distant"
U+8D4B,赋,fù,80,77,賦,,tax; give; endow; army; diffuse
U+8D4C,赌,dǔ,106,84,賭,,"bet, gamble, wager; compete"
U+8D4E,赎,shú,19,15,贖,,"buy, redeem; ransom; atone for"
U+8D4F,赏,shǎng,301,261,賞,,"reward, grant, bestow; appreciate"
U+8D50,赐,cì,49,45,賜,,"give, bestow favors; appoint"
U+8D53,赓,gēng,4,4,賡,,continue
U+8D54,赔,péi,143,115,賠,,"indemnify, suffer loss"
U+8D56,赖,lài,632,567,賴,,"rely, depend on; accuse falsely"
U+8D58,赘,zhuì,1,1,贅,,"unnecessary, superfluous"
U+8D5A,赚,zhuàn,191,163,賺,,"make money, earn; gain, profit"
U+8D5B,赛,sài,1622,1029,賽,,"compete, contend; contest, race"
U+8D5D,赝,yàn,4,3,"贋,贗",,false; counterfeit; bogus; sham
U+8D5E,赞,zàn,241,228,贊,,"help, support, assist, aid"
U+8D5F,赟,yūn,1,1,贇,,"affable, agreeable, pleasant"
U+8D60,赠,zèng,107,90,贈,,"give present; bestow, confer"
U+8D62,赢,yíng,383,370,贏,,"win; surplus, gain, profit"
U+8D63,赣,gàn,15,12,贛,,Jiangxi province; places therein
U+8D64,赤,chì,131,120,,,red; bare; Kangxi radical 155
U+8D66,赦,shè,16,12,,,"forgive, remit, pardon"
U+8D6B,赫,hè,145,127,,,"bright, radiant, glowing"
U+8D6D,赭,zhě,3,3,,,reddish brown; hematite; ochre
U+8D70,走,zǒu,2581,2338,,,"walk, go on foot; run; leave; Kangxi radical 156"
U+8D73,赳,jiū,1,1,,,"grand, valiant"
U+8D74,赴,fù,561,503,,,"go to; attend, be present"
U+8D75,赵,zhào,117,104,趙,,surname; ancient state
U+8D76,赶,gǎn,260,252,"赶,趕",赶,"pursue, follow; expel, drive away"
U+8D77,起,qǐ,6035,5389,,,"rise, stand up; go up; begin"
U+8D81,趁,chèn,72,71,,,"take advantage of, avail oneself"
U+8D85,超,chāo,4940,4177,,,"jump over, leap over; surpass"
U+8D8A,越,yuè,3603,2214,,,"exceed, go beyond; the more ..."
U+8D8B,趋,qū,512,501,"趋,趨",趋,"hasten, hurry; be attracted to"
U+8D95,趕,gǎn,77,73,,赶,"pursue, follow; expel, drive away"
U+8D99,趙,zhào,18,15,,赵,surname; Warring States-era kingdom in modern Hebei and Shanxi
U+8D9F,趟,tàng,121,107,,,"time, occasion; take journey"
U+8DA3,趣,qù,489,473,,,what attracts one's attention
U+8DA8,趨,qū,131,123,,趋,"hasten, hurry; be attracted to"
U+8DB3,足,zú,1566,1421,,,"foot; attain, satisfy, enough; Kangxi radical 156"
U+8DB4,趴,pā,8,6,,,"lying prone, leaning over"
U+8DB5,趵,bào,4,3,,,noise of tramping feet
U+8DB8,趸,dǔn,10,10,躉,,sell or buy wholesale; store
U+8DBE,趾,zhǐ,9,8,,,"toe; tracks, footprints"
U+8DC3,跃,yuè,277,264,躍,,"skip, jump, frolic"
U+8DC4,跄,qiàng,3,2,蹌,,walk rapidly
U+8DC6,跆,tái,1,1,,,trample
U+8DCB,跋,bá,10,9,,,"go by foot; epilogue, colophon"
U+8DCC,跌,diē dié,2856,1866,,,"stumble, slip, fall down; stamp"
U+8DD1,跑,pǎo,660,529,,,"run, flee, leave in hurry"
U+8DD6,跖,zhí,1,1,,,sole (of the foot)
U+8DD7,跗,fū,1,1,,,the instep
U+8DDA,跚,shān,13,13,,,"stagger, limp"
U+8DDB,跛,bǒ,1,1,,,lame
U+8DDD,距,jù,610,560,,,distance; bird's spur
U+8DDF,跟,gēn,692,644,,,"heel; to follow, accompany; with"
U+8DE1,跡,jī,81,65,,迹,"search, track, trace"
U+8DE4,跤,jiāo,11,9,,,"stumble, fall down; wrestle"
U+8DE8,跨,kuà,931,762,,,"straddle, bestride, ride; carry"
U+8DEA,跪,guì,27,22,,,kneel
U+8DEB,跫,qióng,2,2,,,sound of footsteps
U+8DEF,路,lù,3205,2460,,,"road, path, street; journey"
U+8DF3,跳,tiào,744,617,,,"jump, leap, vault, bounce; dance"
U+8DF5,践,jiàn,78,71,踐,,"trample, tread upon, walk on"
U+8DF7,跷,qiāo,3,2,蹺,,raise one's foot
U+8DF9,跹,xiān,7,7,躚,,"wander about, walk around; revolve"
U+8DFA,跺,duò,1,1,,,"stamp feet, step"
U+8DFB,跻,jī,51,51,躋,,"ascend, go up, rise"
U+8E05,踅,xué,1,1,,,to walk around; turn back midway
U+8E09,踉,liàng,3,2,,,"hop, jump; hurriedly, urgently"
U+8E0A,踊,yǒng,9,9,"踊,踴",踊,"leap, jump"
U+8E0C,踌,chóu,1,1,躊,,"hesitate, falter; smug, self-satisfied"
U+8E0F,踏,tà,271,241,,,"step on, trample, tread on, walk"
U+8E10,踐,jiàn,65,53,,践,"trample, tread upon, walk on"
U+8E14,踔,chuō,1,1,,,to get ahead; to stride; to excel
U+8E1E,踞,jù,9,8,,,"crouch, squat; sit, occupy"
U+8E1F,踟,chí,1,1,,,"hesitate, undecided; embarrassed"
U+8E22,踢,tī,74,66,,,kick
U+8E29,踩,cǎi,89,82,,,step on
U+8E2A,踪,zōng,292,263,"踪,蹤",踪,"footprints, traces, tracks"
U+8E2E,踮,diǎn,3,2,,,tiptoe
U+8E31,踱,duó,7,7,,,"stroll, pace, walk slowly"
U+8E34,踴,yǒng,6,6,,踊,"leap, jump"
U+8E35,踵,zhǒng,13,12,,,"heel; follow; visit, call on"
U+8E39,踹,chuài,4,4,,,"trample, tread on, kick; to crush"
U+8E41,蹁,pián,1,1,,,to walk with a limp
U+8E42,蹂,róu,4,4,,,"trample under foot, tread on"
U+8E44,蹄,tí,51,42,,,hoof; horse
U+8E48,蹈,dǎo,94,85,,,stamp feet; dance
U+8E4A,蹊,qī,5,5,,,"footpath, trail; track"
U+8E52,蹒,pán,12,12,蹣,,to jump over; to limp
U+8E5F,蹟,jī,35,34,,,"trace, tracks; footprints"
U+8E63,蹣,pán mán,1,1,,蹒,to jump over; to limp
U+8E64,蹤,zōng,26,21,,"踪,𧿛","footprints, traces, tracks"
U+8E66,蹦,bèng,29,20,,,"hop, leap, jump; bright"
U+8E69,蹩,bié,1,1,,,to limp
U+8E6C,蹬,dēng dèng,9,9,,,"step on, tread on; lose energy"
U+8E6D,蹭,cèng,4,4,,,"to shuffle, procrastinate, dilly-dally"
U+8E70,蹰,chú,1,1,"蹰,躕",蹰,"hesitate, waver, falter"
U+8E72,蹲,dūn,17,17,,,"squat, crouch; idle about"
U+8E74,蹴,cù,7,6,,,kick; tread on; leap; solemn
U+8E76,蹶,jué,2,2,,,"stumble, fall down; trample"
U+8E7A,蹺,qiāo,5,4,,跷,raise one's foot
U+8E7F,蹿,cuān,6,5,躥,,leap; to jump; to spurt out
U+8E81,躁,zào,17,17,,,"tense, excited, irritable"
U+8E87,躇,chú,3,3,,,"hesitate, falter, be undecided"
U+8E8A,躊,chóu,2,2,,踌,"hesitate, falter; smug, self-satisfied"
U+8E8B,躋,jī,25,23,,跻,"ascend, go up, rise"
U+8E8D,躍,yuè,126,116,,跃,"skip, jump, frolic"
U+8E8F,躏,lìn,4,4,躪,,"trample down, oppress, overrun"
U+8E9A,躚,xiān,5,5,,跹,"wander about, walk around; revolve"
U+8EAB,身,shēn,2370,2147,,,"body; trunk, hull; Kangxi radical 158"
U+8EAC,躬,gōng,10,9,,,"body; personally, in person"
U+8EAF,躯,qū,8,8,"躯,軀",躯,body
U+8EB2,躲,duǒ,67,60,,,"hide, secrete; avoid, escape"
U+8EBA,躺,tǎng,59,46,,,"lie down, recline"
U+8EC0,軀,qū,7,7,,躯,body
U+8ECA,車,chē,2312,1102,,车,"cart, vehicle; carry in a cart; Kangxi radical 159"
U+8ECB,軋,yà,3,2,,轧,crush by weight; grind
U+8ECC,軌,guǐ,221,139,,轨,"track, rut, path"
U+8ECD,軍,jūn,801,544,,军,"army, military; soldiers, troops"
U+8ED2,軒,xuān,19,12,,轩,carriage; high; wide; balcony; surname of the Yellow Emperor
U+8EDF,軟,ruǎn,231,160,,软,"soft, flexible, pliable; weak"
U+8EF8,軸,zhóu,43,33,,轴,"axle, axletree; pivot; axis"
U+8EFE,軾,shì,6,6,,轼,horizontal wooden bar in front of a sedan chair
U+8F03,較,jiào,382,355,,较,"compare; comparatively, more"
U+8F09,載,zài,643,460,,载,"load; carry; transport, convey"
U+8F12,輒,zhé,2,2,,辄,then; each; rack on chariot for luggage or weapons
U+8F14,輔,fǔ,31,28,,辅,cheek bone; protective; assist
U+8F15,輕,qīng,255,217,,轻,"light; easy, simple; gentle"
U+8F1B,輛,liàng,342,227,,辆,numerary adjunct for vehicles
U+8F1D,輝,huī,131,105,,辉,"brightness, luster, brilliance"
U+8F1F,輟,chuò,3,2,,辍,"stop, suspend, halt"
U+8F25,輥,gǔn,3,1,,辊,"turn round, revolve; roller"
U+8F29,輩,bèi,29,27,,辈,"generation, lifetime; class"
U+8F2A,輪,lún,390,270,,轮,"wheel; revolve, turn; recur"
U+8F2F,輯,jí,32,30,,辑,"gather up, collect; edit, compile"
U+8F38,輸,shū,339,236,,输,"transport, carry, haul"
U+8F3B,輻,fú,14,13,,辐,spokes of wheel
U+8F3E,輾,zhǎn,1,1,,辗,"turn over, roll"
U+8F3F,輿,yú,25,23,,舆,"cart, palanquin; public opinion"
U+8F44,轄,xiá,13,12,,辖,linchpin of wheel; control
U+8F45,轅,yuán,6,2,,辕,axle; magistrate's office; surname
U+8F49,轉,zhuǎn,615,518,,转,"shift, move, turn"
U+8F4D,轍,zhé,7,7,,辙,"wagon ruts, wheel tracks"
U+8F4E,轎,jiào,21,18,,轿,"sedan-chair, palanquin"
U+8F5F,轟,hōng,21,20,,轰,"rumble, explosion, blast"
U+8F66,车,chē,6419,3325,車,,"cart, vehicle; carry in cart"
U+8F67,轧,yà,12,8,軋,,crush by weight; grind
U+8F68,轨,guǐ,278,240,軌,,"track, rut, path"
U+8F69,轩,xuān,48,38,軒,,carriage; high; wide; balcony
U+8F6C,转,zhuǎn,2025,1819,轉,,"shift, move, turn"
U+8F6D,轭,è,5,5,軛,,"yoke, collar"
U+8F6E,轮,lún,968,843,輪,,"wheel; revolve, turn; recur"
U+8F6F,软,ruǎn,1542,1242,軟,,"soft, flexible, pliable; weak"
U+8F70,轰,hōng,107,95,轟,,"rumble, explosion, blast"
U+8F74,轴,zhóu,71,54,軸,,"axle, axletree; pivot; axis"
U+8F76,轶,yì,3,3,軼,,"rush forth; surpass, excel"
U+8F7B,轻,qīng,1060,912,輕,,"light; easy, simple; gentle"
U+8F7C,轼,shì,3,3,軾,,horizontal wooden bar in front
U+8F7D,载,zài,905,743,載,,"load; carry; transport, convey"
U+8F7F,轿,jiào,51,48,轎,,"sedan-chair, palanquin"
U+8F83,较,jiào,1094,1037,較,,"compare; comparatively, more"
U+8F84,辄,zhé,9,9,輒,,sides of chariot where weapons
U+8F85,辅,fǔ,123,113,輔,,cheek bone; protective; assist
U+8F86,辆,liàng,681,519,輛,,numerary adjunct for vehicles
U+8F88,辈,bèi,84,79,輩,,"generation, lifetime; class"
U+8F89,辉,huī,342,309,輝,,"brightness, luster, brilliance"
U+8F8D,辍,chuò,3,3,輟,,"stop, suspend, halt"
U+8F90,辐,fú,42,35,輻,,spokes of wheel
U+8F91,辑,jí,144,125,輯,,"gather up, collect; edit, compile"
U+8F93,输,shū,786,674,輸,,"transport, carry, haul"
U+8F95,辕,yuán,6,4,轅,,axle; magistrate's office; surname
U+8F96,辖,xiá,45,44,轄,,linchpin of wheel; control
U+8F97,辗,zhǎn,5,5,輾,,"turn over, roll"
U+8F99,辙,zhé,19,19,轍,,"wagon ruts, wheel tracks"
U+8F9B,辛,xīn,157,137,,,"bitter; toilsome, laborious; 8th heavenly stem; Kangxi radical 160"
U+8F9C,辜,gū,27,23,,,"crime, criminal offense"
U+8F9E,辞,cí,222,194,"辞,辭",辞,"words, speech, expression, phrase"
U+8F9F,辟,pì,73,72,"辟,闢",辟,"law, rule; open up, develop"
U+8FA3,辣,là,226,157,,,"peppery, pungent, hot; cruel"
U+8FA6,辦,bàn,646,505,,办,"manage, do, handle; deal with"
U+8FA8,辨,biàn,52,50,,,"distinguish, discriminate"
U+8FA9,辩,biàn,123,111,辯,,"dispute, argue, debate, discuss"
U+8FAB,辫,biàn,8,6,辮,,"braid; pigtail, plait, queue"
U+8FAD,辭,cí,55,48,,辞,"words, speech, expression, phrase"
U+8FAE,辮,biàn,1,1,,辫,"braid; pigtail, plait, queue"
U+8FAF,辯,biàn,30,27,,辩,"dispute, argue, debate, discuss"
U+8FB0,辰,chén,106,98,,,early morning; fifth earthly branch; Kangxi radical 161
U+8FB1,辱,rǔ,40,37,,,"humiliate, insult, abuse"
U+8FB2,農,nóng,472,293,,农,"agriculture, farming; farmer"
U+8FB9,边,biān,1245,1053,"边,邊",边,"edge, margin, side, border"
U+8FBB,辻,shí,1,1,,,crossroads; street
U+8FBD,辽,liáo,81,68,遼,,"distant, far"
U+8FBE,达,dá,5585,4720,達,,"arrive at, reach; intelligent; smooth, slippery"
U+8FC1,迁,qiān,187,166,"迁,遷",迁,"move, shift, change; transfer; relocate a capital city"
U+8FC2,迂,yū,16,12,,,"doctrinaire, abstruse, unrealistic"
U+8FC4,迄,qì,198,195,,,"extend, reach; until; till"
U+8FC5,迅,xùn,583,551,,,"quick, hasty, rapid, sudden"
U+8FC7,过,guò,7858,6940,"过,過",过,"pass, pass through, go across"
U+8FC8,迈,mài,290,278,邁,,take a big stride; pass by
U+8FCE,迎,yíng,1775,1645,,,"receive, welcome, greet"
U+8FD0,运,yùn,3906,2810,運,,"luck, fortune; ship, transport"
U+8FD1,近,jìn,8130,7249,,,"near, close; approach; intimate"
U+8FD4,返,fǎn,729,648,,,"return, revert to, restore"
U+8FD8,还,hái,3769,3521,"还,還",还,"still, yet, also, besides"
U+8FD9,这,zhè,13943,11773,"这,這",这,"this, the, here"
U+8FDB,进,jìn,7372,6400,進,,"advance, make progress, enter"
U+8FDC,远,yuǎn,1089,967,"远,遠",远,"distant, remote, far; profound"
U+8FDD,违,wéi,464,415,違,,"disobey, violate, defy; be apart from"
U+8FDE,连,lián,2213,2009,連,,"join, connect; continuous; even"
U+8FDF,迟,chí,396,344,遲,,"late, tardy; slow; delay"
U+8FE2,迢,tiáo,11,6,,,far; distant
U+8FE4,迤,yí,1,1,,,wind; walk out of straight path
U+8FE5,迥,jiǒng,7,7,,,"distant, far; separated; different"
U+8FE6,迦,jiā,16,14,,,character for transliteration
U+8FE9,迩,ěr,2,2,"迩,邇",迩,"be near, be close; recently"
U+8FEA,迪,dí,1227,850,,,"enlighten, advance; progress"
U+8FEB,迫,pò,575,557,,,"coerce, force, compel; urgent"
U+8FED,迭,dié,58,55,,,"repeatedly, frequently"
U+8FF0,述,shù,645,610,,,"narrate, state, express"
U+8FF4,迴,huí,53,45,,回,"revolve, rotate; curving, zigzag"
U+8FF7,迷,mí,750,693,,,"bewitch, charm, infatuate"
U+8FF8,迸,bèng,9,9,,,gush out; burst forth; split
U+8FF9,迹,jì,504,480,"跡,迹",迹,"traces, impressions, footprints"
U+8FFD,追,zhuī,989,909,,,"pursue, chase after; expel"
U+9000,退,tuì,1242,1067,,,"step back, retreat, withdraw"
U+9001,送,sòng,1145,942,,,"see off, send off; dispatch, give"
U+9002,适,shì kuò,533,500,"适,適",适,"go, reach; appropriate, suitable"
U+9003,逃,táo,235,221,,,"escape, flee; abscond, dodge"
U+9005,逅,hòu,52,51,,,meet unexpectedly
U+9006,逆,nì,504,414,,,"disobey, rebel; rebel, traitor"
U+9009,选,xuǎn,3252,2350,"选,選",选,"choose, select; elect; election"
U+900A,逊,xùn,508,406,"逊,遜",逊,"humble, modest; yield"
U+900D,逍,xiāo,12,10,,,"ramble, stroll, jaunt, loiter"
U+900F,透,tòu,1295,1240,,,"penetrate, pass through"
U+9010,逐,zhú,745,721,,,"chase, expel; one by one"
U+9012,递,dì,186,153,"递,遞",递,"hand over, deliver; substitute"
U+9014,途,tú,383,364,,,"way, road, path, journey; course"
U+9015,逕,jìng,1,1,,迳,"pass by, approach; direct"
U+9017,逗,dòu,34,32,,,"tempt, allure, arouse, stir"
U+9019,這,zhè,2491,2113,,这,"this, the, here"
U+901A,通,tōng,7756,6289,,,pass through; common; communicate
U+901B,逛,guàng,92,77,,,"ramble, stroll, roam, wander"
U+901D,逝,shì,110,102,,,pass away; die
U+901E,逞,chěng,7,7,,,"indulge oneself; brag, show off"
U+901F,速,sù,2978,2571,,,"quick, prompt, speedy"
U+9020,造,zào,5115,4445,,,"construct, build, make, begin; prepare"
U+9022,逢,féng,136,134,,,"come upon, happen meet; flatter"
U+9023,連,lián,766,645,,连,"join, connect; continuous; even"
U+9026,逦,lǐ,1,1,邐,,"meandering, winding"
U+902E,逮,dǎi,166,152,,,"seize, catch; reach, arrive"
U+9031,週,zhōu,179,146,,,"week; turn, cycle; anniversary"
U+9032,進,jìn,2605,2090,,进,"advance, make progress, enter"
U+9038,逸,yì,69,64,,,"flee, escape, break loose"
U+903B,逻,luó,121,110,"逻,邏",逻,patrol; inspect; watch; patrol
U+903C,逼,bī,239,232,,,"compel, pressure, force; bother"
U+903E,逾,yú,557,523,,,"go over, pass over, exceed"
U+9041,遁,dùn,2,2,,,"hide, conceal oneself; escape"
U+9042,遂,suì,34,33,,,"comply with, follow along; thereupon"
U+9046,遆,tí,1,1,,,
U+9047,遇,yù,1243,1144,,,"meet, come across, encounter"
U+904A,遊,yóu,1267,738,,,"wander, roam, travel"
U+904B,運,yùn,1937,1168,,运,"luck, fortune; ship, transport"
U+904D,遍,biàn,387,375,,,"everywhere, all over, throughout"
U+904E,過,guò,1934,1661,,过,"pass, pass through, go across"
U+904F,遏,è,189,185,,,"stop, suppress, curb, check; a bar"
U+9050,遐,xiá,3,3,,,"afar, distant; old, advanced in"
U+9051,遑,huáng,4,4,,,"leisure, leisurely; hurry about"
U+9052,遒,qiú,6,6,,,"strong, unyielding, forceful"
U+9053,道,dào,5311,4635,,,"path, road, street; method, way"
U+9054,達,dá,1926,1466,,达,"arrive at, reach; intelligent"
U+9055,違,wéi,116,93,,违,"disobey, violate, defy; be apart from"
U+9057,遗,yí,554,429,遺,,lose; articles lost; omit
U+9059,遙,yáo,77,52,,遥,"far away, distant, remote"
U+905B,遛,liù,14,12,,,"take walk, stroll"
U+905C,遜,xùn,37,30,,逊,"humble, modest; yield"
U+905E,遞,dì,101,68,,递,"hand over, deliver; substitute"
U+9060,遠,yuǎn,345,300,,远,"distant, remote, far; profound"
U+9062,遢,ta,1,1,,,"careless, negligent, slipshod"
U+9063,遣,qiǎn,88,84,,,"send, dispatch; send off, exile"
U+9065,遥,yáo,156,122,遙,,"far away, distant, remote"
U+9068,遨,áo,5,4,,,"ramble, roam; travel for pleasure"
U+9069,適,shì,117,105,,适,"match, comfortable; just"
U+906D,遭,zāo,1169,1119,,,"come across, meet with, encounter"
U+906E,遮,zhē,42,39,,,"cover, shield, protect"
U+9072,遲,chí,69,58,,迟,"late, tardy; slow; delay"
U+9074,遴,lín,6,6,,,"select, choose; surname"
U+9075,遵,zūn,162,157,,,"obey, comply with, follow; honor"
U+9077,遷,qiān,63,50,,迁,"move, shift, change; transfer"
U+9078,選,xuǎn,647,475,,选,"choose, select; elect; election"
U+907A,遺,yí,400,256,,遗,lose; articles lost; omit
U+907C,遼,liáo,74,58,,辽,"distant, far"
U+907D,遽,jù,3,3,,,"suddenly, unexpectedly; at once"
U+907F,避,bì,854,812,,,avoid; turn aside; escape; hide
U+9080,邀,yāo,346,331,,,"invite, welcome; meet, intercept"
U+9081,邁,mài,76,73,,迈,take a big stride; pass by
U+9082,邂,xiè,52,51,,,unexpected meeting; encounter by
U+9083,邃,suì,10,10,,,"profound, detailed; deep"
U+9084,還,hái,737,696,,还,"still, yet, also, besides"
U+9087,邇,ěr,2,2,,迩,"be near, be close; recently"
U+908A,邊,biān,591,462,,边,"edge, margin, side, border"
U+908B,邋,lā,1,1,,,rags
U+908F,邏,luó,40,36,,逻,patrol; inspect; watch
U+9091,邑,yì,14,10,,,area; district; city; state; Kangxi radical 163
U+9093,邓,dèng,87,60,鄧,,surname
U+9095,邕,yōng,1,1,,,former or literary name for Nanning (in Guangxi)
U+9099,邙,máng,3,2,,,mountain in Henan province
U+909B,邛,qióng,2,2,,,in distress; a mound
U+909D,邝,kuàng,3,3,鄺,,surname
U+90A1,邡,fāng,2,1,,,name of a district in Sichuan
U+90A2,邢,xíng,11,8,,,surname; state in today's Hebei
U+90A3,那,nà,1631,1499,,,"that, that one, those"
U+90A6,邦,bāng,861,755,,,"nation, country, state"
U+90AA,邪,xié,26,26,,,"wrong, evil, depraved, vicious, perverse, heterodox"
U+90AE,邮,yóu,237,173,郵,,"postal, mail; post office"
U+90AF,邯,hán,9,6,,,city in Hebei province
U+90B0,邰,tái,6,6,,,surname; state in modern Shanxi
U+90B1,邱,qiū,27,26,,,surname; hill; mound; grave
U+90B5,邵,shào,10,10,,,surname; various place names
U+90B8,邸,dǐ,29,27,,,"official residence, residence of"
U+90B9,邹,zōu,10,8,鄒,,name of an ancient state; surname
U+90BB,邻,lín,172,161,鄰,,neighbor; neighborhood
U+90C1,郁,yù,128,106,"郁,鬱",郁,"sweet smelling, rich in aroma; (Cant.) to move, hit"
U+90CA,郊,jiāo,103,93,,,"suburbs; waste land, open spaces"
U+90CE,郎,láng,147,123,,,"gentleman, young man; husband"
U+90CF,郏,jiá,4,2,郟,,county in Henan province; surname
U+90D1,郑,zhèng,294,227,"郑,鄭",郑,state in today's Henan; surname
U+90D3,郓,yùn,1,1,鄆,,surname; an ancient town's name
U+90DD,郝,hǎo,3,3,,,surname; place in modern Shanxi
U+90DF,郟,jiá,1,1,,郏,county in Henan province; surname
U+90E1,郡,jùn,28,23,,,administrative division
U+90E2,郢,yǐng,4,1,,,ancient city in Hubei
U+90E8,部,bù,9840,7855,,,"part, division, section"
U+90ED,郭,guō,276,219,,,outer part (of a city); surname
U+90EF,郯,tán,3,1,,,a county in Shandong
U+90F4,郴,chēn,4,3,,,county in Hunan province; surname
U+90F5,郵,yóu,143,60,,邮,"postal, mail; post office"
U+90F8,郸,dān,5,3,鄲,,county in Hebei province
U+90FD,都,dōu dū,4867,4324,,,"metropolis, capital; all, the whole; elegant, refined"
U+9102,鄂,è,37,23,,,Hubei province; startled
U+9104,鄄,juàn,1,1,,,a county in Shandong
U+9109,鄉,xiāng,374,272,,乡,country; rural; village
U+9112,鄒,zōu,5,4,,邹,a Zhou-dynasty state in modern Shandong
U+9116,鄖,yún,1,1,,郧,county in Hubei province
U+9119,鄙,bǐ,6,5,,,mean; low
U+911E,鄞,yín,1,1,,,county in Zhejiang province
U+9120,鄠,hù,1,1,,,county in Shanxi province
U+9127,鄧,dèng,14,13,,邓,a county in Henan; surname
U+9129,鄩,xún,1,1,,𬩽,county in Shandong province
U+912D,鄭,zhèng,182,120,,郑,state in today's Henan; surname
U+912F,鄯,shàn,3,2,,,district in Gansu during the Tang dynasty
U+9130,鄰,lín,48,44,,邻,neighbor; neighborhood
U+9131,鄱,pó,29,21,,,county and lake in Jiangxi
U+9132,鄲,dān,4,3,,郸,county in Hebei province
U+9149,酉,yǒu,4,3,,,a wine vessel; tenth earthly branch; Kangxi radical 164
U+914B,酋,qiú,83,71,,,"chief of tribe, chieftain"
U+914C,酌,zhuó,5,5,,,serve wine; feast; deliberate
U+914D,配,pèi,1206,1055,,,"match, pair; equal; blend"
U+9152,酒,jiǔ,1100,654,,,"wine, spirits, liquor, alcoholic beverage"
U+9157,酗,xù,3,3,,,"drunk, to become violent under the influence of alcohol"
U+915A,酚,fēn,4,3,,,carbolic acid; phenol
U+915D,酝,yùn,37,37,"醖,醞",,"liquor, spirits, wine; ferment"
U+9163,酣,hān,12,12,,,enjoy intoxicants
U+9165,酥,sū,72,62,,,"butter; flaky, crispy, light, fluffy"
U+9169,酩,mǐng,7,5,,,drunk; intoxicated; tipsy
U+916A,酪,lào,25,20,,,"cream, cheese; koumiss"
U+916C,酬,chóu,157,123,,,"toast; reward, recompense"
U+916E,酮,tóng,7,5,,,ketones
U+916F,酯,zhǐ,13,10,,,ester
U+9170,酰,xiān,9,8,,,acyl
U+9171,酱,jiàng,157,108,醬,,any jam-like or paste-like food
U+9175,酵,jiào,68,65,,,"yeast, leaven"
U+9176,酶,méi,5,5,,,enzymes; (Cant.) soft
U+9177,酷,kù,204,183,,,"strong, stimulating; very"
U+9178,酸,suān,401,301,,,"tart, sour; acid; stiff; spoiled"
U+917F,酿,niàng,116,99,釀,,"brew, ferment"
U+9183,醃,yān,3,3,,,"marinate, pickle; salt"
U+9187,醇,chún,61,45,,,"rich, good as wine; pure, unmixed"
U+9189,醉,zuì,68,66,,,"intoxicated, drunk; addicted to"
U+918B,醋,cù,27,22,,,"vinegar; jealousy, envy"
U+918D,醍,tí,1,1,,,essential oil of butter
U+9190,醐,hú,1,1,,,purest cream
U+9192,醒,xǐng,348,327,,,wake up; sober up; startle
U+919B,醛,quán,3,3,,,aldehyde
U+919C,醜,chǒu,3,2,,丑,"ugly looking, homely; disgraceful"
U+919E,醞,yùn,2,2,,酝,"liquor, spirits, wine; ferment"
U+91AA,醪,láo,2,2,,,"unclear wine, wine with dregs"
U+91AB,醫,yī,306,158,,医,"medicine; to cure, heal; physician"
U+91AC,醬,jiàng,24,11,,酱,any jam-like or paste-like food
U+91AF,醯,xī,2,2,,,vinegar; pickle; acid
U+91B4,醴,lǐ,4,2,,,sweet wine; sweet spring
U+91BA,醺,xūn,3,3,,,"get drunk, be intoxicated"
U+91C0,釀,niàng,9,9,,酿,"brew, ferment"
U+91C1,釁,xìn,34,28,,衅,"smear with blood in sacrifice; rift, quarrel"
U+91C7,采,cǎi,1804,1647,"埰,採,采",采,"collect, gather; pick, pluck"
U+91C9,釉,yòu,28,13,,,glaze
U+91CA,释,shì,474,429,釋,,"interpret, elucidate; release"
U+91CB,釋,shì,96,81,,释,"interpret, elucidate; release"
U+91CC,里,lǐ,4580,3823,"裏,裡,里",里,unit of distance; village; lane; Kangxi radical 166
U+91CD,重,zhòng,7621,6526,,,"heavy, weighty; double"
U+91CE,野,yě,1175,936,,,"open country, field; wilderness"
U+91CF,量,liàng,6936,5146,,,"measure, quantity, capacity"
U+91D0,釐,xī lí,9,9,,厘,"manage, control; thousandth part of tael"
U+91D1,金,jīn,8018,5216,,,gold; metals in general; money; Kangxi radical 167
U+91D4,釔,yǐ,12,6,,钇,"yttrium (element 39, Y)"
U+91D7,釗,zhāo,2,1,,钊,"endeavor, strive; encourage; cut"
U+91D8,釘,dīng,6,5,,钉,"nail, spike; pursue closely"
U+91DC,釜,fǔ,31,30,,,"cauldron, pot, kettle"
U+91DD,針,zhēn,227,206,,针,needle; pin; tack; acupuncture
U+91E3,釣,diào,41,27,,钓,"fish; fishhook; tempt, lure"
U+91F5,釵,chāi,1,1,,钗,ornamental hairpin
U+91F9,釹,nǚ,6,6,,钕,neodymium (Nd)
U+9200,鈀,bǎ,2,2,,钯,palladium (Pd)
U+9201,鈁,fāng,1,1,,钫,francium (Fr)
U+9209,鈉,nà,8,4,,钠,sodium (Na); sharpen wood
U+920E,鈎,gōu,2,2,,钩,"hook, barb; sickle; stroke with"
U+9214,鈔,chāo,8,3,,钞,"paper money, bank notes; copy"
U+9215,鈕,niǔ,1,1,,钮,"button, knob; surname"
U+921E,鈞,jūn,8,7,,钧,unit of measure equivalent to thirty catties
U+9223,鈣,gài,13,9,,钙,calcium (Ca)
U+9226,鈦,tài,9,6,,钛,titanium (Ti)
U+922E,鈮,nǐ,1,1,,铌,niobium (Nb)
U+9234,鈴,líng,31,28,,铃,bell
U+9237,鈷,gǔ,17,10,,钴,cobalt (Co)
U+923A,鈺,yù,2,2,,钰,rare treasure
U+923E,鈾,yóu,1,1,,铀,uranium (U)
U+9240,鉀,jiǎ,3,2,,钾,potassium (K)
U+9245,鉅,jù,26,26,,钜,"steel, iron; great"
U+9248,鉈,shī,1,1,,铊,"a short spear; thallium (element 81, Tl)"
U+9249,鉉,xuàn,1,1,,铉,device for carrying a tripod
U+924D,鉍,bì,5,2,,铋,bismuth (Bi)
U+9251,鉑,bó,25,11,,铂,platinum (Pt); thin sheet of metal
U+925A,鉚,mǎo,1,1,,铆,rivet
U+925B,鉛,qiān,7,4,,铅,"lead (element 82, Pb)"
U+925E,鉞,yuè,1,1,,钺,"broad-axe, a battle axe, halberd"
U+9264,鉤,gōu,7,6,,"钩,𰽭","hook, barb; sickle; stroke with"
U+926C,鉬,mù,6,3,,钼,"molybdenum (element 42, Mo)"
U+9274,鉴,jiàn,179,177,鑒,,"mirror, looking glass; reflect"
U+927E,鉾,móu,1,1,,𫓴,spear
U+927F,鉿,jiā,1,1,,铪,"hafnium (element 72, Hf)"
U+9280,銀,yín,464,293,,银,"silver (element 47, Ag); cash, money, wealth"
U+9283,銃,chòng,1,1,,铳,"ancient weapon, blunderbuss"
U+9285,銅,tóng,207,106,,铜,"copper (element 29, Cu); brass, bronze"
U+9291,銑,xiǎn,1,1,,铣,mill
U+9296,銖,zhū,10,7,,铢,"unit of weight, one twenty-fourth of a Chinese ounce (liang)"
U+9298,銘,míng,36,36,,铭,"inscribe, engrave; unforgettably"
U+929C,銜,xián,25,19,,衔,"bit; hold in mouth, bite; gag"
U+92A5,銥,yī,4,1,,铱,"iridium (element 77, Ir)"
U+92A6,銦,yīn,2,2,,铟,"indium (element 49, In)"
U+92A8,銨,ǎn,1,1,,铵,ammonium
U+92AB,銫,sè,1,1,,铯,"caesium/cesium (element 55, Cs)"
U+92AE,銮,luán,5,5,"銮,鑾",銮,bells hung on horse; bells hung
U+92B3,銳,ruì,18,12,,锐,"sharp, keen, acute, pointed"
U+92B7,銷,xiāo,865,539,,销,"melt, fuse; market, sell; to pass time, finish, cancel"
U+92B9,銹,xiù,4,3,,锈,"rust, corrode"
U+92BB,銻,tí,5,3,,锑,"antimony (element 51, Sb)"
U+92C1,鋁,lǚ,82,32,,铝,"aluminium/aluminum (element 13, Al)"
U+92C5,鋅,xīn,6,3,,锌,"zinc (element 30, Zn)"
U+92CC,鋌,dìng,1,1,,铤,"ingots, bars of metal; hurry"
U+92D2,鋒,fēng,46,35,,锋,"point of spear, sharp point"
U+92E1,鋡,hán,1,1,,𰾅,
U+92E4,鋤,chú,2,2,,锄,hoe; eradicate
U+92EA,鋪,pù,74,68,,铺,"spread out, arrange; shop, store; place to sleep, bed"
U+92EC,鋬,pàn,1,1,,,the part of the utensil that is held by the hand
U+92F0,鋰,lǐ,64,43,,锂,"lithium (element 3, Li)"
U+92F1,鋱,tè,8,8,,铽,"terbium (element 65, Tb)"
U+92F8,鋸,jù,5,4,,锯,a saw; to saw; amputate
U+92FC,鋼,gāng,252,154,,钢,"steel; hard, strong, tough"
U+9304,錄,lù,373,307,,录,"copy, write down, record"
U+9318,錘,chuí,4,4,,锤,balance weight on scale; hammer
U+931A,錚,zhēng,3,2,,铮,clanging sound; small gong
U+9320,錠,dìng,14,11,,锭,"spindle, slab, cake, tablet"
U+9321,錡,qí,1,1,,锜,a kind of pen; a kind of chisel
U+9322,錢,qián,127,95,,钱,"money, currency, coins"
U+9324,錤,jī,9,8,,𫓹,hoe
U+9326,錦,jǐn,148,104,,锦,"brocade, tapestry; embroidered"
U+9328,錨,máo,9,8,,锚,anchor
U+932B,錫,xī,75,46,,锡,"tin (element 50, Sn); bestow, confer"
U+932F,錯,cuò,146,120,,错,"error, blunder, mistake, wrong"
U+9333,錳,měng,3,2,,锰,"manganese (element 25, Mn)"
U+9336,錶,biǎo,73,61,,"表,𰾍","a watch, clock"
U+9338,錸,lái,1,1,,铼,"rhenium (element 75, Re)"
U+933E,錾,zàn,2,2,鏨,,"engraving tool, chisel"
U+934A,鍊,liàn,14,13,,𫔀,"smelt metals, forge; refine"
U+934B,鍋,guō,76,44,,锅,"cooking-pot, saucepan"
U+934D,鍍,dù,12,7,,镀,"plate, coat, gild"
U+935B,鍛,duàn,8,7,,锻,"forge metal; temper, refine"
U+9369,鍩,tiǎn,1,1,,锘,"nobelium (element 102, No)"
U+936C,鍬,qiāo,1,1,,锹,shovel
U+9375,鍵,jiàn,185,170,,键,"door bolt, lock bolt; key"
U+9376,鍶,sōng sī,2,1,,锶,"strontium (element 38, Sr); an iron utensil"
U+937A,鍺,zhě,1,1,,锗,"germanium (element 32, Ge); metal flashing on the axle of a cart"
U+937E,鍾,zhōng,4,4,,"钟,锺","cup, glass, goblet; surname"
U+9382,鎂,měi,2,1,,镁,"magnesium (element 12, Mg)"
U+938A,鎊,bàng,5,5,,镑,pound sterling; to scrape
U+938C,鎌,lián,1,1,,𰾮,sickle
U+938F,鎏,liú,13,9,,,pure gold
U+9394,鎔,róng,2,2,,镕,"fuse, melt, smelt; mold"
U+9396,鎖,suǒ,110,95,,锁,"lock, padlock; shackles, chains"
U+93A2,鎢,wū,12,7,,钨,"tungsten (element 74, W)"
U+93A3,鎣,yíng,5,2,,蓥,polish
U+93A7,鎧,kǎi,20,12,,铠,"armor, chain mail"
U+93AC,鎬,hào,1,1,,镐,stove; bright
U+93AE,鎮,zhèn,254,195,,镇,"town, market place; suppress"
U+93B3,鎳,niè,19,12,,镍,"nickel (element 28, Ni)"
U+93B5,鎵,jiā,14,10,,镓,"gallium (element 31, Ga)"
U+93C8,鏈,liàn,262,193,,链,"chain, wire, cable; chain, shack"
U+93D1,鏑,dí,9,8,,镝,"dysprosium (element 66, Dy); the barb of an arrow; the head of a javelin"
U+93D6,鏖,áo,5,4,,,"to fight to the end, engage in a fierce battle"
U+93D7,鏗,kēng,7,7,,铿,"strike, beat, stroke; jingling"
U+93D8,鏘,qiāng,7,7,,锵,"tinkle, clang, jingle"
U+93DF,鏟,chǎn,3,3,,铲,"spade, shovel, trowel, scoop"
U+93E1,鏡,jìng,160,118,,镜,mirror; lens; glass; glasses
U+93E2,鏢,biāo,7,3,,镖,"dart, spear, harpoon; escort"
U+93FD,鏽,xiù,4,4,,锈,"rust, corrode"
U+9418,鐘,zhōng,144,123,,钟,clock; bell
U+9420,鐠,pǔ,2,2,,镨,"praseodymium (element 59, Pr)"
U+9427,鐧,jiān,1,1,,锏,kind of rapier
U+942B,鐫,juān,9,9,,"镌,𰾹","engraving tool; carve, engrave"
U+942E,鐮,lián,5,4,,镰,sickle
U+9435,鐵,tiě,972,423,,铁,"iron (element 26, Fe); strong, solid, firm"
U+9443,鑃,diào,1,1,,,
U+9444,鑄,zhù,31,22,,铸,"melt, cast; coin, mint"
U+9451,鑑,jiàn,31,30,,𰾫,"mirror, looking glass; reflect"
U+9452,鑒,jiàn,40,35,,鉴,"mirror, looking glass; reflect"
U+9460,鑠,shuò,1,1,,铄,"melt, smelt; shine"
U+9463,鑣,biāo,2,2,,镳,"bit, bridle; ride"
U+946B,鑫,xīn,149,99,,,used in names
U+9470,鑰,yào,10,7,,钥,key; lock
U+9472,鑲,xiāng,14,13,,镶,"insert, inlay, set, mount; fill"
U+9475,鑵,guàn,5,5,,,jar; can
U+947C,鑼,luó,17,15,,锣,gong
U+947D,鑽,zuān,45,25,,"钻,𰿆","drill, bore; pierce; diamond"
U+947E,鑾,luán,1,1,,銮,small tinkling bell; bells hung on horse
U+947F,鑿,záo,4,4,,凿,"chisel; bore, pierce"
U+9485,钅,jīn,1,1,釒,,gold; money; Kangxi radical 167
U+9488,针,zhēn,1051,974,針,,needle; pin; tack; acupuncture
U+9489,钉,dīng,34,22,釘,,"nail, spike; pursue closely"
U+948A,钊,zhāo,5,5,釗,,"endeavor, strive; encourage; cut"
U+948C,钌,liǎo,1,1,釕,,"ruthenium (element 44, Ru)"
U+948D,钍,tǔ,9,4,釷,,"thorium (element 90, Th)"
U+948E,钎,qiān,1,1,釺,,tool for boring holes
U+9492,钒,fán,1,1,釩,,"vanadium (element 23, V)"
U+9493,钓,diào,49,39,釣,,"fish; fishhook; tempt, lure"
U+9495,钕,nǚ,6,4,釹,,"neodymium (element 60, Nd)"
U+9497,钗,chāi,1,1,釵,,ornamental hairpin
U+9499,钙,gài,18,11,鈣,,"calcium (element 20, Ca)"
U+949A,钚,bù,2,2,鈈,,"plutonium (element 94, Pu)"
U+949B,钛,tài,25,16,鈦,,"titanium (element 22, Ti)"
U+949C,钜,jù,8,7,鉅,,"steel, iron; great"
U+949D,钝,dùn,4,4,鈍,,"blunt, obtuse; dull; flat; dull-witted"
U+949E,钞,chāo,31,21,鈔,,"paper money, bank notes; copy"
U+949F,钟,zhōng,398,353,"鍾,鐘",,clock; bell
U+94A0,钠,nà,34,21,鈉,,"sodium, natrium; sharpen wood"
U+94A1,钡,bèi,1,1,鋇,,"barium (element 56, Ba)"
U+94A2,钢,gāng,342,230,鋼,,"steel; hard, strong, tough"
U+94A3,钣,bǎn,2,1,鈑,,plate
U+94A5,钥,yào,24,17,鑰,,key; lock
U+94A6,钦,qīn,93,64,欽,,"respect, admire; respectful"
U+94A7,钧,jūn,9,8,鈞,,unit of measure equivalent to thirty catties
U+94A8,钨,wū,25,8,鎢,,tungsten (W)
U+94A9,钩,gōu,103,92,"鈎,鉤",,"hook, barb; sickle; stroke with"
U+94AE,钮,niǔ,24,18,鈕,,"button, knob; surname"
U+94AF,钯,bǎ,8,7,鈀,,"palladium (element 46, Pd)"
U+94B0,钰,yù,5,5,鈺,,rare treasure
U+94B1,钱,qián,690,568,錢,,"money, currency, coins"
U+94B2,钲,zhēng,2,2,鉦,,kind of gong used in ancient times by troops on the march
U+94B3,钳,qián,11,9,鉗,,"pincers, pliers, tongs; to compress"
U+94B4,钴,gǔ,47,33,鈷,,cobalt; household iron
U+94B5,钵,bō,12,11,"缽,鉢",,earthenware basin; alms bowl
U+94BA,钺,yuè,5,2,鉞,,"broad-axe, a battle axe, halberd"
U+94BB,钻,zuān,87,70,鑽,,"drill, bore; pierce; diamond"
U+94BC,钼,mù,9,5,鉬,,"molybdenum (element 42, Mo)"
U+94BD,钽,tǎn,1,1,鉭,,"tantalum (element 73, Ta)"
U+94BE,钾,jiǎ,10,7,鉀,,"potassium (element 19, K)"
U+94BF,钿,diàn,1,1,鈿,,"hairpin; gold inlaid work, filigree"
U+94C0,铀,yóu,37,27,鈾,,"uranium (element 92, U)"
U+94C1,铁,tiě,1022,662,鐵,,"iron; strong, solid, firm"
U+94C2,铂,bó,25,13,鉑,,platinum; thin sheet of metal
U+94C3,铃,líng,93,62,鈴,,bell
U+94C5,铅,qiān,31,22,鉛,,"lead (element 82, Pb)"
U+94C6,铆,mǎo,3,3,鉚,,rivet
U+94C8,铈,shì,1,1,鈰,,"cerium (element 58, Ce)"
U+94C9,铉,xuàn,5,4,鉉,,device for carrying a tripod
U+94CB,铋,bì,1,1,鉍,,"bismuth (element 83, Bi)"
U+94CC,铌,ní,3,2,鈮,,"niobium (element 41, Nb)"
U+94CE,铎,duó,6,6,鐸,,bell; surname
U+94D0,铐,kào,3,3,銬,,"shackles, manacles"
U+94D1,铑,lǎo,1,1,銠,,"rhodium (element 45, Rh)"
U+94DC,铜,tóng,269,176,銅,,"copper, brass, bronze"
U+94DD,铝,lǚ,105,68,鋁,,"aluminium/aluminum (element 13, Al)"
U+94DF,铟,yīn,5,4,銦,,"indium (element 49, In)"
U+94E0,铠,kǎi,38,25,鎧,,"armor, chain mail"
U+94E1,铡,zhá,2,2,鍘,,sickle for cutting grass or hay
U+94E2,铢,zhū,34,29,銖,,"unit of weight, one twenty-fourth of a Chinese ounce (liang)"
U+94E4,铤,tǐng,3,3,鋌,,"ingots, bars of metal; hurry"
U+94EC,铬,gè,4,2,鉻,,"chromium (element 24, Cr)"
U+94ED,铭,míng,144,114,銘,,"inscribe, engrave"
U+94EE,铮,zhēng,2,1,錚,,clanging sound; small gong
U+94EF,铯,sè,3,3,銫,,"caesium/cesium (element 55, Cs)"
U+94F0,铰,jiǎo,3,3,鉸,,"hinge; shears, scissors"
U+94F1,铱,yī,2,2,銥,,"iridium (element 77, Ir)"
U+94F2,铲,chǎn,13,12,鏟,,"spade, shovel, trowel, scoop"
U+94F5,铵,ǎn,3,3,銨,,ammonium
U+94F6,银,yín,1786,1291,銀,,"silver; cash, money, wealth"
U+94F8,铸,zhù,29,24,鑄,,"melt, cast; coin, mint"
U+94FA,铺,pù,227,215,鋪,,"shop, store; place sleep, bed"
U+94FB,铻,wú,1,1,鋙,,misfit; discordant; music instrument; hoe
U+94FC,铼,lái,2,2,錸,,"rhenium (element 75, Re)"
U+94FD,铽,tè,3,1,鋱,,"terbium (element 65, Tb)"
U+94FE,链,liàn,1009,903,鏈,,"chain, wire, cable; chain, shack"
U+94FF,铿,kēng,7,7,鏗,,"strike, beat, stroke; jingling"
U+9500,销,xiāo,2501,1957,銷,,"melt, fuse; market, sell"
U+9501,锁,suǒ,465,435,鎖,,"lock, padlock; shackles, chains"
U+9502,锂,lǐ,259,157,鋰,,"lithium (element 3, Li)"
U+9505,锅,guō,191,143,鍋,,"cooking-pot, saucepan"
U+9508,锈,xiù,19,14,"銹,鏽",,"rust, corrode"
U+9509,锉,cuò,2,2,銼,,"carpenter's file, file smooth"
U+950B,锋,fēng,147,128,鋒,,"point of spear, sharp point"
U+950C,锌,xīn,14,13,鋅,,"zinc (element 30, Zn)"
U+950F,锏,jiǎn,2,2,鐧,,kind of rapier
U+9510,锐,ruì,81,79,"銳,鋭",,"sharp, keen, acute, pointed"
U+9515,锕,ā,3,1,錒,,actinium (Ac)
U+9517,锗,zhě,12,11,鍺,,"germanium (element 32, Ge)"
U+9519,错,cuò,422,385,錯,,"error, blunder, mistake; wrong"
U+951A,锚,máo,14,14,錨,,anchor
U+951F,锟,kūn,1,1,錕,,ancient treasured sword
U+9521,锡,xī,297,239,錫,,"tin, stannum; bestow, confer"
U+9522,锢,gù,1,1,錮,,run metal into cracks; confine
U+9523,锣,luó,25,25,鑼,,gong
U+9524,锤,chuí,15,13,錘,,balance weight on scale; hammer
U+9525,锥,zhuī,5,5,錐,,"gimlet, awl, drill, auger; bore"
U+9526,锦,jǐn,192,161,錦,,"brocade, tapestry; embroidered"
U+9528,锨,xiān,1,1,鍁,,shovel
U+952D,锭,dìng,5,4,錠,,"spindle, slab, cake, tablet"
U+952E,键,jiàn,752,725,鍵,,"door bolt, lock bolt; key"
U+952F,锯,jù,11,10,鋸,,a saw; to saw; amputate
U+9530,锰,měng,3,3,錳,,"manganese (element 25, Mn)"
U+9531,锱,zī,1,1,錙,,an ancient unit of weight (one-eighth of a tael)
U+9535,锵,qiāng,5,5,鏘,,"tinkle, clang, jingle"
U+9536,锶,sī,1,1,鍶,,"strontium (element 38, Sr)"
U+9539,锹,qiāo,3,3,鍬,,shovel
U+953A,锺,zhōng,12,11,鍾,,"cup, glass, goblet; surname"
U+953B,锻,duàn,27,23,鍛,,"forge metal; temper, refine"
U+9540,镀,dù,15,11,鍍,,"plate, coat, gild"
U+9541,镁,měi,12,8,鎂,,"magnesium (element 12, Mg)"
U+9542,镂,lòu,1,1,鏤,,"carve, inlay, engrave, tattoo"
U+9547,镇,zhèn,366,312,鎮,,"town, market place; suppress"
U+954A,镊,niè,1,1,鑷,,"tweezers, forceps, pincers"
U+954C,镌,juān,8,8,"鎸,鐫",,"engraving tool; carve, engrave"
U+954D,镍,niè,68,52,鎳,,"nickel (element 28, Ni)"
U+9550,镐,gǎo,1,1,鎬,,stove; bright
U+9551,镑,bàng,52,41,鎊,,pound sterling
U+9553,镓,jiā,49,34,鎵,,"gallium (element 31, Ga)"
U+9555,镕,róng,29,20,鎔,,"fuse, melt, smelt; mold"
U+9556,镖,biāo,12,8,鏢,,"dart, spear, harpoon; escort"
U+955B,镛,yōng,2,1,鏞,,large bell used as musical instrument
U+955C,镜,jìng,357,290,鏡,,mirror; lens; glass; glasses
U+955D,镝,dī,7,6,鏑,,"dysprosium (element 66, Dy)"
U+9563,镣,liào,1,1,鐐,,fetters
U+956C,镬,huò,4,4,鑊,,"cauldron, large iron pot"
U+956D,镭,léi,2,2,鐳,,"radium (element 88, Ra)"
U+956F,镯,zhuó,2,1,鐲,,"bracelet, armband; small bell"
U+9570,镰,lián,5,3,鐮,,sickle
U+9573,镳,biāo,8,8,鑣,,"bit, bridle; ride"
U+9576,镶,xiāng,14,14,鑲,,"insert, inlay, set, mount; fill"
U+9577,長,zhǎng,3406,2298,,长,long; length; excel in; leader; Kangxi radical 168
U+957F,长,zhǎng,8661,6856,長,,long; length; excel in; leader
U+9580,門,mén,817,584,,门,"gate, door, entrance, opening; Kangxi radical 169"
U+9583,閃,shǎn,72,55,,闪,"flash; avoid, dodge, evade"
U+9586,閆,yán,1,1,,闫,village gate
U+9589,閉,bì,81,65,,闭,"shut, close; obstruct, block up"
U+958B,開,kāi,3105,2384,,"开,𫔭","open; initiate, begin, start"
U+958E,閎,hóng,1,1,,闳,"gate, barrier; wide, vast, expand"
U+9591,閑,xián,8,8,,闲,"fence, barrier; defend; idle time"
U+9592,閒,xián,29,26,,闲,"leisure; idle; peaceful, tranquil, calm"
U+9593,間,jiān,1975,1741,,间,"interval, space; place, between"
U+9594,閔,mǐn,3,2,,闵,"mourn, grieve; urge on, incite"
U+9598,閘,zhá,33,20,,闸,"sluice; flood gate, canal lock"
U+95A1,閡,ài,2,2,,阂,blocked or separated; to prevent
U+95A3,閣,gé,55,37,,阁,"chamber, pavilion; cabinet"
U+95A5,閥,fá,7,4,,阀,powerful and influential group
U+95A8,閨,guī,1,1,,闺,small entrance; women's quarters
U+95A9,閩,mǐn,48,33,,闽,Fujian province; a river; a tribe
U+95AC,閬,làng,3,2,,阆,"high door; high gate; high, lofty"
U+95B1,閱,yuè,61,47,,阅,"examine, inspect, review, read"
U+95BB,閻,yán,1,1,,阎,village gate; surname
U+95C6,闆,bǎn,50,32,,"板,𬮳","boss, the owner, person in charge"
U+95CA,闊,kuò,40,39,,阔,"broad, ample, wide; be apart"
U+95D4,闔,hé,11,11,,阖,"close; whole, entire; all; leaf"
U+95D5,闕,què,3,3,,阙,watch tower; palace
U+95D6,闖,chuǎng,67,60,,闯,"rush in, burst in, charge in"
U+95DC,關,guān,2508,1768,,关,frontier pass; close; relation
U+95E1,闡,chǎn,29,28,,阐,"explain, clarify, elucidate"
U+95E2,闢,pì,16,16,,"辟,𰿾","open; settle, develop, open up"
U+95E8,门,mén,2448,2078,門,,"gate, door, entrance, opening"
U+95EA,闪,shǎn,152,121,閃,,"flash; avoid, dodge, evade"
U+95EB,闫,yán,2,2,閆,,village gate
U+95ED,闭,bì,550,499,閉,,"shut, close; obstruct, block up"
U+95EE,问,wèn,3040,2686,問,,"ask about, inquire after"
U+95EF,闯,chuǎng,75,69,闖,,"rush in, burst in, charge in"
U+95F0,闰,rùn,4,3,閏,,"intercalary; extra, surplus"
U+95F2,闲,xián,94,87,"閑,閒",,"fence, guard; defend; idle time"
U+95F4,间,jiān,4797,4285,間,,"midpoint, space; place, locality"
U+95F5,闵,mǐn,1,1,閔,,"mourn, grieve; urge on, incite"
U+95F7,闷,mèn,18,17,悶,,"gloomy, depressed, melancholy"
U+95F8,闸,zhá,20,16,閘,,"sluice; flood gate, canal lock"
U+95F9,闹,nào,166,156,鬧,,quarrel; dispute hotly
U+95FA,闺,guī,6,6,閨,,small entrance; women's quarters
U+95FB,闻,wén,1072,1010,聞,,hear; smell; make known; news
U+95FD,闽,mǐn,57,45,閩,,fujian province; a river; a tribe
U+9600,阀,fá,13,12,閥,,powerful and influential group
U+9601,阁,gé,140,127,閣,,"chamber, pavilion; cabinet"
U+9602,阂,hé,7,7,閡,,blocked or separated; to prevent
U+9605,阅,yuè,271,231,"閱,閲",,"examine, inspect, review, read"
U+9606,阆,làng,1,1,閬,,"high door; high gate; high, lofty"
U+9608,阈,yù,1,1,閾,,"threshold; separated, confined"
U+9609,阉,yān,1,1,閹,,castrate; eunuch
U+960E,阎,yán,2,2,閻,,village gate; surname
U+9610,阐,chǎn,23,23,闡,,"explain, clarify, elucidate"
U+9611,阑,lán,1,1,闌,,door screen; railing fence
U+9614,阔,kuò,96,94,闊,,"broad, ample, wide; be apart"
U+9616,阖,hé,8,8,闔,,"close; whole, entire; all; leaf"
U+9619,阙,quē,14,14,闕,,watch tower; palace
U+961C,阜,fù,25,22,,,"mound; abundant, ample, numerous; Kangxi radical 170"
U+961F,队,duì,1693,1373,隊,,"team, group; army unit"
U+9621,阡,qiān,2,2,,,footpaths between fields; paths
U+962A,阪,bǎn,211,139,,坂,hillside farmland; slope
U+962E,阮,ruǎn,11,9,,,ancient musical instrument: surname
U+9631,阱,jǐng,32,31,,,"pitfall, trap, snare"
U+9632,防,fáng,2279,1907,,,defend; prevent; embankment
U+9633,阳,yáng,718,570,陽,,'male' principle; light; sun
U+9634,阴,yīn,193,185,陰,,'female' principle; dark; secret
U+9635,阵,zhèn,245,212,陣,,"column, row or file of troops"
U+9636,阶,jiē,504,468,階,,"stairs, steps; rank, degree"
U+963B,阻,zǔ,637,613,,,"impede, hinder, obstruct; oppose"
U+963F,阿,ā,2376,1761,,,prefix for people's names; used in transliteration
U+9640,陀,tuó,6,5,,,"steep bank, rough terrain"
U+9642,陂,pí,4,4,,,"dam, embankment; reservoir"
U+9644,附,fù,563,535,,,"adhere to, append; rely on near to"
U+9645,际,jì,3104,2816,"际,際",际,"border, boundary, juncture"
U+9646,陆,lù,1713,1353,陸,,"land, continental; army"
U+9647,陇,lǒng,3,2,隴,,mountain located between Shanxi
U+9648,陈,chén,438,390,陳,,"exhibit, display; plead; a surname"
U+964B,陋,lòu,13,13,,,"narrow; crude, coarse; ugly"
U+964C,陌,mò,31,30,,,foot path between rice fields
U+964D,降,jiàng,3966,3154,,,"descend, fall, drop; lower, down"
U+9650,限,xiàn,2269,1998,,,"boundary, limit, line"
U+9655,陕,shǎn,109,97,陝,,mountain pass; Shanxi province
U+965B,陛,bì,10,7,,,steps leading throne; throne
U+965C,陜,xiá,5,4,,,narrow; mountain pass
U+965D,陝,shǎn,84,59,,陕,mountain pass; Shaanxi province
U+965E,陞,shēng,2,2,,,"promote, rise, ascend"
U+9661,陡,dǒu,15,15,,,"steep, sloping; abruptly, sudden"
U+9662,院,yuàn,2641,2055,,,"courtyard, yard, court; school"
U+9663,陣,zhèn,69,58,,阵,"column, row or file of troops"
U+9664,除,chú,1612,1528,,,"eliminate, remove, except"
U+9668,陨,yǔn,20,11,隕,,"fall, slip; let fall; die"
U+9669,险,xiǎn,1796,1599,險,,"narrow pass, strategic point"
U+966A,陪,péi,123,115,,,"accompany, be with, keep company"
U+9670,陰,yīn,34,31,,阴,"the passive, female principle in Chinese philosophy (yin); dark; secret"
U+9672,陲,chuí,8,8,,,"frontier, border"
U+9673,陳,chén,143,112,,陈,"exhibit, display; plead; surname"
U+9675,陵,líng,278,180,,,"hill, mound; mausoleum"
U+9676,陶,táo,187,135,,,"pottery, ceramics"
U+9677,陷,xiàn,669,645,,,"submerge, sink, plunge; trap"
U+9678,陸,lù,535,376,,陆,"land, continental; army"
U+967D,陽,yáng,343,259,,阳,"the active, male principle in Chinese philosophy (yang); light; sun"
U+9685,隅,yú,5,4,,,"corner, nook, remote place"
U+9686,隆,lóng,410,344,,,"prosperous, plentiful, abundant"
U+9688,隈,wēi,4,3,,,"cove, bay, inlet"
U+968A,隊,duì,721,494,,队,"team, group; army unit"
U+968B,隋,suí,10,7,,,Sui dynasty; surname
U+968D,隍,huáng,8,3,,,"dry ditch, dry moat"
U+968E,階,jiē,190,161,,阶,"stairs, steps; rank, degree"
U+968F,随,suí,1838,1798,"随,隨",随,"follow, listen to, submit to"
U+9690,隐,yǐn,404,376,"隐,隱",隐,"hide, conceal; hidden, secret"
U+9694,隔,gé,782,689,,,"separate, partition"
U+9695,隕,yǔn,2,2,,陨,"fall, slip; let fall; die"
U+9698,隘,ài,5,5,,,"narrow, confined; a strategic pass"
U+9699,隙,xì,21,21,,,"crack, split, fissure; grudge"
U+969B,際,jì,1295,1014,,际,"border, boundary, juncture"
U+969C,障,zhàng,636,585,,,separate; shield; barricade
U+96A7,隧,suì,113,70,,,"tunnel, underground passageway, path to a tomb"
U+96A8,隨,suí,438,424,,随,"follow, listen to, submit; to accompany; subsequently, then; hexagram ䷐"
U+96AA,險,xiǎn,320,268,,险,"narrow pass, strategic point, dangerous"
U+96B0,隰,xí,4,4,,,"low, damp land, marsh, swamp"
U+96B1,隱,yǐn,86,78,,隐,"hide, conceal; hidden, secret"
U+96B4,隴,lǒng,6,5,,陇,short name for Gansu Province; a mountain on the border of Gansu and Shaanxi (Mount Long)
U+96B6,隶,lì,15,13,"隶,隸",隶,subservient; servant; Kangxi radical 171
U+96B8,隸,lì,5,5,,隶,be subservient to; servant
U+96BB,隻,zhī,200,156,,只,"single, one of pair, lone; measure word"
U+96BC,隼,sǔn,28,20,,,aquiline (nose); a falcon
U+96BD,隽,juàn,1,1,"隽,雋",隽,"superior, outstanding, talented"
U+96BE,难,nán,1768,1625,"难,難",难,"difficult, arduous, hard; unable"
U+96C0,雀,què,122,84,,,sparrow
U+96C1,雁,yàn,43,30,,,wild goose
U+96C4,雄,xióng,619,564,,,male of species; hero; manly
U+96C5,雅,yǎ,502,412,,,"elegant, graceful, refined"
U+96C6,集,jí,3337,2816,,,"assemble, collect together"
U+96C7,雇,gù,242,217,,,"employ, to hire"
U+96C9,雉,zhì,8,7,,,pheasant; crenellated wall
U+96CB,雋,juàn,2,1,,隽,"superior, outstanding, talented"
U+96CC,雌,cí,41,37,,,"female; feminine; gentle, soft"
U+96CD,雍,yōng,21,15,,,"harmony, union; harmonious"
U+96CF,雏,chú,10,9,雛,,"chick, fledging; infant, toddler"
U+96D5,雕,diāo,208,135,,,"engrave, inlay, carve; exhaust; (same as 鵰) an eagle, vulture"
U+96D6,雖,suī,132,131,,虽,"although, even if"
U+96D9,雙,shuāng,629,488,,双,"set of two, pair, couple; both"
U+96DB,雛,chú,9,6,,雏,"chick, fledging; infant, toddler"
U+96DC,雜,zá,106,87,,杂,"mixed, blended; mix, mingle"
U+96DE,雞,jī,61,46,,鸡,chickens; domestic fowl
U+96E2,離,lí,336,277,,离,"leave, depart; go away; separate; trigram ☲; hexagram ䷝"
U+96E3,難,nán,378,332,,难,"difficult, arduous, hard; unable"
U+96E8,雨,yǔ,907,698,,,rain; rainy; Kangxi radical 173
U+96EA,雪,xuě,1834,982,,,"snow; wipe away shame, avenge"
U+96EF,雯,wén,14,7,,,"cloud patterns, coloring of cloud"
U+96F2,雲,yún,513,340,,云,clouds; Yunnan province
U+96F3,雳,lì,24,18,靂,,"thunderclap, crashing thunder"
U+96F6,零,líng,1649,1353,,,"zero; fragment, fraction"
U+96F7,雷,léi,686,560,,,thunder
U+96F9,雹,báo,9,6,,,hail
U+96FB,電,diàn,2385,1168,,电,"electricity, electric; lightning"
U+96FE,雾,wù,206,161,霧,,"fog, mist, vapor, fine spray"
U+9700,需,xū,4067,3557,,,"need, require, must; hexagram ䷄"
U+9701,霁,jì,8,7,霽,,to clear up after rain; to cease be angry
U+9704,霄,xiāo,22,21,,,"sky; clouds, mist; night"
U+9706,霆,tíng,12,11,,,a sudden peal of thunder
U+9707,震,zhèn,1304,856,,,"shake, quake, tremor; excite; trigram ☳; hexagram ䷲"
U+9709,霉,méi,25,14,"霉,黴",霉,"mildew, mold; moldy, mildewed"
U+970D,霍,huò,284,238,,,"quickly, suddenly; surname"
U+970F,霏,fēi,27,19,,,falling of snow and rain
U+9711,霑,zhān,1,1,,,"be moistened, soaked; moisten"
U+9713,霓,ní,12,12,,,"rainbow; variegated, colored"
U+9716,霖,lín,4,4,,,"long spell of rain, copious rain"
U+971C,霜,shuāng,61,49,,,frost; crystallized; candied
U+971E,霞,xiá,173,123,,,rosy clouds
U+9727,霧,wù,73,52,,雾,"fog, mist, vapor, fine spray"
U+972D,霭,ǎi,4,4,靄,,"cloudy sky, haze; calm, peaceful"
U+9732,露,lù,1419,1333,,,"dew; bare, open, exposed"
U+9738,霸,bà,223,200,,,rule by might rather than right
U+9739,霹,pī,25,19,,,"thunder, crashing thunder"
U+973D,霽,jì,9,6,,霁,to clear up after rain; to cease to be angry
U+973E,霾,mái,36,32,,,"misty, foggy; dust storm"
U+9742,靂,lì,1,1,,雳,"thunderclap, crashing thunder"
U+9748,靈,líng,167,147,,灵,"spirit, soul; spiritual world"
U+9752,青,qīng,1498,1081,,,"blue, green; young; Kangxi radical 174"
U+9753,靓,jìng,9,9,靚,,make up face; ornament; quiet
U+9756,靖,jìng,63,49,,,"pacify; appease; calm, peaceful"
U+9759,静,jìng,281,249,"静,靜",静,"quiet, still, motionless; gentle"
U+975A,靚,jìng,11,10,,靓,make up face; ornament; quiet; (Cant.) pretty
U+975B,靛,diàn,3,3,,,indigo; any blue dye
U+975C,靜,jìng,97,80,,静,"quiet, still, motionless; gentle"
U+975E,非,fēi,2768,2366,,,"not, negative, non-; oppose; Kangxi radical 175"
U+9760,靠,kào,525,494,,,"lean on, trust, depend on; near"
U+9761,靡,mí,50,48,,,"divide, disperse, scatter"
U+9762,面,miàn,8294,6933,"面,麵",面,"face; surface; plane; side, dimension; Kangxi radical 176"
U+9765,靥,yè,2,2,靨,,dimples
U+9766,靦,tiǎn,1,1,,䩄,"timid, shy, bashful"
U+9769,革,gé,602,515,,,"leather, animal hides; Kangxi radical 177; hexagram ䷰"
U+9774,靴,xuē,13,11,,,boots
U+9776,靶,bǎ,13,11,,,target; splashboard on chariot
U+9784,鞄,páo,1,1,,,to work hides; leather bag
U+978B,鞋,xié,191,112,,,"shoes, footwear in general"
U+978D,鞍,ān,23,18,,,saddle; any saddle-shaped object
U+978F,鞏,gǒng,19,18,,巩,"bind; firm, secure, strong"
U+9798,鞘,qiào,1,1,,,"scabbard, sheath"
U+97A0,鞠,jū,12,10,,,"bow, bend; rear, raise, nourish"
U+97A6,鞦,qiū,5,3,,秋,leather stap; swing
U+97AD,鞭,biān,36,31,,,whip; whip; string of firecrackers
U+97C1,韁,jiāng,2,2,,缰,"reins, halter; bridle"
U+97C6,韆,qiān,5,3,,"千,𱁶",swing
U+97CB,韋,wéi,28,23,,韦,tanned leather; surname; Kangxi radical 178
U+97CC,韌,rèn,34,32,,韧,"strong and pliable, resilient; (Cant.) tough, elastic"
U+97D3,韓,hán,541,288,,韩,fence; surname; Korea
U+97DC,韜,tāo,2,1,,韬,"sheath, scabbard, bow case"
U+97E6,韦,wéi,204,181,韋,,tanned leather; surname; simplified form of Kangxi radical 178
U+97E7,韧,rèn,109,108,韌,,"strong and pliable, resilient"
U+97E9,韩,hán,2033,1297,韓,,fence; surname; Korea
U+97EC,韬,tāo,11,9,韜,,"sheath, scabbard, bow case"
U+97ED,韭,jiǔ,17,16,,,"scallion, leek; Kangxi radical 179"
U+97EE,韮,jiǔ,1,1,,,"scallion, leek"
U+97F3,音,yīn,1457,1064,,,"sound, tone, pitch, pronunciation; Kangxi radical 180"
U+97F5,韵,yùn,57,56,"韵,韻",韵,rhyme; vowel
U+97F6,韶,sháo,11,9,,,music of the emperor Shun; beautiful
U+97FB,韻,yùn,106,99,,"韵,𱂐",rhyme; vowel
U+97FF,響,xiǎng,473,432,,响,"make sound, make noise; sound"
U+9801,頁,yè,15,12,,页,"page, sheet, leaf; Kangxi radical 181"
U+9802,頂,dǐng,199,160,,顶,"top, peak; carry on head; very"
U+9803,頃,qǐng,12,10,,顷,a moment; a measure of area equal to 100 mu or 6.7 hectares; to lean
U+9805,項,xiàng,561,433,,项,"neck, nape of neck; sum; funds"
U+9806,順,shùn,353,294,,顺,"obey, submit to, go along with"
U+9808,須,xū,85,76,,须,"must, have to, necessary; moment; whiskers"
U+980C,頌,sòng,10,7,,颂,"laud, acclaim; hymn; ode"
U+9810,預,yù,1107,852,,预,"prepare, arrange; in advance"
U+9811,頑,wán,8,7,,顽,"obstinate, stubborn; recalcitrant"
U+9812,頒,bān,20,16,,颁,"confer, bestow; publish, promulgate"
U+9813,頓,dùn,81,61,,顿,"pause, stop; bow, kowtow; arrange"
U+9817,頗,pō pǒ,19,17,,颇,"lean one side; very, rather"
U+9818,領,lǐng,845,689,,领,"neck; collar; lead, guide"
U+981C,頜,hé,1,1,,颌,mouth; jaw
U+9821,頡,xié,4,3,,颉,"fly upward, soar; contest; to rob"
U+9824,頤,yí,16,11,,颐,cheeks; jaw; chin; rear; to nourish; hexagram ䷚
U+982D,頭,tóu,690,594,,头,"head; top; chief, first; boss"
U+9830,頰,jiá,2,2,,颊,"cheeks, jaw"
U+9838,頸,jǐng,28,21,,颈,"neck, throat"
U+9839,頹,tuí,2,2,,颓,"ruined, decayed; disintegrate"
U+983B,頻,pín,320,289,,频,"frequently, again and again"
U+9846,顆,kē,78,60,,颗,"grain, kernel"
U+984C,題,tí,685,581,,题,"forehead; title, headline; theme"
U+984D,額,é,731,527,,额,"forehead; tablet, plaque; fixed"
U+984F,顏,yán,24,23,,颜,"face, facial appearance"
U+9858,願,yuàn,263,226,,"愿,𫖸","desire, want; wish; ambition"
U+985B,顛,diān,23,21,,颠,"top, peak, summit; upset"
U+985E,類,lèi,447,351,,类,"class, group, kind, category"
U+9867,顧,gù,111,100,,顾,look back; look at; look after
U+986B,顫,chàn,6,4,,颤,"shiver, tremble; trembling"
U+986F,顯,xiǎn,659,607,,显,"manifest, display; evident, clear"
U+9870,顰,pín,1,1,,颦,"frown, knit brows"
U+9871,顱,lú,1,1,,颅,skull
U+9875,页,yè,176,144,頁,,"page, sheet, leaf; rad. no. 181"
U+9876,顶,dǐng,514,472,頂,,"top, summit, peak; to carry on the head"
U+9877,顷,qǐng,35,35,頃,,a moment; a measure of area equal to 100 mu or 6.7 hectares; to lean
U+9879,项,xiàng,2566,2272,項,,"neck, nape of neck; sum; funds"
U+987A,顺,shùn,479,441,順,,"obey, submit to, go along with"
U+987B,须,xū,804,746,"須,鬚",,"must, have to, necessary"
U+987C,顼,xū,1,1,頊,,grieved
U+987D,顽,wán,26,26,頑,,"obstinate, stubborn; recalcitrant"
U+987E,顾,gù,513,482,顧,,look back; look at; look after
U+987F,顿,dùn,482,450,頓,,"pause, stop; bow, kowtow; arrange"
U+9881,颁,bān,61,56,頒,,"confer, bestow; publish, promulgate"
U+9882,颂,sòng,13,13,頌,,"laud, acclaim; hymn; ode"
U+9884,预,yù,4358,3639,預,,"prepare, arrange; in advance"
U+9885,颅,lú,6,5,顱,,skull
U+9886,领,lǐng,2879,2526,領,,"neck; collar; lead, guide"
U+9887,颇,pō,93,91,頗,,"lean one side; very, rather"
U+9888,颈,jǐng,94,84,頸,,"neck, throat"
U+9889,颉,jié,3,2,頡,,"fly upward, soar; contest"
U+988A,颊,jiá,7,7,頰,,"cheeks, jaw"
U+988D,颍,yǐng,2,2,潁,,river in Anhui
U+9890,颐,yí,16,14,頤,,cheeks; jaw; chin; rear; to nourish
U+9891,频,pín,1609,1357,頻,,"frequently, again and again"
U+9893,颓,tuí,19,19,"頹,頽",,"ruined, decayed; disintegrate"
U+9896,颖,yǐng,70,62,穎,,rice tassel; sharp point; clever
U+9897,颗,kē,174,150,顆,,"grain, kernel"
U+9898,题,tí,2737,2444,題,,"forehead; title, headline; theme"
U+989C,颜,yán,124,114,"顏,顔",,"face, facial appearance"
U+989D,额,é,2037,1689,額,,"forehead; tablet, plaque; fixed"
U+98A0,颠,diān,110,105,顛,,"top, peak, summit; upset"
U+98A4,颤,chàn,13,7,顫,,"shiver, tremble; trembling"
U+98A6,颦,pín,4,4,顰,,"frown, knit brows; with knitted"
U+98A7,颧,quán,1,1,顴,,cheek bones
U+98A8,風,fēng,957,774,,风,"wind; air; manners, atmosphere; Kangxi radical 182"
U+98AF,颯,sà,21,20,,飒,the sound of the wind; bleak; melancholy
U+98B1,颱,tái,38,28,,"台,𱃗",typhoon
U+98B3,颳,guā,3,3,,刮,to blow
U+98B6,颶,jù,10,6,,飓,"cyclone, typhoon, gale"
U+98C4,飄,piāo,51,49,,飘,"whirlwind, cyclone; floating"
U+98C6,飆,biāo,53,50,,飙,"whirlwind, stormy gale"
U+98C8,飈,biāo,1,1,,飚,whirlwind
U+98CE,风,fēng,3172,2626,"風,风",风,"wind; air; manners, atmosphere"
U+98D2,飒,sà,20,17,颯,,the sound of the wind; bleak; melancholy
U+98D3,飓,jù,40,25,颶,,"cyclone, typhoon, gale"
U+98D5,飕,sōu,2,1,颼,,sound of wind; blow chilly
U+98D8,飘,piāo,84,78,飄,,"whirlwind, cyclone; floating"
U+98D9,飙,biāo,474,464,飆,,"whirlwind, stormy gale"
U+98DA,飚,biāo,3,3,飈,,whirlwind
U+98DB,飛,fēi,820,452,,飞,fly; go quickly; dart; high; Kangxi radical 183
U+98DE,飞,fēi,1897,1318,飛,,fly; go quickly; dart; high
U+98DF,食,shí,2438,1762,,,eat; meal; food; Kangxi radical 184
U+98E2,飢,jī,8,6,,饥,"hunger, starving; hungry; a famine"
U+98E9,飩,tún,5,3,,饨,stuffed dumplings
U+98EA,飪,rèn,4,4,,饪,cooked food; cook until well done
U+98EF,飯,fàn,96,70,,饭,cooked rice; food; meal
U+98F2,飲,yǐn,101,75,,饮,drink; swallow; kind of drink
U+98FC,飼,sì,28,23,,饲,raise animals; feed; nourish
U+98FD,飽,bǎo,23,23,,饱,eat heartily; eat one's fill
U+98FE,飾,shì,109,82,,饰,"decorate, ornament, adorn; to deceive"
U+9903,餃,jiǎo,24,15,,饺,stuffed dumplings
U+9905,餅,bǐng,32,23,,饼,"rice-cakes, biscuits"
U+990A,養,yǎng,218,140,,养,"raise, rear, bring up; support"
U+990C,餌,ěr,5,5,,饵,"bait; bait, entice; dumplings"
U+9910,餐,cān,1122,782,,,"eat, dine; meal; food"
U+9913,餓,è,12,10,,饿,hungry; greedy for; hunger
U+9918,餘,yú,238,204,,"余,馀","surplus, excess, remainder"
U+991A,餚,yáo,7,7,,"肴,𬳁",prepared meat; food
U+991B,餛,hún,5,3,,馄,"dumpling soup, wonton"
U+991E,餞,jiàn,2,1,,饯,"farewell party; see off, send off"
U+9921,餡,xiàn,8,7,,馅,"pastry filling, stuffing"
U+9928,館,guǎn,545,347,,馆,public building
U+992E,餮,tiè,2,1,,,a legendary animal; a greedy person
U+9935,餵,wèi,12,12,,𫗭,"to feed, to raise"
U+9938,餸,sòng,2,2,,𩠌,(Cant.) a side dish of food prepared to accompany rice
U+993E,餾,liù,8,6,,馏,"distill, distillation"
U+9943,饃,mó,6,3,,馍,bread
U+9945,饅,mán,13,5,,馒,steamed bread; steamed dumplings
U+9948,饈,xiū,1,1,,馐,"food, meal; eat; offer"
U+994B,饋,kuì,7,7,,馈,offer food superior; send gift
U+9951,饑,jī,4,2,,饥,"starve, be hungry; famine"
U+9952,饒,ráo,11,10,,饶,"bountiful, abundant, plentiful"
U+9955,饕,tāo,12,11,,,"gluttonous, greedy, covetous"
U+995E,饞,chán,4,3,,馋,"gluttonous, greedy; lewd, lecherous"
U+9962,饢,náng,9,4,,馕,bread (Persian 'naan')
U+9963,饣,shí,1,1,飠,,"eat, food; radical number 184"
U+9965,饥,jī,32,30,"飢,饑",,"hunger, starving; hungry; a famine"
U+9968,饨,tún,7,5,飩,,stuffed dumplings
U+996A,饪,rèn,30,23,飪,,cooked food; cook until well done
U+996D,饭,fàn,433,297,飯,,"cooked rice; food, meal"
U+996E,饮,yǐn,588,460,飲,,drink; swallow; kind of drink
U+9970,饰,shì,220,177,飾,,"decorate, ornament, adorn"
U+9971,饱,bǎo,88,84,飽,,eat heartily; eat one's fill
U+9972,饲,sì,73,63,飼,,raise animals; feed; nourish
U+9975,饵,ěr,3,2,餌,,"bait; bait, entice; dumplings"
U+9976,饶,ráo,17,16,饒,,"bountiful, abundant, plentiful"
U+997A,饺,jiǎo,80,40,餃,,stuffed dumplings
U+997C,饼,bǐng,218,132,餅,,"rice-cakes, biscuits"
U+997D,饽,bō,15,6,餑,,ferrule
U+997F,饿,è,42,38,餓,,hungry; greedy for; hunger
U+9980,馀,yú,1,1,餘,,"surplus, excess, remainder"
U+9981,馁,něi,2,2,餒,,"hungry, starving, famished"
U+9984,馄,hún,7,5,餛,,"dumpling soup, wonton"
U+9985,馅,xiàn,37,30,餡,,"filling, stuffing; secret"
U+9986,馆,guǎn,751,568,館,,public building
U+9988,馈,kuì,40,37,饋,,offer food superior; send gift
U+998B,馋,chán,22,20,饞,,"gluttonous, greedy; lewd, lecherous"
U+998D,馍,mó,29,16,饃,,bread
U+998F,馏,liú,27,16,餾,,"distill, distillation"
U+9990,馐,xiū,3,3,饈,,"food, meal; eat; offer"
U+9992,馒,mán,15,10,饅,,steamed bread; steamed dumplings
U+9993,馓,sǎn,1,1,饊,,fried round cakes of wheat flour
U+9994,馔,zhuàn,1,1,饌,,"to feed, support, provide for; food"
U+9995,馕,náng,14,10,饢,,bread (Persian naan)
U+9996,首,shǒu,7103,6001,,,"head; first; leader, chief; a poem; Kangxi radical 185"
U+9999,香,xiāng,2533,1677,,,"fragrant, sweet-smelling; incense; Kangxi radical 186"
U+99A5,馥,fù,12,11,,,"fragrance, scent, aroma"
U+99A8,馨,xīn,54,54,,,"fragrant, aromatic; distant fragrance"
U+99AC,馬,mǎ,1063,624,,马,horse; surname; Kangxi radical 187
U+99AD,馭,yù,5,5,,驭,"drive, ride; manage, control"
U+99AE,馮,féng,19,13,,冯,surname; gallop; by dint of
U+99B1,馱,tuó,2,2,,驮,carry on back
U+99B3,馳,chí,41,34,,驰,go quickly or swiftly; hurry
U+99B4,馴,xún,15,7,,驯,"tame, docile, obedient"
U+99C1,駁,bó,31,29,,驳,"varicolored, variegated; mixed; contradict, argue; suddenly"
U+99D0,駐,zhù,372,280,,驻,"to be stationed at, reside at; to stop"
U+99D2,駒,jū,8,6,,驹,"colt; fleet, swift; sun; surname"
U+99D5,駕,jià,135,94,,驾,"to drive, sail, fly; a cart, carriage"
U+99DB,駛,shǐ,187,135,,驶,"sail, drive, pilot; fast, quick"
U+99DD,駝,tuó,26,14,,驼,a camel; humpbacked; to carry on the back
U+99F1,駱,luò,13,8,,骆,a white horse with black mane; a camel
U+99FF,駿,jùn,20,19,,骏,"excellent horse, noble steed"
U+9A01,騁,chěng,15,12,,骋,"gallop; hasten, hurry"
U+9A0E,騎,qí,62,54,,骑,ride horseback; mount; cavalry
U+9A0F,騏,qí,2,2,,骐,piebald horse; excellent horse
U+9A19,騙,piàn,31,19,,骗,"swindle, cheat out of, defraud"
U+9A28,騨,tuó,1,1,,,dappled
U+9A2B,騫,qiān,1,1,,骞,"raise, hold high; fly, soar"
U+9A30,騰,téng,149,114,,腾,fly; gallop; run; prance; rise
U+9A37,騷,sāo,8,8,,骚,"harass, bother, annoy, disturb, agitate; sad, grieved"
U+9A43,驃,biāo,1,1,,骠,"charger, steed; swift, valiant"
U+9A45,驅,qū,63,56,,驱,"spur a horse on; expel, drive away"
U+9A55,驕,jiāo,16,15,,骄,spirited horse; haughty
U+9A57,驗,yàn,615,445,,验,"test, examine, inspect; verify"
U+9A5A,驚,jīng,223,213,,惊,"frighten, surprise, startle"
U+9A5B,驛,yì,5,4,,驿,relay station
U+9A5F,驟,zhòu,13,13,,骤,procedure; gallop; sudden(ly)
U+9A62,驢,lǘ,8,8,,驴,"donkey, ass"
U+9A65,驥,jì,1,1,,骥,thoroughbred horse; refined
U+9A6A,驪,lí,2,1,,骊,a pure black horse; a pair of horses
U+9A6C,马,mǎ,5554,3982,馬,,horse; surname; Kangxi radical 187
U+9A6D,驭,yù,10,10,馭,,"drive, ride; manage, control"
U+9A6E,驮,tuó,1,1,馱,,carry on back
U+9A6F,驯,xùn,19,15,馴,,"tame, docile, obedient"
U+9A70,驰,chí,114,99,馳,,go quickly or swiftly; hurry
U+9A71,驱,qū,286,273,驅,,"spur a horse on; expel, drive away"
U+9A73,驳,bó,135,133,駁,,"varicolored, variegated; mixed"
U+9A74,驴,lǘ,6,5,驢,,"donkey, ass"
U+9A76,驶,shǐ,513,382,駛,,"sail, drive, pilot; fast, quick"
U+9A77,驷,sì,1,1,駟,,team of four horses; horses
U+9A79,驹,jū,4,4,駒,,"colt; fleet, swift; sun; surname"
U+9A7B,驻,zhù,551,497,駐,,"to be stationed at, reside at; to stop"
U+9A7C,驼,tuó,34,19,駝,,a camel; humpbacked; to carry on the back
U+9A7E,驾,jià,459,343,駕,,"to drive, sail, fly; a cart, carriage"
U+9A7F,驿,yì,13,12,驛,,relay station
U+9A81,骁,xiāo,6,6,驍,,"excellent horse; brave, valiant"
U+9A82,骂,mà,30,28,"罵,駡",,"accuse, blame, curse, scold"
U+9A84,骄,jiāo,29,29,驕,,spirited horse; haughty
U+9A85,骅,huá,2,2,驊,,an excellent horse
U+9A86,骆,luò,33,21,駱,,a white horse with black mane; a camel
U+9A87,骇,hài,10,10,駭,,"terrify, frighten, scare; shock"
U+9A8A,骊,lí,2,2,驪,,a pure black horse; a pair of horses
U+9A8B,骋,chěng,21,21,騁,,"gallop horse; hasten, hurry"
U+9A8C,验,yàn,1174,1016,驗,,"test, examine, inspect; verify"
U+9A8F,骏,jùn,43,32,駿,,"excellent horse, noble steed"
U+9A90,骐,qí,6,6,騏,,piebald horse; excellent horse
U+9A91,骑,qí,138,108,騎,,ride horseback; mount; cavalry
U+9A96,骖,cān,1,1,驂,,two outside ones in three horse
U+9A97,骗,piàn,300,201,騙,,"swindle, cheat out of, defraud"
U+9A9A,骚,sāo,73,66,騷,,"harass, bother, annoy, disturb"
U+9A9B,骛,wù,1,1,騖,,"gallop; rush about; pursue, run"
U+9A9C,骜,ào,1,1,驁,,"wild horse, mustang; wild"
U+9A9D,骝,liú,1,1,騮,,famous horse
U+9A9E,骞,qiān,1,1,騫,,"raise, hold high; fly, soar"
U+9AA1,骡,luó,3,3,騾,,mule
U+9AA4,骤,zhòu,91,90,驟,,procedure; gallop; sudden(ly)
U+9AA5,骥,jì,12,12,驥,,thoroughbred horse; refined and
U+9AA8,骨,gǔ,385,299,,,"bone; skeleton; frame, framework; Kangxi radical 188"
U+9AB0,骰,tóu,3,3,,,"die, dice"
U+9AB7,骷,kū,2,2,,,skeleton
U+9AB8,骸,hái,53,44,,,"skeleton, body; leg bone"
U+9ABC,骼,gé,25,20,,,bone; skeleton; corpse
U+9AC1,髁,kē,1,1,,,"thigh bone, hipbone; kneecap"
U+9AC5,髅,lóu,2,2,髏,,skull; skeleton
U+9ACB,髋,kuān,1,1,髖,,hipbone; hip
U+9AD2,髒,zāng,1,1,,脏,dirty; firm; fat
U+9AD3,髓,suǐ,28,22,,,"bone marrow; essences, substances"
U+9AD4,體,tǐ,2446,1684,,体,"body; group, class, body, unit"
U+9AD8,高,gāo,13916,10888,,,"high, tall; lofty, elevated; Kangxi radical 189"
U+9AE1,髡,kūn,1,1,,,to shave the head as a punishment; to prune
U+9AE6,髦,máo,6,6,,,flowing hair of young child
U+9AED,髭,zī,1,1,,,mustache
U+9AEE,髮,fà fǎ,30,27,,发,hair
U+9AEF,髯,rán,2,2,,,beard; mustache
U+9AF9,髹,xiū,1,1,,,red lacquer; to lacquer
U+9AFB,髻,jì,1,1,,,"hair rolled up in a bun, topknot"
U+9B03,鬃,zōng,9,8,,,mane; neck bristles
U+9B06,鬆,sōng,133,116,,松,"lax, loose; loosen, relax"
U+9B0D,鬍,hú,1,1,,胡,beard; mustache; whiskers
U+9B1A,鬚,xū,7,4,,须,"beard, whiskers; whisker-like"
U+9B22,鬢,bìn,1,1,,鬓,hair on the temples
U+9B23,鬣,liè,8,5,,,horse's mane; fin; human whiskers
U+9B25,鬥,dòu,73,60,,斗,"struggle, fight, compete, contend; Kangxi radical 191"
U+9B27,鬧,nào,91,81,,闹,quarrel; dispute hotly
U+9B28,鬨,hòng,1,1,,,"boisterous; clamor, noise"
U+9B31,鬱,yù,15,13,,郁,"luxuriant; dense, thick; moody"
U+9B32,鬲,gé,2,2,,,type of caldron with three hollow legs; name of a state; Kangxi radical 193
U+9B3C,鬼,guǐ,87,70,,,"ghost; spirit of dead; devil; Kangxi radical 194; 23rd lunar mansion, determinative star θ Cancri"
U+9B41,魁,kuí,33,32,,,chief; leader; best; monstrous
U+9B42,魂,hún,90,85,,,"soul, spirit"
U+9B44,魄,pò,16,16,,,vigor; body; dark part of moon
U+9B45,魅,mèi,424,408,,,"kind of forest demon, elf"
U+9B47,魇,yǎn,1,1,魘,,"nightmare, bad dreams"
U+9B49,魉,liǎng,2,1,魎,,a kind of monster
U+9B4D,魍,wǎng,2,1,,,"demons, mountain spirits"
U+9B4F,魏,wèi,107,95,,,kingdom of Wei; surname
U+9B51,魑,chī,2,1,,,a mountain demon resembling a tiger
U+9B54,魔,mó,248,210,,,"demon, evil spirits; magic power"
U+9B5A,魚,yú,369,188,,鱼,fish; surname; Kangxi radical 195
U+9B6F,魯,lǔ,187,121,,鲁,"foolish, stupid, rash; vulgar"
U+9B77,魷,yóu,3,3,,鱿,cuttlefish
U+9B91,鮑,bào,40,29,,鲍,abalone; dried fish; surname
U+9BA7,鮧,tǐ,1,1,,𱇧,the sheatfish
U+9BA8,鮨,yì,2,2,,𮬜,seasoned rice mixed with fish or vegetables
U+9BAA,鮪,wěi,23,8,,鲔,"kind of sturgeon, tuna"
U+9BAB,鮫,jiāo,1,1,,鲛,shark
U+9BAD,鮭,guī,14,6,,鲑,salmon; Spheroides vermicularis
U+9BAE,鮮,xiān,178,138,,鲜,"fresh, new, delicious; rare, few"
U+9BC9,鯉,lǐ,29,22,,鲤,carp
U+9BCA,鯊,shā,1,1,,鲨,shark
U+9BD4,鯔,zī,1,1,,鲻,mullet
U+9BD5,鯕,qí,1,1,,鲯,Coryphaena hippurus
U+9BDB,鯛,diāo,1,1,,鲷,"Pagrosomus major, porgy"
U+9BE2,鯢,ní,4,2,,鲵,Cryptobranchus japonicus; a salamander
U+9BE4,鯤,kūn,6,5,,鲲,spawn; roe; fry
U+9BE8,鯨,jīng,28,13,,鲸,whale
U+9BF0,鯰,nián,1,1,,鲶,sheat
U+9BFD,鯽,zéi,3,2,,鲫,"Carassius auratus, crucian carp"
U+9C02,鰂,zéi,1,1,,鲗,cuttlefish
U+9C0D,鰍,qiū,2,1,,鳅,loach
U+9C24,鰤,shī,13,10,,𫚕,a yellowtail (fish)
U+9C29,鰩,yáo,3,1,,鳐,the nautilus; the ray
U+9C2D,鰭,qí,10,7,,鳍,fin
U+9C32,鰲,áo,21,9,,鳌,huge sea turtle
U+9C3B,鰻,mán,45,14,,鳗,eel
U+9C41,鱁,zhú,1,1,,𱈏,
U+9C48,鱈,xuě,2,1,,鳕,codfish
U+9C49,鱉,biē,2,2,,鳖,turtle
U+9C52,鱒,zūn,1,1,,鳟,barbel
U+9C54,鱔,shàn,5,3,,鳝,eel
U+9C56,鱖,guì,6,3,,鳜,mandarin fish
U+9C57,鱗,lín,17,14,,鳞,fish scales
U+9C77,鱷,è,3,3,,"鳄,𱈚","crocodile, alligator"
U+9C78,鱸,lú,1,1,,鲈,"sea perch, sea bass"
U+9C7C,鱼,yú,847,476,魚,,fish; surname; Kangxi radical 195
U+9C7F,鱿,yóu,21,16,魷,,cuttlefish
U+9C81,鲁,lǔ,400,321,魯,,"foolish, stupid, rash; vulgar"
U+9C83,鲃,bā,1,1,䰾,,"a kind of fish; a bonito, (same as 鮁) shark"
U+9C87,鲇,nián,3,3,鮎,,"sheatfish, Parasilurus asotus"
U+9C88,鲈,lú,7,7,鱸,,"sea perch, sea bass"
U+9C8D,鲍,bào,244,197,鮑,,abalone; dried fish; surname
U+9C8E,鲎,hòu,1,1,鱟,,king crab
U+9C91,鲑,guī,13,8,鮭,,salmon; Spheroides vermicularis
U+9C94,鲔,wěi,2,1,鮪,,"kind of sturgeon, tuna"
U+9C9C,鲜,xiān,922,687,鮮,,fresh; delicious; attractive
U+9C9E,鲞,xiǎng,2,1,"鮝,鯗",,dried fish
U+9C9F,鲟,xún,7,4,鱘,,sturgeon
U+9CA3,鲣,jiān,2,2,鰹,,"skipjack, bonito"
U+9CA4,鲤,lǐ,17,10,鯉,,carp
U+9CA8,鲨,shā,30,16,鯊,,shark
U+9CAB,鲫,jì,4,2,鯽,,"Carassius auratus, crucian carp"
U+9CAD,鲭,qīng,5,2,鯖,,mackerel
U+9CAE,鲮,líng,2,2,鯪,,carp
U+9CB1,鲱,fēi,3,1,鯡,,herring
U+9CB2,鲲,kūn,4,4,鯤,,spawn; roe; fry
U+9CB3,鲳,chāng,1,1,鯧,,"the silvery pomfret, Stromateoides argenteus"
U+9CB5,鲵,ní,1,1,鯢,,Cryptobranchus japonicus; a salamander
U+9CB6,鲶,nián,1,1,鯰,,sheat
U+9CB7,鲷,diāo,3,2,鯛,,"Pagrosomus major, porgy"
U+9CB8,鲸,jīng,88,41,鯨,,whale
U+9CBB,鲻,zī,1,1,鯔,,mullet
U+9CC0,鳀,tí,2,2,鯷,,anchovy
U+9CC3,鳃,sāi,1,1,鰓,,fish gills
U+9CC4,鳄,è,33,21,"鰐,鱷",,alligator
U+9CC5,鳅,qiū,2,1,鰍,,loach
U+9CCC,鳌,áo,19,14,鰲,,huge sea turtle
U+9CCD,鳍,qí,15,12,鰭,,fin
U+9CD0,鳐,yáo,1,1,鰩,,the nautilus; the ray
U+9CD4,鳔,biào,3,3,鰾,,swimming bladder of fish
U+9CD5,鳕,xuě,2,1,鱈,,codfish
U+9CD6,鳖,biē,1,1,鱉,,turtle
U+9CD7,鳗,mán,49,13,鰻,,eel
U+9CDC,鳜,guì,16,5,鱖,,mandarin fish
U+9CDD,鳝,shàn,7,5,鱔,,eel
U+9CDE,鳞,lín,8,7,鱗,,fish scales
U+9CDF,鳟,zūn,2,2,鱒,,barbel
U+9CE1,鳡,gǎn,1,1,鱤,,
U+9CE5,鳥,niǎo,221,126,,鸟,bird; Kangxi radical 196
U+9CF3,鳳,fèng,50,38,,凤,male phoenix; symbol of joy
U+9CF4,鳴,míng,71,61,,鸣,cry of bird or animal; make sound
U+9CFD,鳽,jiān,2,2,,𫛚,
U+9D09,鴉,yā,8,5,,鸦,"crow, raven; Corvus species (various)"
U+9D15,鴕,tuó,10,2,,鸵,ostrich; Struthio camelus
U+9D1B,鴛,yuān,2,2,,鸳,male mandarin duck (Aix galericulata)
U+9D1D,鴝,qú,1,1,,鸲,mynah; Erithacus species (various)
U+9D1E,鴞,xiāo,7,4,,鸮,owl
U+9D1F,鴟,chī,8,4,,鸱,"kite, horned owl; wine cups"
U+9D26,鴦,yāng,2,2,,鸯,female mandarin duck (Aix galericulata)
U+9D28,鴨,yā,33,21,,鸭,duck; Anas species (various)
U+9D3B,鴻,hóng,71,39,,鸿,species of wild swan; vast
U+9D3F,鴿,gē,14,10,,鸽,"pigeon, dove; Columba species (various)"
U+9D51,鵑,juān,14,4,,鹃,cuckoo
U+9D59,鵙,jú,2,1,,𱉐,shrike; Lanius species (various)
U+9D5C,鵜,tí,1,1,,鹈,pelican
U+9D5D,鵝,é,44,25,,鹅,goose
U+9D5F,鵟,kuáng,3,1,,𫛭,
U+9D60,鵠,hú,1,1,,鹄,target
U+9D61,鵡,wǔ,8,7,,鹉,species of parrot
U+9D6C,鵬,péng,28,20,,鹏,fabulous bird of enormous size
U+9D70,鵰,diāo,3,2,,𫛲,"eagle, vulture; Aquila species (various)"
U+9D72,鵲,què,7,3,,鹊,magpie; Pica species (various)
U+9D87,鶇,dōng,6,2,,鸫,thrush; Turdus species (various)
U+9D98,鶘,hú,1,1,,鹕,pelican
U+9D9A,鶚,è,1,1,,鹗,"osprey, fishhawk; Pandion haliaetus"
U+9DA9,鶩,wù,2,2,,鹜,duck
U+9DAF,鶯,yīng,1,1,,莺,"oriole, green finch; Sylvia species (various)"
U+9DB2,鶲,wēng,1,1,,鹟,flycatcher
U+9DB4,鶴,hè,39,21,,鹤,crane; Grus species (various)
U+9DC4,鷄,jī,4,4,,鸡,chicken
U+9DC9,鷉,tī,2,2,,䴘,grebe
U+9DD7,鷗,ōu,24,10,,鸥,"seagull, tern; Larus species (various)"
U+9DF2,鷲,jiù,1,1,,鹫,"condor, vulture"
U+9DF3,鷳,xián,1,1,,鹇,"the silver pheasant, Lophura nycthemera"
U+9DF9,鷹,yīng,21,15,,鹰,"eagle, falcon; Accipiter species (various)"
U+9DFA,鷺,lù,29,17,,鹭,"heron, egret; Ardea species (various)"
U+9E0A,鸊,pì,2,2,,䴙,"little grebe, dabchick (Tachybaptus ruficollis)"
U+9E1A,鸚,yīng,8,7,,鹦,parrot
U+9E1B,鸛,guàn,6,2,,鹳,"crane, Grus japonensis; stork; Ciconia species (various)"
U+9E1F,鸟,niǎo,306,194,鳥,,bird; Kangxi radical 196
U+9E20,鸠,jiū,2,2,鳩,,"pigeon; collect, assemble"
U+9E21,鸡,jī,543,319,"雞,鷄",,chicken
U+9E22,鸢,yuān,2,2,鳶,,kite; Milvus species (various)
U+9E23,鸣,míng,102,95,鳴,,cry of bird or animal; make sound
U+9E25,鸥,ōu,21,14,鷗,,"seagull, tern; Larus species (various)"
U+9E26,鸦,yā,20,16,鴉,,crow; Corvus species (various)
U+9E28,鸨,bǎo,1,1,鴇,,bustard; procuress; Otis species (various)
U+9E2C,鸬,lú,5,4,鸕,,cormorant
U+9E2D,鸭,yā,88,63,鴨,,duck; Anas species (various)
U+9E2E,鸮,xiāo,2,2,鴞,,owl
U+9E2F,鸯,yāng,11,8,鴦,,female mandarin duck (Aix galericulata)
U+9E30,鸰,líng,1,1,鴒,,species of lark; wagtail; Motacilla species (various)
U+9E33,鸳,yuān,11,8,鴛,,male mandarin duck (Aix galericulata)
U+9E35,鸵,tuó,4,2,鴕,,ostrich
U+9E3D,鸽,gē,27,18,鴿,,"pigeon, dove; Columba species (various)"
U+9E3E,鸾,luán,3,2,鸞,,fabulous bird
U+9E3F,鸿,hóng,261,207,鴻,,species of wild swan; vast
U+9E41,鹁,bó,1,1,鵓,,species of pigeon
U+9E43,鹃,juān,9,4,鵑,,cuckoo
U+9E45,鹅,é,109,71,鵝,,goose
U+9E48,鹈,tí,2,1,鵜,,pelican
U+9E49,鹉,wǔ,19,12,鵡,,species of parrot
U+9E4A,鹊,què,17,15,鵲,,magpie; Pica species (various)
U+9E4C,鹌,ān,5,4,鵪,,quail; Coturnix coturnix
U+9E4F,鹏,péng,99,81,鵬,,fabulous bird of enormous size
U+9E51,鹑,chún,5,4,鶉,,quail; Turnix species (various)
U+9E55,鹕,hú,2,1,鶘,,pelican
U+9E58,鹘,gǔ,1,1,鶻,,a kind of pigeon; Treron permagna
U+9E5A,鹚,cí,5,4,鷀,,cormorant
U+9E5B,鹛,méi,2,1,鶥,,"babbler, Timaliidae species (various); thrush"
U+9E5C,鹜,wù,4,4,鶩,,duck
U+9E61,鹡,jí,1,1,鶺,,wagtail
U+9E64,鹤,hè,84,62,鶴,,crane; Grus species (various)
U+9E66,鹦,yīng,22,14,鸚,,parrot
U+9E6B,鹫,jiù,2,2,鷲,,"condor, vulture"
U+9E6C,鹬,yù,5,4,鷸,,"snipe, kingfisher"
U+9E6D,鹭,lù,48,35,鷺,,"heron, egret; Ardea species (various)"
U+9E6E,鹮,huán,12,5,䴉,,spoonbill; ibis; family Threskiornidae
U+9E70,鹰,yīng,78,67,鷹,,falcon; Accipiter species (various)
U+9E73,鹳,guàn,21,13,鸛,,"crane, Grus japonensis; stork; Ciconia species (various)"
U+9E75,鹵,lǔ,2,2,,卤,"saline soil; natural salt, rock salt; Kangxi radical 197"
U+9E79,鹹,xián,4,3,,咸,"salty, briny; salted; pickled"
U+9E7C,鹼,jiǎn,10,8,,硷,"alkaline, alkali, lye, salt"
U+9E7D,鹽,yán,83,39,,盐,salt
U+9E7F,鹿,lù,185,117,,,deer; surname; Kangxi radical 198
U+9E82,麂,jǐ,3,2,,,"muntjac, barking deer; Muntiacus species (various)"
U+9E8B,麋,mí,27,10,,,"Père David's deer, milu, elaphure (Elaphurus davidianus); surname"
U+9E92,麒,qí,70,41,,,legendary auspicious animal
U+9E93,麓,lù,41,38,,,foothill
U+9E97,麗,lì,337,264,,丽,"beautiful, magnificent, elegant"
U+9E9D,麝,shè,7,2,,,musk deer
U+9E9F,麟,lín,132,90,,,female of Chinese unicorn
U+9EA5,麥,mài,144,93,,麦,"wheat, barley, oats; Kangxi radical 199"
U+9EA6,麦,mài,613,437,"麥,麦",麦,"wheat, barley, oats; simplified form of Kangxi radical 199"
U+9EA9,麩,fū,1,1,,麸,bran
U+9EB4,麴,qū,3,3,,麹,"yeast, leaven; surname"
U+9EB5,麵,miàn,85,43,,面,"flour, dough, noodles"
U+9EB9,麹,qū,18,15,麴,,"yeast, leaven; surname"
U+9EBB,麻,má,327,244,,,"hemp, jute, flax; sesame; Kangxi radical 200"
U+9EBC,麼,me,379,327,,么,"interrogative final particle; insignificant, small, tiny"
U+9EBD,麽,mó,15,15,,么,"interrogative final particle; insignificant, small, tiny"
U+9EBE,麾,huī,27,27,,,"a pennant, flag, banner; to signal to"
U+9EC3,黃,huáng,719,452,,黄,yellow; surname; Kangxi radical 201
U+9EC4,黄,huáng,2067,1494,"黃,黄",黄,yellow; surname
U+9ECD,黍,shǔ,1,1,,,glutinous millet; Kangxi radical 202
U+9ECE,黎,lí,701,536,,,"surname; numerous, many; black"
U+9ECF,黏,nián,19,16,,,"stick to; glutinous, sticky; glue"
U+9ED1,黑,hēi,1257,1035,,,"black; dark; evil, sinister; Kangxi radical 203"
U+9ED4,黔,qián,57,42,,,black; Guizhou
U+9ED8,默,mò,384,301,,,"silent; quiet, still; dark"
U+9ED9,黙,mò,2,2,,,"silent; quiet, still; dark"
U+9EDB,黛,dài,31,28,,,blacken eyebrows; black
U+9EDC,黜,chù,1,1,,,"dismiss; demote, downgrade"
U+9EDD,黝,yǒu,3,3,,,black
U+9EDE,點,diǎn,1209,974,,点,"dot, speck, spot; point, degree"
U+9EDF,黟,yī,11,11,,,black and shining; ebony
U+9EE8,黨,dǎng,444,259,,党,"political party, gang, faction"
U+9EEF,黯,àn,32,32,,,"dark, black; sullen, dreary"
U+9EF4,黴,méi,7,4,,霉,"mold, mildew; bacteria, fungi"
U+9EF7,黷,dú,1,1,,黩,"to dishonor, defile, corrupt; soiled"
U+9EFF,黿,yuán,1,1,,鼋,"large turtle, sea turtle"
U+9F0B,鼋,yuán,1,1,黿,,"large turtle, sea turtle"
U+9F0E,鼎,dǐng,60,50,,,"large, three-legged bronze caldron; Kangxi radical 206; hexagram ䷱"
U+9F10,鼐,nài,1,1,,,incense tripod
U+9F13,鼓,gǔ,383,342,,,"drum; beat, top, strike; Kangxi radical 207"
U+9F20,鼠,shǔ,144,86,,,"rat, mouse; Kangxi radical 208"
U+9F2C,鼬,yòu,2,2,,,"weasel, Mustela itatsi"
U+9F2F,鼯,wú,2,1,,,flying squirrel
U+9F3B,鼻,bí,71,61,,,nose; first; Kangxi radical 209
U+9F3E,鼾,hān,1,1,,,snore loudly
U+9F4A,齊,qí,171,138,,齐,"even, uniform, of equal length; Kangxi radical 210"
U+9F4B,齋,zhāi,7,5,,斋,"vegetarian diet; study; to fast, abstain"
U+9F50,齐,qí,297,259,齊,,"even, uniform, of equal length"
U+9F51,齑,jī,1,1,齏,,"break or smash into pieces, pulverize; hash"
U+9F52,齒,chǐ,12,11,,齿,"teeth; gears, cogs; age; Kangxi radical 211"
U+9F61,齡,líng,79,66,,龄,age; years
U+9F76,齶,è,1,1,,腭,"palate, roof of mouth"
U+9F7F,齿,chǐ,36,33,齒,,"teeth; gears, cogs; age; simplified form of the Kangxi radical 211"
U+9F84,龄,líng,273,229,齡,,age; years
U+9F88,龈,yín,2,2,齦,,gums
U+9F8D,龍,lóng,679,408,,龙,dragon; Kangxi radical 212
U+9F90,龐,páng,17,16,,庞,"disorderly, messy; huge, big"
U+9F94,龔,gōng,4,3,,龚,"give, present; reverential"
U+9F96,龖,dá,1,1,,𱍂,flight of a dragon
U+9F98,龘,dá,1,1,,𮹝,the appearance of a dragon walking
U+9F99,龙,lóng,1238,898,龍,,dragon; symbolic of emperor
U+9F9A,龚,gōng,2,2,龔,,"give, present; reverential"
U+9F9C,龜,guī,12,7,,龟,turtle or tortoise; cuckold; Kangxi radical 213
U+9F9F,龟,guī,30,20,"龜,龟",龟,turtle or tortoise; cuckold
